GEO.id2,HD01_VD01,HD01_VD02,HD02_VD02,HD01_VD03,HD02_VD03,HD01_VD04,HD02_VD04,HD01_VD05,HD02_VD05,HD01_VD06,HD02_VD06,HD01_VD07,HD02_VD07,HD01_VD08,HD02_VD08,HD01_VD09,HD02_VD09,HD01_VD10,HD02_VD10,HD01_VD11,HD02_VD11,HD01_VD12,HD02_VD12,HD01_VD13,HD02_VD13,HD01_VD14,HD02_VD14,HD01_VD15,HD02_VD15,HD01_VD16,HD02_VD16,HD01_VD17,HD02_VD17
zip,total,"1000,00","Margin of Error; Total: - Less than $10,000","Estimate; Total: - $10,000 to $14,999","Margin of Error; Total: - $10,000 to $14,999","Estimate; Total: - $15,000 to $19,999","Margin of Error; Total: - $15,000 to $19,999","Estimate; Total: - $20,000 to $24,999","Margin of Error; Total: - $20,000 to $24,999","Estimate; Total: - $25,000 to $29,999","Margin of Error; Total: - $25,000 to $29,999","Estimate; Total: - $30,000 to $34,999","Margin of Error; Total: - $30,000 to $34,999","Estimate; Total: - $35,000 to $39,999","Margin of Error; Total: - $35,000 to $39,999","Estimate; Total: - $40,000 to $44,999","Margin of Error; Total: - $40,000 to $44,999","Estimate; Total: - $45,000 to $49,999","Margin of Error; Total: - $45,000 to $49,999","Estimate; Total: - $50,000 to $59,999","Margin of Error; Total: - $50,000 to $59,999","Estimate; Total: - $60,000 to $74,999","Margin of Error; Total: - $60,000 to $74,999","Estimate; Total: - $75,000 to $99,999","Margin of Error; Total: - $75,000 to $99,999","Estimate; Total: - $100,000 to $124,999","Margin of Error; Total: - $100,000 to $124,999","Estimate; Total: - $125,000 to $149,999","Margin of Error; Total: - $125,000 to $149,999","Estimate; Total: - $150,000 to $199,999","Margin of Error; Total: - $150,000 to $199,999","Estimate; Total: - $200,000 or more","Margin of Error; Total: - $200,000 or more"
98001,11092,530,175,418,135,204,92,367,119,254,88,450,146,260,105,516,165,501,134,789,172,1505,247,1836,258,1276,242,920,198,836,191,430,143
98002,13013,1239,245,699,185,858,201,808,171,850,161,818,186,702,160,540,144,684,151,1329,242,1431,250,1574,225,701,156,334,122,363,144,83,42
98003,17780,1441,358,1138,225,972,248,1024,234,998,270,922,218,1089,300,1233,254,751,205,1295,241,2110,351,2083,317,1005,189,794,224,592,150,333,123
98004,14740,620,170,501,185,319,149,392,162,364,121,411,142,443,169,421,162,410,148,567,153,1183,338,1685,305,1730,311,1326,243,1515,258,2853,357
98005,7579,210,86,181,85,197,75,209,94,179,76,242,105,174,73,342,117,233,100,442,142,926,190,1122,219,783,168,665,164,574,134,1100,161
98006,13102,377,122,123,65,206,81,323,127,200,102,467,174,292,109,384,117,299,106,618,191,826,179,1685,293,1486,231,1331,188,1867,235,2618,248
98007,10271,678,195,222,111,237,83,480,174,277,107,250,120,361,132,486,165,425,146,564,187,1129,264,1668,272,1063,181,820,230,746,156,865,203
98008,8918,261,109,222,88,140,49,299,102,289,102,259,94,359,125,432,138,247,81,631,152,722,150,1060,165,1049,157,758,164,813,148,1377,164
98010,1882,56,53,0,12,42,35,73,51,83,63,125,46,39,32,112,59,70,53,187,90,227,79,164,68,287,97,89,53,210,77,118,68
98011,12426,513,123,396,116,486,144,318,107,577,206,398,131,387,138,533,166,546,152,827,191,1234,210,1530,230,1499,310,1029,185,1260,200,893,177
98012,20290,603,186,331,110,385,128,542,199,498,155,491,166,696,203,768,234,758,213,1291,287,1952,305,3630,355,3011,361,1830,297,2045,317,1459,244
98014,2542,67,40,47,43,46,27,58,38,57,33,36,31,50,47,52,28,114,78,195,89,138,43,454,114,235,94,332,101,297,110,364,93
98019,3915,196,113,49,72,116,96,118,81,44,45,150,92,18,29,63,53,230,121,335,131,283,120,585,184,454,151,302,107,611,157,361,119
98020,8326,501,151,194,92,250,103,287,127,301,125,280,104,205,116,254,100,381,144,480,152,796,201,991,210,852,173,764,157,588,139,1202,217
98021,10454,284,125,115,61,215,71,326,111,207,98,243,111,128,59,324,126,456,164,752,160,1022,192,1444,251,1488,274,1139,197,1271,208,1040,196
98022,8384,438,148,283,92,301,125,333,130,404,123,428,208,313,98,372,127,241,81,718,162,754,180,1125,213,912,162,582,156,685,164,495,123
98023,17500,481,173,456,158,697,190,929,256,737,202,816,229,780,197,754,206,679,167,1570,301,1660,270,2474,361,2127,332,1245,227,1251,188,844,182
98024,2056,30,24,0,17,23,35,96,81,46,42,77,68,46,35,28,26,116,75,71,49,127,74,379,134,215,101,239,120,181,93,382,120
98026,14573,377,130,346,128,563,176,595,193,417,129,708,180,575,179,574,136,611,151,1006,222,1581,304,2109,285,1600,282,1281,215,1355,218,875,156
98027,10819,310,133,148,88,223,124,245,115,132,73,314,143,208,89,331,119,466,148,538,168,1088,209,1290,236,1170,226,869,208,1512,264,1975,255
98028,8001,425,143,219,88,240,107,362,143,161,79,113,56,344,99,146,93,228,85,456,171,626,140,1225,193,1106,186,767,164,793,153,790,158
98029,10457,434,160,231,142,196,97,245,132,263,116,268,128,296,134,154,79,161,91,630,227,1023,264,1356,313,1442,222,1000,171,1308,222,1450,321
98030,11591,1010,266,654,200,555,172,696,189,673,249,590,174,448,161,650,198,333,131,802,216,1374,219,1253,247,1245,251,637,175,401,126,270,115
98031,12244,624,178,431,140,390,120,654,186,518,183,557,147,512,134,575,146,434,136,823,190,1374,202,1981,227,1444,189,669,138,821,172,437,119
98032,13554,1029,221,610,157,928,224,772,184,900,206,779,193,774,197,652,184,694,203,1300,245,1424,293,1362,247,788,192,741,210,592,197,209,114
98033,15337,554,170,228,108,423,163,247,105,287,92,343,121,453,123,696,202,399,119,636,143,1187,225,1718,260,2209,312,1457,200,1937,270,2563,276
98034,17064,572,175,403,122,340,140,486,180,490,186,775,176,768,192,706,189,714,177,1174,271,1691,263,2114,304,2440,330,1190,215,1674,231,1527,282
98036,14098,800,228,478,161,617,193,757,194,623,152,603,187,529,201,735,252,549,178,979,189,1536,305,1743,247,1300,246,1285,251,1021,181,543,146
98037,10103,662,218,247,94,350,127,426,146,389,129,630,175,403,137,505,157,403,123,1000,198,1206,182,1322,224,1052,205,534,121,627,135,347,106
98038,11823,238,101,174,90,284,121,321,124,255,105,322,104,374,126,296,130,236,105,778,188,1282,221,1793,249,1838,230,1266,211,1291,187,1075,172
98039,1054,29,25,10,11,18,22,4,7,6,9,11,11,22,17,34,28,10,11,36,30,38,18,50,20,65,30,73,38,158,43,490,62
98040,9431,349,137,148,83,132,71,317,122,156,81,229,86,193,73,247,91,239,102,366,114,470,121,980,182,858,155,734,145,1080,171,2933,249
98042,15890,354,152,276,106,190,91,449,145,339,126,499,132,465,133,461,133,641,179,893,223,2041,298,2637,391,2293,299,1913,297,1579,276,860,174
98043,8225,284,110,389,160,252,112,285,106,414,137,384,122,454,162,401,123,460,138,651,169,1131,197,1371,226,852,184,318,122,386,124,193,85
98045,5551,197,110,153,113,197,89,131,75,112,87,97,59,147,82,150,74,313,148,338,144,582,188,805,201,694,161,483,161,540,147,612,165
98047,2290,295,112,42,29,68,47,75,50,67,59,150,88,112,58,120,78,112,66,264,98,319,106,277,112,295,108,51,31,25,24,18,22
98050,55,0,12,0,12,0,12,0,12,0,12,0,12,0,12,0,12,0,12,0,12,0,12,0,12,0,12,0,12,0,12,55,57
98051,1262,64,64,11,16,26,29,11,17,25,30,35,35,26,25,60,57,23,26,68,43,209,103,284,92,93,50,53,37,206,94,68,35
98052,24893,820,235,750,198,386,146,600,185,570,167,581,209,686,205,727,203,444,137,1281,247,2196,301,3025,341,3123,351,2459,299,3256,393,3989,342
98053,7757,103,61,36,40,131,78,141,71,125,63,89,55,218,94,110,58,258,103,298,83,645,161,855,191,995,174,867,170,1168,174,1718,229
98055,8659,400,119,190,110,307,121,327,135,369,156,472,139,366,116,330,122,438,161,787,186,1072,218,1582,235,732,173,521,167,429,137,337,117
98056,13160,373,122,526,159,468,140,429,146,393,127,557,154,602,161,738,212,453,150,942,187,1250,247,2098,341,1581,246,857,210,954,177,939,198
98057,5496,479,177,403,145,470,168,470,187,299,150,278,141,217,129,360,194,187,96,343,133,529,171,736,238,262,124,155,87,85,56,223,118
98058,15538,514,116,353,119,350,152,398,113,589,170,618,173,432,132,645,160,454,131,1071,199,1709,214,2427,280,2245,287,1099,222,1564,220,1070,183
98059,13032,309,135,174,84,337,134,332,140,464,163,339,141,211,92,370,142,308,92,625,172,1470,277,2031,299,1741,230,1324,223,1649,244,1348,212
98065,4482,34,38,6,8,16,20,59,50,72,61,67,54,99,47,61,45,61,46,192,97,209,103,586,139,840,225,537,144,1012,222,631,138
98068,132,0,12,5,10,0,12,3,5,10,17,0,12,4,7,38,33,0,12,15,18,14,18,7,8,32,29,4,7,0,12,0,12
98070,4704,254,155,51,48,265,157,139,100,89,67,234,107,299,132,187,78,221,136,148,80,607,161,588,206,465,140,383,140,397,146,377,118
98072,8586,201,120,174,103,93,66,155,66,292,99,205,104,216,89,316,154,281,129,514,140,429,131,1008,214,1126,186,777,128,1098,193,1701,212
98074,8704,151,67,180,125,96,56,77,54,122,77,110,54,60,47,107,53,81,54,262,90,448,145,784,189,1225,191,1027,229,1654,207,2320,253
98075,7090,76,47,72,51,48,61,68,47,68,41,46,45,61,40,49,37,134,75,173,113,366,99,715,156,893,205,790,183,1296,200,2235,215
98077,4742,167,103,18,27,35,30,43,34,19,25,138,87,86,54,77,41,138,77,128,67,260,99,543,139,465,135,547,169,777,160,1301,208
98087,11528,516,171,348,131,289,119,517,172,435,160,524,161,366,141,615,192,544,214,1206,279,1112,242,1992,287,1399,272,746,205,544,129,375,133
98092,14978,614,168,315,131,331,157,489,146,455,142,536,173,787,221,816,235,514,143,1427,287,1495,275,2380,299,1648,219,1223,211,1202,199,746,177
98101,7637,1041,253,681,174,488,156,416,144,326,109,243,117,267,116,209,85,234,111,422,138,315,103,793,205,617,179,359,137,550,179,676,210
98102,14117,824,254,421,144,448,183,329,129,628,256,407,162,624,222,579,199,523,178,1427,305,1512,294,1772,329,1454,307,1093,328,862,188,1214,234
98103,22736,924,236,511,141,473,161,862,210,738,168,955,210,675,182,1049,218,998,233,1660,257,2242,303,2901,370,2452,286,1840,275,2253,306,2203,281
98104,7038,1526,236,629,156,435,125,470,138,416,146,485,146,237,90,183,85,216,97,338,122,453,128,504,158,317,106,200,108,214,107,415,113
98105,15190,3243,365,703,173,623,166,756,201,547,178,524,135,432,129,575,186,393,115,1029,231,864,201,1116,238,1152,242,580,149,732,160,1921,228
98106,10002,749,189,441,159,768,203,474,141,548,163,371,116,384,137,434,147,573,192,653,165,1268,206,1258,250,631,175,451,111,663,178,336,131
98107,11829,544,225,347,121,287,108,259,124,308,117,714,290,407,187,531,192,547,210,1130,265,1211,240,1837,339,1415,321,732,245,748,196,812,185
98108,7886,714,191,413,126,356,102,415,140,288,125,344,115,506,136,243,107,435,159,637,174,792,193,862,132,659,150,481,155,417,137,324,110
98109,13043,498,162,210,103,220,91,239,121,410,144,561,211,515,177,544,233,416,188,1065,244,1145,230,2392,394,1501,278,999,242,1209,247,1119,223
98110,9404,352,123,182,88,339,133,237,103,215,101,295,106,360,153,301,131,303,133,414,147,775,203,1067,199,994,177,777,167,1133,177,1660,219
98112,10395,558,180,117,57,320,165,198,99,249,117,423,158,287,142,380,133,300,121,599,133,851,208,873,196,911,167,834,198,1218,204,2277,249
98115,20694,1119,206,343,114,471,121,571,135,759,162,676,152,655,175,901,146,662,148,1169,209,1612,234,2573,289,2266,265,1699,201,2320,239,2898,250
98116,11398,530,191,360,131,346,134,164,90,576,182,451,140,432,153,427,131,552,173,763,171,1178,245,1384,272,1170,218,779,170,1152,194,1134,241
98117,13588,291,105,345,107,328,95,237,94,366,135,369,110,263,85,416,136,514,150,960,203,1296,194,2057,273,1689,242,1550,236,1691,296,1216,211
98118,15804,1687,302,854,199,709,187,638,197,873,191,862,213,481,142,595,151,630,200,1289,270,1365,243,2047,334,1251,215,774,183,894,194,855,176
98119,11390,611,179,373,127,341,192,459,180,238,120,500,190,382,128,369,142,427,179,781,193,1241,247,1445,289,900,198,637,179,806,254,1880,278
98121,8887,1072,302,492,161,573,229,176,90,223,134,246,146,304,168,233,107,291,166,444,169,584,219,1287,331,899,247,372,153,720,242,971,273
98122,16183,1402,259,762,206,1030,342,674,184,927,209,688,202,611,190,554,158,831,197,936,217,1252,283,2020,324,1167,246,1001,204,920,198,1408,233
98125,17540,1621,280,938,221,755,206,1014,220,928,220,660,173,758,221,873,203,855,215,1253,254,1630,280,1887,271,1542,241,648,158,1128,203,1050,201
98126,9349,574,150,474,151,359,129,449,163,250,89,415,132,347,128,295,117,251,121,735,181,999,211,1160,223,862,186,662,144,735,171,782,141
98133,20489,1803,341,939,195,1223,306,874,189,856,198,1302,284,640,168,1218,237,940,207,1541,268,2532,356,2100,255,1711,269,968,186,1347,251,495,115
98134,222,16,26,14,15,4,7,18,20,5,8,31,34,0,12,66,56,23,29,5,8,20,18,11,13,4,6,0,12,5,10,0,12
98136,7111,200,122,140,78,326,128,160,79,330,104,225,102,224,128,277,101,279,149,521,133,630,157,680,183,961,192,594,157,727,161,837,170
98144,12033,1263,254,693,198,583,186,453,167,453,137,508,189,413,163,365,141,513,180,758,202,1203,284,1334,293,1037,210,723,159,861,207,873,157
98146,9388,631,206,523,173,466,174,435,149,397,152,427,144,373,121,532,164,506,190,699,134,1055,167,1087,191,686,146,553,124,593,139,425,115
98148,4135,304,104,235,104,142,75,232,96,194,91,321,133,307,96,229,100,232,105,319,98,514,150,501,152,245,76,161,66,158,59,41,43
98154,0,0,12,0,12,0,12,0,12,0,12,0,12,0,12,0,12,0,12,0,12,0,12,0,12,0,12,0,12,0,12,0,12
98155,13276,759,186,438,115,580,167,534,190,363,128,353,108,507,172,481,155,546,166,1080,215,1216,208,1899,311,1517,239,884,168,1054,189,1065,208
98158,0,0,12,0,12,0,12,0,12,0,12,0,12,0,12,0,12,0,12,0,12,0,12,0,12,0,12,0,12,0,12,0,12
98164,47,13,20,0,12,0,12,0,12,0,12,0,12,0,12,0,12,0,12,0,12,9,15,25,23,0,12,0,12,0,12,0,12
98166,8596,517,165,343,151,188,98,535,175,268,112,471,157,275,94,424,104,294,125,662,187,872,190,967,191,658,160,666,173,757,160,699,134
98168,11532,679,208,643,175,620,193,787,200,731,194,517,129,662,159,516,174,606,156,1087,218,1462,238,1213,192,895,179,504,126,451,152,159,64
98174,0,0,12,0,12,0,12,0,12,0,12,0,12,0,12,0,12,0,12,0,12,0,12,0,12,0,12,0,12,0,12,0,12
98177,7628,268,117,280,98,171,81,130,65,226,107,321,136,263,89,214,93,195,68,420,140,721,139,843,164,927,201,650,129,841,131,1158,177
98178,8583,457,183,265,109,483,134,443,175,447,206,348,125,412,118,187,105,527,185,743,194,703,215,1265,282,1075,267,659,154,324,117,245,92
98188,9712,784,258,530,180,484,177,806,234,745,234,842,275,606,159,507,146,495,190,823,221,1060,229,812,154,450,122,295,124,384,123,89,52
98195,0,0,12,0,12,0,12,0,12,0,12,0,12,0,12,0,12,0,12,0,12,0,12,0,12,0,12,0,12,0,12,0,12
98198,12876,760,189,447,144,431,123,661,234,556,138,726,208,637,181,948,252,499,147,1260,240,1597,239,1657,255,1311,205,441,124,487,115,458,156
98199,9122,221,84,97,77,212,98,248,124,290,125,322,129,361,134,442,148,392,144,560,153,799,217,1063,273,849,234,631,184,1098,209,1537,207
98201,12418,1384,239,958,212,903,176,628,146,551,126,661,153,719,182,629,173,636,143,974,193,1175,216,1543,207,742,176,390,111,297,81,228,75
98203,13244,722,188,542,147,616,178,874,220,754,223,600,178,600,176,574,173,459,154,1209,245,1104,205,1865,270,1398,219,771,163,706,135,450,109
98204,16139,1218,269,888,226,952,247,1127,266,729,189,1203,326,1008,248,1223,326,761,204,1374,295,2103,360,1812,300,737,175,543,164,308,123,153,94
98205,4251,135,71,65,45,217,118,140,76,132,84,143,72,74,50,160,62,104,50,455,160,611,179,632,149,559,150,425,124,276,114,123,52
98207,0,0,12,0,12,0,12,0,12,0,12,0,12,0,12,0,12,0,12,0,12,0,12,0,12,0,12,0,12,0,12,0,12
98208,19249,909,213,458,126,504,140,691,181,747,215,735,196,737,217,676,187,607,117,1428,241,2188,332,3653,386,2754,306,1253,184,1232,233,677,139
98220,281,0,12,0,12,72,92,0,12,0,12,49,79,0,12,0,12,42,47,0,12,0,12,36,39,82,82,0,12,0,12,0,12
98221,9026,534,60,442,61,418,62,386,63,405,43,414,54,437,52,379,55,330,53,707,74,975,94,1329,88,867,71,477,57,493,48,433,43
98222,34,3,4,0,12,0,12,2,4,2,3,0,12,3,4,3,4,0,12,5,5,5,4,4,5,2,3,0,12,0,12,5,4
98223,14796,678,202,480,171,422,138,588,167,497,145,824,193,583,160,537,159,676,193,1198,188,1915,281,2307,336,1692,262,1135,216,882,180,382,122
98224,162,19,22,14,16,13,14,27,25,7,8,8,13,11,18,13,13,3,5,14,20,14,15,19,22,0,12,0,12,0,12,0,12
98225,19242,2631,419,1496,258,1431,286,1223,252,1162,257,1165,237,991,248,793,189,656,159,1433,243,1745,291,1737,244,1247,237,475,165,630,183,427,129
98226,16275,1281,286,783,208,930,251,914,303,599,170,795,208,646,174,735,226,579,144,1334,248,1647,252,2700,341,1604,308,598,156,647,169,483,129
98229,12588,795,247,636,195,554,168,501,153,490,158,670,231,558,186,490,184,391,135,1249,272,1522,291,1805,324,1017,188,710,183,751,222,449,136
98230,6719,385,150,339,160,348,125,282,101,295,108,349,151,303,137,348,157,254,116,533,142,801,195,741,157,796,195,299,134,424,149,222,118
98232,1511,15,21,86,59,3,6,94,96,94,58,51,45,63,61,26,27,48,37,92,49,184,100,259,114,164,81,171,89,104,64,57,41
98233,5468,273,112,326,119,365,131,266,108,195,78,387,126,242,111,259,119,183,73,617,165,616,169,580,140,539,132,318,100,223,73,79,49
98235,22,0,12,0,12,22,25,0,12,0,12,0,12,0,12,0,12,0,12,0,12,0,12,0,12,0,12,0,12,0,12,0,12
98236,2610,82,60,144,72,88,49,144,97,50,32,105,51,121,64,133,76,88,41,302,99,286,93,307,100,240,93,160,75,228,98,132,72
98237,1548,100,54,105,62,94,47,97,55,34,29,57,34,122,79,82,59,38,30,216,74,223,86,207,79,73,47,63,33,31,28,6,9
98238,6,0,12,0,12,0,12,0,12,0,12,0,12,0,12,0,12,0,12,0,12,0,12,0,12,0,12,0,12,0,12,6,9
98239,3034,136,53,70,38,169,82,135,71,189,80,201,85,122,62,85,49,126,62,252,102,333,95,413,103,341,101,133,63,245,107,84,53
98240,1046,0,12,11,20,0,12,55,48,100,77,16,25,86,109,10,17,32,36,225,118,212,131,156,81,75,46,27,30,27,31,14,21
98241,865,60,32,96,52,103,60,51,26,43,26,55,34,34,21,24,18,24,21,68,52,108,47,79,37,59,31,15,16,4,7,42,40
98243,203,12,13,19,18,0,12,3,4,25,20,4,3,6,7,0,12,7,10,25,17,8,6,0,12,23,19,15,12,22,18,34,23
98244,1200,123,87,71,55,64,54,43,46,97,94,91,80,83,67,29,37,61,49,38,35,136,76,80,51,98,95,130,95,55,49,1,4
98245,1859,149,45,105,36,76,28,177,61,136,41,89,29,87,29,109,31,129,39,177,42,159,37,152,41,92,23,49,20,63,22,110,30
98247,3311,106,46,146,117,96,52,114,51,172,70,113,57,156,55,225,122,185,111,348,108,452,107,493,145,269,130,178,78,163,74,95,54
98248,8272,563,193,453,159,329,145,356,117,372,120,670,174,501,180,327,105,160,81,432,115,1059,191,1422,226,731,182,472,177,325,91,100,66
98249,2069,84,57,110,80,112,58,122,68,71,46,98,44,134,84,33,27,142,82,123,79,220,91,290,127,169,77,121,65,136,67,104,66
98250,3599,183,42,145,41,134,34,161,47,133,31,223,46,208,45,152,36,130,33,272,55,453,64,521,76,328,50,187,41,163,27,206,41
98251,1750,96,46,59,59,48,32,87,61,84,50,52,33,47,33,80,46,92,45,124,48,163,57,403,96,176,73,187,99,39,29,13,15
98252,3440,88,64,58,41,59,52,100,94,118,78,213,133,131,87,269,120,294,127,164,69,397,149,715,161,353,168,252,94,98,78,131,79
98253,928,30,37,105,97,22,25,76,53,36,33,31,35,43,41,20,25,46,43,30,33,120,77,110,62,104,59,12,19,63,46,80,86
98255,76,7,8,10,11,6,8,15,15,0,12,3,4,7,9,0,12,4,6,11,11,4,6,4,6,5,8,0,12,0,12,0,12
98256,261,63,38,14,12,0,12,30,27,13,11,3,5,3,5,25,20,2,3,29,20,32,22,14,12,8,7,15,16,8,12,2,3
98257,1749,134,38,80,30,91,34,106,33,68,20,86,27,98,33,80,27,86,22,161,35,217,47,197,38,170,42,65,22,75,26,35,10
98258,10861,462,142,240,112,260,131,146,68,273,98,388,144,370,131,380,115,422,147,849,159,1414,275,1923,279,1628,230,910,180,819,178,377,131
98260,2457,200,74,115,51,28,22,104,41,59,36,114,59,51,27,113,60,119,49,217,78,381,114,246,77,239,84,197,68,134,62,140,54
98261,1248,83,22,81,31,73,22,98,30,40,15,53,28,78,27,80,23,49,21,71,20,158,35,125,29,121,40,40,15,40,15,58,17
98262,508,27,22,0,12,24,19,43,30,7,10,27,21,35,33,17,16,5,7,12,13,93,62,104,48,71,60,24,22,19,18,0,12
98263,27,0,12,0,12,0,12,1,2,1,2,15,14,0,12,0,12,0,12,0,12,1,2,5,6,4,7,0,12,0,12,0,12
98264,6692,201,89,305,118,310,103,394,160,337,101,388,145,296,110,275,123,286,93,601,136,987,217,997,162,504,120,456,112,174,69,181,71
98266,1369,124,89,55,51,59,56,126,82,60,49,121,99,80,55,137,93,31,35,49,47,162,112,228,152,84,96,39,42,14,22,0,12
98267,262,31,39,43,47,5,8,35,38,20,24,0,12,46,52,26,40,10,15,0,12,14,22,0,12,23,24,0,12,9,16,0,12
98270,17006,765,182,563,148,748,165,705,153,673,193,763,194,656,167,1043,210,725,204,1204,227,2141,323,2605,321,1928,301,1292,210,915,174,280,109
98271,9818,400,111,319,104,259,85,294,92,427,105,352,113,442,143,500,122,357,94,1060,190,1243,210,1667,227,1119,203,468,103,682,136,229,59
98272,8650,268,99,138,59,188,76,272,97,287,123,281,93,431,148,265,102,382,117,727,155,852,173,1384,222,1351,214,707,143,759,170,358,88
98273,10467,682,198,561,130,716,207,626,181,553,162,578,186,683,176,390,125,451,132,1020,187,1014,255,1141,184,835,173,518,149,492,132,207,81
98274,6364,417,141,224,117,230,117,170,84,406,174,446,140,245,96,382,133,272,94,548,159,770,189,768,161,551,135,342,113,346,129,247,88
98275,7975,225,105,91,58,214,155,142,106,254,118,166,86,226,114,360,117,155,82,610,161,650,165,1238,245,977,211,818,176,854,169,995,180
98276,173,11,17,0,12,7,6,4,6,3,6,0,12,0,12,6,7,19,21,10,9,34,29,62,29,17,12,0,12,0,12,0,12
98277,15437,1079,247,602,182,517,172,782,201,706,161,837,161,923,184,846,194,729,183,1564,287,1660,259,2283,265,1309,243,871,200,418,113,311,130
98278,0,0,12,0,12,0,12,0,12,0,12,0,12,0,12,0,12,0,12,0,12,0,12,0,12,0,12,0,12,0,12,0,12
98279,305,8,8,21,17,5,4,13,6,10,7,30,17,36,19,6,7,19,11,25,12,34,20,39,20,24,14,7,10,12,8,16,9
98280,180,6,9,8,13,0,12,13,13,18,14,0,12,13,10,9,12,6,9,6,6,6,9,19,15,17,15,7,8,23,20,29,19
98281,663,73,39,50,59,41,25,20,16,9,11,55,30,34,28,27,20,20,19,82,41,74,46,70,33,16,14,17,15,57,33,18,17
98282,6285,159,71,186,79,229,79,138,64,307,100,350,91,255,82,278,106,249,87,550,130,793,140,1007,164,834,163,394,110,311,95,245,83
98283,201,30,37,0,12,47,74,0,12,21,33,21,32,9,14,0,12,0,12,0,12,20,24,34,36,19,21,0,12,0,12,0,12
98284,9174,565,190,343,117,382,103,418,151,482,148,593,134,435,169,512,150,304,101,763,174,1029,202,1594,268,824,161,390,152,398,148,142,60
98286,89,1,3,5,5,0,12,4,5,3,3,6,7,15,13,2,4,6,7,3,3,5,8,13,10,7,5,6,6,6,8,7,6
98288,76,0,12,17,19,0,12,8,10,13,13,1,3,8,10,2,3,0,12,5,9,0,12,5,6,4,5,8,10,2,3,3,5
98290,11905,411,119,376,137,415,138,358,106,339,103,353,86,495,120,460,135,421,114,895,182,1272,202,1942,218,1488,204,934,161,935,151,811,150
98292,7996,459,180,281,95,138,72,352,138,368,130,307,120,259,95,338,114,325,123,584,159,671,157,1391,222,914,203,642,146,643,168,324,118
98294,2472,210,108,85,62,91,63,111,58,104,69,105,58,97,66,118,76,106,42,297,114,380,120,474,129,168,73,48,35,57,39,21,31
98295,849,14,19,47,35,43,29,37,38,45,34,18,20,26,21,36,33,109,68,43,33,142,67,91,38,126,73,38,37,31,29,3,5
98296,9588,274,148,61,44,224,127,104,55,107,69,206,112,51,34,217,92,202,80,455,146,596,178,1815,276,1338,214,1283,214,1515,266,1140,208
98297,38,3,5,4,6,5,5,2,3,0,12,6,8,5,7,5,7,0,12,4,6,0,12,4,5,0,12,0,12,0,12,0,12
98303,483,25,30,7,11,63,58,0,12,57,74,22,25,29,34,36,34,23,27,18,22,55,46,42,32,28,24,6,10,32,32,40,36
98304,289,12,19,0,12,0,12,45,56,33,53,13,20,73,73,0,12,35,56,21,24,12,20,23,25,13,20,9,15,0,12,0,12
98305,142,42,45,4,7,0,12,0,12,22,28,0,12,9,14,15,21,0,12,8,10,37,25,0,12,0,12,0,12,0,12,5,7
98310,8514,618,153,468,114,549,133,501,128,475,137,507,138,536,117,520,138,412,129,777,155,879,195,1147,152,476,121,325,96,252,97,72,38
98311,10191,390,197,207,106,318,146,423,142,270,111,468,146,462,156,550,163,432,163,894,223,1451,227,1893,297,1071,181,473,110,657,148,232,89
98312,12362,980,220,372,117,561,150,682,169,648,175,509,140,537,165,618,132,444,126,1188,234,1750,259,1630,239,855,171,699,206,448,106,441,144
98314,25,0,12,0,12,0,12,0,12,0,12,0,12,0,12,0,12,0,12,0,12,0,12,0,12,9,14,0,12,12,19,4,6
98315,1321,27,24,6,11,70,81,167,84,20,22,93,70,123,56,148,81,114,67,204,83,126,83,114,60,90,69,19,20,0,17,0,17
98320,607,65,33,64,34,30,14,29,14,38,22,38,19,40,25,22,18,41,22,52,30,93,45,52,32,12,9,15,15,3,4,13,15
98321,4958,243,96,184,84,149,75,134,78,147,60,232,104,175,96,172,70,195,89,407,103,495,153,901,160,532,121,473,125,323,103,196,66
98323,231,14,12,14,12,0,12,5,9,32,22,7,6,4,5,18,15,10,8,20,16,42,22,47,22,13,11,1,3,2,3,2,3
98325,675,14,21,18,22,43,52,14,22,23,27,51,45,25,28,0,12,25,30,135,84,30,39,140,76,49,41,56,90,41,33,11,18
98326,204,88,50,30,31,7,10,0,12,0,12,8,16,0,12,12,13,0,12,0,12,38,34,21,24,0,12,0,12,0,12,0,12
98327,3141,98,85,11,18,17,23,67,44,64,50,112,77,50,39,129,85,25,36,372,157,518,159,566,153,414,147,207,104,386,119,105,69
98328,3740,160,81,173,100,156,84,105,68,118,72,324,132,84,53,173,102,196,72,346,121,390,121,559,144,534,147,215,106,119,62,88,53
98329,3944,177,93,79,49,45,41,164,78,156,65,168,75,160,85,242,86,189,90,335,127,473,110,626,151,387,104,236,93,315,104,192,83
98330,94,74,85,0,12,0,12,0,12,0,12,0,12,0,12,0,12,0,12,0,12,0,12,0,12,0,12,0,12,0,12,20,30
98331,2381,282,114,218,115,114,61,178,92,91,56,197,81,165,85,125,89,86,50,152,74,286,100,229,85,177,82,63,64,7,11,11,17
98332,5936,241,101,92,46,197,92,134,79,301,136,242,117,250,129,125,68,202,100,312,92,606,145,798,146,500,149,611,156,530,148,795,162
98333,1355,45,51,16,19,35,34,33,43,47,50,16,18,42,47,56,47,27,23,76,37,99,49,257,83,177,61,43,36,187,71,199,80
98335,9683,402,168,133,72,191,79,388,122,238,120,298,97,397,122,428,144,361,120,728,156,1101,209,1412,221,1151,209,604,124,734,168,1117,207
98336,373,42,36,42,30,0,12,58,49,31,36,17,19,42,31,28,36,33,35,10,14,40,41,23,21,7,12,0,12,0,12,0,12
98337,2730,403,118,286,111,213,113,102,49,246,99,145,82,107,61,95,61,72,42,351,119,187,89,296,105,85,52,60,31,69,53,13,21
98338,8669,290,97,297,118,222,91,291,100,271,101,390,145,319,100,392,124,419,139,768,160,1286,194,1539,209,886,187,689,149,389,112,221,74
98339,1344,140,81,169,81,127,75,77,59,115,72,92,58,74,42,36,44,125,58,91,42,125,68,62,39,71,68,19,24,9,14,12,19
98340,1201,65,49,14,22,16,25,95,85,46,41,123,90,43,39,30,33,63,44,76,54,102,56,84,54,206,128,105,66,119,85,14,22
98342,609,36,23,45,20,19,14,22,11,33,18,14,8,23,15,20,14,14,9,53,18,51,22,119,28,50,15,37,16,44,18,29,11
98345,227,0,12,0,12,0,12,0,12,0,12,0,12,0,12,0,12,12,19,61,65,40,49,39,48,35,54,30,47,10,16,0,12
98346,3875,120,69,132,83,100,56,120,56,100,58,243,121,119,93,168,94,190,106,318,122,524,187,669,197,424,134,286,115,248,88,114,69
98349,1749,107,79,87,75,44,37,34,31,71,47,122,90,90,51,159,88,66,51,301,139,125,79,228,110,108,60,40,34,127,67,40,47
98350,130,16,9,9,6,11,9,7,7,8,6,6,5,7,6,5,5,9,8,15,11,18,17,12,13,5,6,0,12,2,3,0,12
98351,433,44,54,15,23,60,69,22,25,0,12,0,12,23,37,0,12,0,12,72,80,47,36,73,49,13,20,37,59,27,25,0,12
98353,13,0,12,0,12,0,12,0,12,0,12,0,12,0,12,0,12,0,12,0,12,0,12,13,21,0,12,0,12,0,12,0,12
98354,2833,53,39,111,67,80,50,164,108,26,25,113,81,56,53,114,54,185,94,328,130,376,120,470,156,373,126,178,88,79,41,127,67
98355,287,26,29,0,12,11,14,39,36,16,14,63,65,11,12,5,8,8,11,27,22,6,9,19,16,10,12,0,12,37,50,9,15
98356,914,58,40,75,41,83,40,45,26,31,25,136,67,90,53,30,40,51,37,84,43,89,48,83,46,45,40,14,18,0,12,0,12
98357,488,56,22,50,25,41,19,28,13,35,20,30,17,20,13,8,9,17,10,36,17,52,20,51,25,19,14,20,20,16,13,9,9
98358,463,27,25,9,15,8,12,16,19,16,17,46,42,16,18,40,31,6,11,33,45,121,85,74,59,10,16,0,12,26,25,15,16
98359,1696,76,48,118,78,59,64,56,43,89,61,35,29,45,28,37,29,32,42,182,76,195,98,257,85,260,90,70,44,145,64,40,32
98360,4054,152,81,81,54,57,35,161,66,106,55,194,94,120,60,131,54,249,92,243,105,467,125,957,182,477,113,312,104,257,92,90,48
98361,605,29,27,48,61,56,59,63,35,26,30,79,61,40,42,27,24,8,13,48,46,96,74,26,29,33,40,0,12,0,12,26,41
98362,9890,847,131,624,148,511,141,588,141,585,134,772,163,510,165,423,109,413,126,853,161,986,155,1387,182,610,151,315,96,204,73,262,92
98363,5548,415,115,303,88,324,96,365,99,212,74,411,117,294,88,250,69,307,99,544,124,659,137,582,101,456,99,192,69,160,64,74,52
98364,32,0,12,0,12,0,12,0,12,0,12,0,12,0,12,0,12,0,12,0,12,32,52,0,12,0,12,0,12,0,12,0,12
98365,2050,52,53,85,57,72,54,87,54,81,50,106,54,155,67,43,63,126,88,188,89,286,99,277,99,148,82,175,87,52,40,117,76
98366,12555,836,204,489,164,513,148,575,162,613,201,568,194,520,204,519,180,560,176,1466,321,1378,284,1892,288,1154,235,715,186,559,165,198,101
98367,10154,494,150,241,97,323,127,251,107,316,133,346,107,475,126,340,114,398,145,1011,204,969,195,1954,299,985,203,864,170,875,216,312,133
98368,7206,608,188,514,164,520,179,449,143,434,150,455,172,347,132,328,99,302,107,617,141,823,203,719,191,418,120,203,104,208,77,261,93
98370,11448,345,88,499,137,379,148,397,125,443,143,587,173,505,141,309,84,500,149,841,165,1285,175,1751,198,1472,223,1004,197,656,127,475,106
98371,8045,282,98,313,109,332,94,257,102,358,124,349,113,227,81,299,100,317,110,785,134,1035,222,1286,210,850,157,667,180,467,121,221,70
98372,9004,436,132,343,139,274,132,281,131,329,152,458,154,363,119,633,184,479,163,717,192,984,201,1391,242,861,234,454,119,544,123,457,128
98373,8803,343,112,287,133,281,146,391,173,361,160,510,161,444,149,414,137,489,150,772,199,1109,208,1397,243,944,195,308,81,471,131,282,93
98374,13434,401,115,538,164,388,136,450,165,444,127,429,141,514,149,416,146,478,131,923,186,1536,230,2265,235,1950,277,1116,168,1162,204,424,107
98375,9239,174,97,145,103,367,150,313,133,161,87,377,143,439,179,484,150,618,187,759,227,1080,207,1748,235,1188,204,491,152,470,113,425,136
98376,829,65,33,28,19,37,29,26,28,45,25,43,33,102,61,21,16,58,29,95,55,69,30,65,31,43,47,69,43,30,19,33,25
98377,839,90,50,92,61,94,62,50,35,97,69,16,27,63,36,91,77,52,53,50,37,50,29,38,35,48,42,0,12,0,12,8,13
98380,1856,26,24,29,33,29,41,128,85,91,62,148,88,95,73,100,75,63,54,98,59,114,61,281,114,297,112,68,47,158,96,131,72
98381,204,26,33,5,8,11,11,0,12,0,12,0,12,24,26,12,17,15,25,33,29,0,12,63,42,15,15,0,12,0,12,0,12
98382,12337,677,197,554,143,641,151,780,133,845,164,826,216,655,160,687,182,797,213,1006,197,1273,192,1547,290,937,182,488,154,395,136,229,96
98383,8508,407,126,200,87,253,119,355,141,364,139,476,191,459,152,454,165,382,129,713,145,1211,241,946,192,898,205,517,129,495,144,378,110
98385,134,1,4,19,22,3,4,0,12,0,12,0,12,7,8,3,7,0,12,13,14,32,19,29,18,13,13,11,11,0,12,3,5
98387,14737,602,169,469,145,430,149,518,190,503,145,611,161,548,152,729,184,703,186,1731,343,2281,329,2393,342,1683,251,701,189,574,146,261,140
98388,2682,143,72,86,51,75,53,86,49,186,63,88,52,169,88,119,67,125,58,331,113,138,78,349,115,266,79,139,62,194,76,188,62
98390,4221,188,105,199,103,199,93,260,109,226,125,117,67,234,99,340,118,190,88,351,111,375,136,513,122,374,101,295,107,246,99,114,90
98391,15457,431,133,304,126,284,99,415,148,426,133,436,169,596,169,488,114,435,123,1092,168,1808,283,2662,326,2334,350,1514,259,1376,226,856,158
98392,1262,75,28,50,18,43,24,95,34,34,16,61,24,78,27,66,20,72,21,141,40,131,39,175,40,87,26,95,30,17,10,42,15
98394,457,26,43,11,16,0,12,30,31,33,26,50,51,12,20,61,48,7,11,21,26,37,32,30,27,65,42,22,21,45,46,7,11
98396,241,9,7,1,2,3,4,13,10,4,5,12,16,2,5,13,12,11,11,25,13,46,19,25,17,33,17,16,14,28,26,0,12
98402,3363,644,142,365,98,297,121,64,33,214,106,188,93,102,50,107,57,64,60,273,99,278,99,286,92,190,74,141,114,91,52,59,29
98403,4201,350,121,235,121,193,97,88,61,127,70,162,102,278,130,279,119,59,54,408,138,291,103,505,175,467,154,352,156,231,120,176,91
98404,10668,1344,210,724,137,577,162,605,189,556,142,594,146,609,139,467,101,543,146,1092,198,1180,207,1234,190,709,149,297,95,108,63,29,20
98405,9228,975,199,689,156,595,157,434,133,491,146,470,154,472,143,508,144,574,135,828,162,798,187,1233,272,511,127,315,118,283,94,52,43
98406,9152,558,158,332,139,525,201,515,174,381,152,363,111,313,104,284,81,315,129,773,168,1087,221,1099,245,855,155,694,189,672,154,386,114
98407,8815,411,131,312,119,346,124,402,139,296,98,420,134,436,181,505,151,379,124,555,133,794,177,1200,210,961,171,442,124,631,160,725,146
98408,7137,568,192,260,153,422,164,468,170,359,147,591,171,404,150,405,131,253,99,693,188,845,193,716,163,640,180,291,103,127,84,95,61
98409,9180,753,209,423,139,575,182,416,144,585,215,631,200,445,117,384,124,633,162,1016,227,1133,228,1012,187,648,181,348,128,155,82,23,23
98416,0,0,12,0,12,0,12,0,12,0,12,0,12,0,12,0,12,0,12,0,12,0,12,0,12,0,12,0,12,0,12,0,12
98418,3728,431,133,211,104,338,149,200,92,134,74,207,110,116,75,144,74,224,112,358,130,426,124,468,153,225,100,100,65,102,71,44,38
98421,0,0,12,0,12,0,12,0,12,0,12,0,12,0,12,0,12,0,12,0,12,0,12,0,12,0,12,0,12,0,12,0,12
98422,7411,207,54,139,47,137,44,163,50,150,38,222,68,229,68,282,70,282,65,534,86,948,113,1215,103,897,102,589,90,763,89,654,92
98424,3784,207,57,127,45,137,60,134,42,167,57,209,60,170,55,259,68,193,50,340,79,497,83,679,96,347,70,153,45,132,39,33,16
98430,4,0,12,0,12,0,12,0,12,0,12,0,12,0,12,0,12,0,12,0,12,0,12,0,12,4,7,0,12,0,12,0,12
98433,3817,138,71,14,17,106,67,200,86,219,97,337,144,293,112,416,146,252,111,543,162,621,145,429,155,171,86,22,20,12,15,44,54
98438,8,0,12,0,12,0,12,0,12,0,12,0,12,0,12,0,12,8,14,0,12,0,12,0,12,0,12,0,12,0,12,0,12
98439,1864,178,97,43,43,178,113,214,115,210,103,88,60,135,56,125,55,82,58,115,61,286,103,157,55,25,28,20,19,0,17,8,12
98443,2235,67,35,73,49,114,54,97,32,90,50,190,67,71,34,110,39,110,43,161,53,327,90,216,55,187,73,179,70,181,56,62,27
98444,12724,1263,198,896,200,801,210,865,188,894,223,788,173,902,190,703,156,722,219,1259,212,1454,269,995,181,563,140,299,123,250,111,70,54
98445,10837,329,115,338,110,375,121,408,143,648,197,410,134,558,172,626,175,660,162,1154,240,1541,293,1838,264,965,196,504,161,287,88,196,89
98446,3751,56,33,124,63,223,106,108,57,259,108,82,56,136,80,186,89,116,88,409,149,502,135,667,172,426,112,196,107,176,85,85,69
98447,0,0,12,0,12,0,12,0,12,0,12,0,12,0,12,0,12,0,12,0,12,0,12,0,12,0,12,0,12,0,12,0,12
98465,3082,134,85,266,105,230,131,147,81,163,110,178,92,173,107,172,123,105,85,215,110,342,127,359,141,230,87,154,67,107,70,107,45
98466,11304,647,186,462,116,505,154,678,174,622,146,682,179,527,132,633,170,470,137,1087,225,1081,225,1223,217,971,215,682,170,573,146,461,126
98467,6374,397,126,294,160,291,152,375,178,171,94,298,142,228,133,257,171,231,99,641,256,584,165,972,191,650,160,416,135,254,116,315,134
98498,11175,682,171,500,184,669,217,710,202,525,141,592,148,401,140,386,134,433,155,1148,219,1297,230,1434,216,824,169,606,162,603,160,365,97
98499,12480,1357,285,912,202,934,271,813,204,895,211,758,176,695,196,675,181,622,183,940,230,1042,204,1367,239,575,183,292,116,299,102,304,119
98501,16702,902,239,555,159,656,191,704,210,667,178,565,188,601,176,744,228,631,187,1244,252,1896,306,3194,421,1564,245,1133,238,798,177,848,219
98502,12686,1309,305,540,176,468,147,394,115,424,162,547,174,530,161,561,179,558,175,711,195,1378,268,1715,231,1392,242,786,179,691,162,682,173
98503,14667,887,234,526,189,595,173,540,165,660,178,891,204,912,199,803,218,591,224,1369,283,1916,308,2391,359,1303,283,641,181,483,150,159,82
98506,7828,621,190,459,139,442,197,261,106,336,141,238,114,297,128,278,127,386,123,589,139,958,200,1047,247,676,177,467,128,461,148,312,101
98512,11120,534,149,338,96,670,215,408,122,377,134,400,143,374,103,489,134,370,142,1116,212,1325,205,1706,269,1135,206,693,171,891,185,294,86
98513,12115,511,148,256,94,284,141,338,118,518,168,410,118,604,182,528,158,564,144,1147,229,1646,252,2081,299,1339,235,739,198,790,189,360,103
98516,8572,373,139,302,151,268,148,154,84,304,113,302,115,151,66,404,138,286,116,953,207,1030,242,1332,231,907,197,795,221,603,157,408,125
98520,8100,866,169,535,149,340,85,507,121,490,118,525,168,505,116,503,133,340,86,698,133,826,164,800,141,654,136,178,74,217,76,116,62
98524,1352,42,37,68,69,69,56,111,96,91,83,37,37,61,56,37,41,30,24,173,101,103,75,205,106,115,93,124,109,86,66,0,12
98526,114,9,10,16,13,7,8,1,3,12,9,1,4,2,3,15,13,4,4,11,14,7,6,2,4,18,16,2,4,7,7,0,12
98527,123,31,29,7,10,0,12,4,6,9,14,0,12,9,14,0,12,6,10,11,17,21,28,12,13,0,12,0,12,13,21,0,12
98528,3499,118,89,169,119,310,177,211,130,88,68,170,95,100,62,244,143,150,87,426,138,448,207,490,164,313,122,167,91,32,26,63,46
98530,216,28,21,10,11,11,12,28,22,29,25,2,3,8,13,14,12,23,14,8,9,31,27,6,10,15,13,0,12,0,12,3,5
98531,9325,930,252,647,149,671,174,653,180,611,186,719,209,610,161,567,131,393,131,788,234,909,171,912,176,460,153,196,73,166,84,93,54
98532,8720,371,108,482,110,604,147,391,103,479,147,609,130,498,118,490,123,283,89,772,158,997,168,1236,185,664,134,434,98,310,106,100,51
98533,330,9,16,39,52,0,12,0,12,90,60,8,14,46,49,0,12,8,13,23,26,54,52,44,49,9,13,0,12,0,12,0,12
98535,227,30,41,42,41,0,12,0,12,0,12,103,98,0,12,12,21,0,12,26,30,14,23,0,12,0,12,0,12,0,12,0,12
98536,83,40,65,0,12,0,12,15,24,0,12,0,12,0,12,0,12,0,12,0,12,14,22,14,22,0,12,0,12,0,12,0,12
98537,842,9,11,54,29,22,16,27,22,50,29,60,27,60,25,39,23,46,25,107,37,110,44,117,42,74,36,40,22,10,10,17,26
98538,89,7,8,10,10,4,6,0,12,4,7,10,9,0,12,0,12,0,12,2,4,8,7,16,13,11,11,12,11,3,4,2,3
98541,3717,304,132,246,97,154,77,312,105,165,91,252,94,179,93,238,116,165,81,294,106,308,91,579,174,291,110,74,44,129,77,27,26
98542,189,25,19,0,12,8,13,17,18,0,12,7,11,6,11,6,9,0,12,40,41,28,22,7,11,0,12,31,35,14,15,0,12
98544,0,0,12,0,12,0,12,0,12,0,12,0,12,0,12,0,12,0,12,0,12,0,12,0,12,0,12,0,12,0,12,0,12
98546,1137,48,31,34,23,48,31,17,15,106,81,64,42,53,39,8,9,37,23,106,92,217,101,164,76,99,57,69,37,27,21,40,32
98547,558,33,41,96,84,62,45,16,19,106,80,14,21,17,26,16,26,33,37,67,58,23,24,62,41,0,12,0,12,0,12,13,18
98548,1262,166,130,102,99,227,125,14,13,74,87,60,73,61,46,102,86,82,81,95,75,100,62,157,100,18,19,0,12,4,5,0,12
98550,4499,637,152,215,77,266,92,306,107,375,92,343,119,160,69,244,87,244,77,371,117,428,107,381,89,333,114,57,42,66,47,73,44
98552,236,21,20,0,12,8,10,15,18,14,16,17,18,33,38,3,4,10,16,18,12,83,66,14,18,0,12,0,12,0,12,0,12
98555,177,12,19,12,20,0,12,0,12,30,33,49,49,0,12,0,12,0,12,0,12,0,12,26,30,29,32,0,12,19,28,0,12
98557,1155,75,36,42,37,91,38,33,26,42,26,55,26,98,62,87,30,30,22,118,49,155,55,169,58,82,35,48,28,20,17,10,12
98558,52,19,31,0,12,0,12,0,12,0,12,0,12,0,12,0,12,0,12,0,12,0,12,0,12,33,53,0,12,0,12,0,12
98559,29,29,42,0,12,0,12,0,12,0,12,0,12,0,12,0,12,0,12,0,12,0,12,0,12,0,12,0,12,0,12,0,12
98560,69,0,12,2,4,3,4,0,12,3,5,14,13,15,16,0,12,0,12,21,20,9,15,2,3,0,12,0,12,0,12,0,12
98562,36,0,12,0,12,0,12,0,12,0,12,36,60,0,12,0,12,0,12,0,12,0,12,0,12,0,12,0,12,0,12,0,12
98563,3325,136,72,202,102,216,98,176,89,130,82,98,60,232,127,182,87,183,83,200,103,546,161,481,164,321,128,45,40,75,60,102,76
98564,997,32,26,50,41,60,38,100,61,112,65,28,18,48,30,64,37,50,33,86,45,83,40,121,64,107,66,41,31,15,25,0,12
98565,180,9,15,0,12,3,6,0,12,4,6,11,16,17,18,14,17,14,15,14,16,22,18,27,24,31,27,14,19,0,12,0,12
98568,944,127,56,34,21,56,27,17,12,46,25,61,38,68,28,47,23,79,33,56,29,105,43,124,44,67,39,35,22,17,14,5,8
98569,2810,170,93,199,139,105,96,296,141,211,127,314,212,79,56,115,85,90,70,197,111,320,125,316,215,197,124,167,94,16,25,18,28
98570,1657,83,63,94,69,91,62,129,73,67,37,148,81,119,74,106,64,70,47,156,85,241,105,154,64,97,57,54,52,36,30,12,19
98571,119,0,12,0,12,0,12,0,12,0,12,0,12,44,71,0,12,0,12,43,67,0,12,0,12,19,31,0,12,0,12,13,20
98572,330,28,23,39,24,18,14,12,9,20,18,13,13,6,7,20,16,11,9,54,26,44,22,12,9,32,27,16,15,5,9,0,12
98575,80,6,7,7,10,0,12,6,6,0,12,5,6,3,4,4,5,10,8,3,4,9,8,12,15,9,8,3,5,0,12,3,4
98576,1848,162,108,41,25,61,57,88,85,85,71,81,62,59,44,63,43,155,93,176,81,161,68,295,88,157,57,197,109,50,37,17,16
98577,2727,219,72,195,71,144,58,189,72,175,75,144,66,168,61,189,77,138,58,257,69,284,103,261,69,188,79,59,36,97,48,20,23
98579,4857,127,68,101,87,178,106,200,141,147,67,227,114,358,135,228,96,173,100,829,229,591,166,732,224,493,159,250,132,153,87,70,54
98580,3921,265,127,181,117,119,77,251,126,206,115,147,78,131,88,121,82,116,72,321,129,503,139,582,145,499,134,110,69,293,106,76,54
98581,128,11,17,13,20,8,12,18,20,9,16,0,12,21,23,20,23,0,12,10,16,18,20,0,12,0,12,0,12,0,12,0,12
98582,286,55,59,31,49,0,12,0,12,63,69,0,12,11,18,9,13,0,12,8,13,9,14,26,42,64,63,0,12,10,15,0,12
98583,51,17,20,0,12,5,10,0,12,16,16,2,3,0,12,0,12,0,12,0,12,3,5,1,3,3,5,4,6,0,12,0,12
98584,13196,810,184,803,164,1041,205,650,172,809,182,699,151,792,207,635,153,659,152,1210,205,1513,226,1597,221,937,178,596,151,196,64,249,119
98585,284,15,13,33,29,0,12,7,12,9,15,17,18,10,15,9,13,0,12,34,33,18,19,5,9,51,35,43,53,0,12,33,52
98586,881,111,45,31,22,85,48,120,55,47,30,69,35,57,31,49,33,18,18,140,55,51,34,47,26,36,30,11,14,9,15,0,12
98587,258,32,17,14,10,20,12,26,16,43,19,13,9,9,9,5,6,2,3,10,7,34,18,22,12,10,7,13,13,5,4,0,12
98588,936,53,68,48,56,35,42,108,62,24,25,57,56,25,30,89,102,34,44,121,107,95,66,134,89,33,37,26,29,54,70,0,12
98589,2683,181,102,110,70,86,53,176,64,119,68,83,41,139,69,195,99,79,58,296,124,269,86,407,147,241,88,202,98,71,53,29,27
98590,198,12,15,0,12,48,46,26,23,1,2,1,2,16,18,9,8,0,12,10,14,24,18,8,8,0,12,0,12,14,15,29,35
98591,1477,91,56,68,51,42,31,96,54,156,65,95,64,53,35,71,53,76,42,158,75,209,93,159,74,118,65,26,22,41,34,18,18
98592,700,40,64,15,24,25,22,51,59,0,12,72,51,14,21,35,30,44,41,23,27,130,87,88,83,48,47,15,23,82,94,18,29
98593,397,13,15,41,28,28,15,22,24,42,46,33,21,13,13,8,12,24,20,44,30,90,57,32,21,7,8,0,12,0,12,0,12
98595,1194,155,72,55,39,133,73,113,59,79,46,128,79,71,71,116,82,73,52,73,47,67,49,64,45,45,38,22,32,0,12,0,12
98596,2577,225,109,143,62,175,84,208,74,103,67,147,76,200,89,216,98,114,56,155,62,309,117,274,73,181,85,98,80,27,26,2,3
98597,7797,660,193,476,154,351,133,167,88,309,123,454,166,500,164,244,125,370,140,811,214,821,195,1291,294,522,145,401,154,257,116,163,93
98601,956,91,56,29,26,111,66,0,12,31,28,72,60,7,11,46,30,52,39,123,66,90,51,155,59,16,15,67,40,31,25,35,39
98602,41,0,12,0,12,0,12,0,12,0,12,11,18,0,12,0,12,0,12,20,18,10,15,0,12,0,12,0,12,0,12,0,12
98603,419,42,44,0,12,38,34,7,11,0,12,35,33,39,44,13,20,0,12,39,50,80,59,53,59,27,38,21,23,0,12,25,30
98604,11539,473,142,345,112,411,120,379,114,535,172,476,136,627,153,456,136,428,140,1050,209,1495,260,1752,237,1284,203,748,154,552,129,528,136
98605,460,19,14,24,14,33,25,61,33,37,24,31,29,30,23,19,23,3,4,59,38,51,27,21,10,34,20,12,13,21,17,5,8
98606,3128,108,50,84,47,140,60,66,52,29,29,102,52,136,81,123,85,91,45,288,128,366,103,424,111,477,115,207,70,245,68,242,88
98607,9866,226,79,141,70,260,100,325,89,309,111,374,140,289,106,330,112,329,104,944,190,788,149,1486,237,1162,211,951,156,1091,194,861,167
98610,1158,128,55,144,63,67,53,47,38,91,52,38,28,68,40,66,48,46,41,111,63,89,55,131,58,30,28,31,29,54,37,17,27
98611,3868,118,58,147,80,281,109,199,78,249,119,211,87,136,53,222,77,152,69,352,102,556,154,549,119,286,77,209,108,123,76,78,48
98612,1119,106,64,76,46,65,46,38,28,42,28,60,39,32,32,99,55,73,45,155,72,146,62,73,47,76,62,56,38,12,17,10,11
98613,209,5,5,0,12,4,7,26,16,11,12,7,8,8,9,11,8,17,19,17,23,37,24,15,11,27,32,14,11,8,8,2,3
98614,112,0,12,8,11,0,12,43,57,0,12,0,12,11,16,0,12,33,51,0,12,0,12,11,17,6,9,0,12,0,12,0,12
98616,85,0,12,0,12,0,12,0,12,10,15,43,51,0,12,0,12,12,20,0,12,0,12,0,12,11,17,0,12,0,12,9,15
98617,415,11,17,0,12,16,25,47,46,15,24,28,37,30,47,38,46,39,32,49,50,52,44,33,39,12,20,7,11,20,32,18,29
98619,187,15,11,8,9,10,9,15,10,6,6,8,8,15,9,12,8,11,11,12,10,24,13,40,22,8,6,0,12,1,3,2,3
98620,2982,201,103,146,106,319,128,184,103,221,125,156,96,227,116,172,101,251,137,314,126,357,150,222,96,128,72,0,17,62,61,22,36
98621,198,34,39,0,12,34,30,9,12,20,26,8,13,29,32,8,12,0,12,3,5,0,12,21,21,22,29,5,7,5,7,0,12
98624,641,18,15,52,29,69,57,63,36,18,15,34,48,49,32,22,20,7,11,90,61,82,35,33,33,64,49,31,35,5,7,4,6
98625,2568,150,89,68,47,85,52,49,31,129,76,140,80,158,82,92,58,220,123,295,113,280,88,373,157,289,133,109,58,74,47,57,53
98626,9090,901,200,500,173,604,182,630,159,520,139,369,121,684,168,352,109,516,152,847,205,689,171,1029,193,689,172,453,139,180,95,127,61
98628,158,16,17,2,4,25,21,23,18,0,12,16,16,12,13,2,4,0,12,11,10,16,15,16,13,6,9,11,14,2,3,0,12
98629,2943,104,71,81,61,48,32,53,41,110,55,127,69,127,62,119,76,139,78,155,65,434,112,550,99,284,92,283,108,194,87,135,68
98631,1688,149,57,180,63,112,46,128,54,115,49,71,41,72,34,89,44,111,57,94,43,130,71,224,90,54,34,85,81,36,32,38,38
98632,19960,1883,278,1484,235,1499,227,1598,276,1173,235,1190,196,810,160,1127,218,941,187,1494,257,2018,236,1835,243,1292,205,589,166,714,187,313,116
98635,763,33,23,66,46,17,17,20,29,100,56,171,98,71,41,26,20,42,34,35,34,79,46,51,34,12,12,29,20,11,13,0,12
98638,517,22,18,34,23,26,21,44,36,14,13,57,36,12,11,11,11,30,20,62,38,60,34,89,33,24,20,6,9,15,15,11,10
98639,428,69,39,32,26,9,12,24,23,0,12,16,18,20,20,9,9,46,40,32,25,34,25,50,34,56,31,12,14,8,14,11,13
98640,1901,166,100,222,97,110,70,279,94,55,39,166,85,99,64,264,118,82,45,146,76,85,45,87,46,41,48,62,49,0,12,37,34
98641,0,0,12,0,12,0,12,0,12,0,12,0,12,0,12,0,12,0,12,0,12,0,12,0,12,0,12,0,12,0,12,0,12
98642,5910,195,91,105,59,98,66,159,74,226,120,267,136,206,83,184,68,222,86,322,83,860,189,907,172,804,193,464,114,410,111,481,139
98643,193,7,11,23,24,0,12,8,9,10,11,18,14,17,26,2,4,5,9,27,23,42,30,29,29,5,8,0,12,0,12,0,12
98644,140,17,28,0,12,0,12,16,26,16,26,0,12,46,43,0,12,0,12,7,10,17,26,21,31,0,12,0,12,0,12,0,12
98645,461,20,19,48,38,5,7,12,14,16,14,15,17,44,28,26,30,33,33,43,34,17,15,122,65,21,19,27,27,12,16,0,12
98647,121,30,32,0,12,18,22,0,12,21,18,0,12,0,12,12,19,6,10,0,12,26,19,0,12,0,12,0,12,0,12,8,13
98648,1204,166,45,77,38,48,24,50,23,68,40,40,22,28,18,34,22,61,29,107,45,164,63,149,42,71,29,58,29,63,27,20,21
98649,376,6,9,5,10,7,11,0,12,5,9,32,42,18,16,9,11,35,26,49,32,31,18,85,47,71,55,4,6,6,9,13,16
98650,314,10,12,10,9,17,15,25,22,3,6,16,20,7,8,43,33,9,9,33,20,38,22,36,20,20,17,5,6,32,25,10,8
98651,269,3,6,4,5,9,9,12,12,11,13,17,18,10,14,18,15,55,31,2,4,57,42,43,24,4,6,3,4,10,11,11,10
98660,5234,542,127,461,123,416,155,236,80,256,89,272,100,347,112,142,64,238,108,321,86,435,124,806,144,332,89,148,59,174,61,108,63
98661,17422,1547,271,1170,240,1251,258,1298,266,1244,268,1002,192,1082,225,1004,207,778,180,1543,264,1511,215,1830,299,1025,219,416,146,356,119,365,92
98662,11885,316,110,346,117,487,174,718,172,548,145,486,151,844,207,584,170,587,189,1021,203,1608,244,2066,260,1135,200,546,132,314,104,279,121
98663,5688,367,128,270,101,247,102,390,130,280,87,207,72,327,96,391,125,173,67,726,170,528,132,880,154,408,85,189,73,230,79,75,44
98664,8776,284,110,286,119,344,111,436,131,483,135,655,195,438,140,727,197,517,158,1026,229,996,225,990,181,645,156,388,122,300,119,261,90
98665,9492,659,178,515,160,579,177,389,114,427,142,531,141,518,120,525,148,560,165,784,183,1128,184,1091,207,748,156,360,109,489,146,189,72
98670,33,5,5,3,7,1,3,0,12,5,8,2,3,0,12,0,12,3,4,4,5,0,12,6,7,4,6,0,12,0,12,0,12
98671,8155,425,133,236,99,254,86,243,83,408,111,378,112,315,93,339,106,245,80,906,184,839,147,1372,227,843,163,442,133,542,153,368,125
98672,2136,62,54,62,45,68,37,141,78,114,60,94,77,123,71,98,75,129,93,285,115,203,94,387,123,193,91,56,37,65,51,56,41
98673,197,14,13,22,17,13,13,24,18,12,11,11,12,7,9,8,12,14,12,10,10,21,14,13,15,12,10,10,10,0,12,6,9
98674,3853,137,84,158,95,212,128,130,87,183,123,164,93,269,167,104,48,103,63,209,89,753,178,484,149,394,132,256,159,167,84,130,70
98675,2067,75,43,64,38,56,44,95,65,46,35,72,41,93,42,106,59,104,62,328,105,279,96,282,90,186,56,90,40,149,73,42,30
98682,18226,731,178,450,125,659,151,949,183,728,139,1001,219,915,217,962,160,729,136,2111,311,2406,320,3065,291,1712,263,902,217,607,166,299,110
98683,13008,590,124,436,130,480,132,479,138,585,175,763,202,648,200,751,196,681,168,1186,237,1124,224,1905,259,1283,200,747,141,607,143,743,171
98684,9857,402,112,286,122,361,138,539,222,399,145,477,153,749,198,496,150,270,99,1153,214,1194,224,1527,237,900,209,491,157,380,138,233,100
98685,9708,178,85,314,122,357,115,459,132,338,138,352,125,288,111,340,108,220,99,816,176,899,215,1681,207,1294,224,621,131,897,174,654,157
98686,6741,382,151,226,115,375,143,168,84,192,104,210,88,281,116,271,113,247,91,412,117,732,135,1068,171,748,169,486,114,571,126,372,103
98801,14977,1004,232,625,178,750,204,890,203,715,200,767,196,894,244,841,238,808,213,1565,285,1353,248,1822,296,1240,239,673,168,598,173,432,120
98802,10511,356,100,284,124,521,131,554,164,653,182,486,136,697,156,514,126,431,134,1031,186,1501,262,1490,235,1028,201,391,119,335,129,239,99
98811,39,8,11,0,12,0,12,7,9,0,12,0,12,0,12,0,12,0,12,7,10,0,12,17,26,0,12,0,12,0,12,0,12
98812,1293,97,57,145,64,61,42,82,43,86,49,97,42,75,43,63,34,61,38,71,35,134,60,121,71,72,47,71,48,34,42,23,18
98813,991,45,33,67,44,45,30,83,42,73,36,73,33,153,69,72,41,63,61,120,54,78,41,59,33,20,20,18,25,19,24,3,4
98814,148,14,22,4,6,0,12,0,12,5,9,59,63,0,12,3,5,0,12,11,15,10,15,17,20,24,32,1,2,0,12,0,12
98815,2564,141,74,92,68,92,50,163,69,77,38,55,31,74,51,171,116,157,71,267,94,313,122,354,118,252,92,60,40,209,107,87,56
98816,2626,215,146,109,94,215,118,155,97,87,78,229,112,257,121,77,56,38,35,302,139,250,121,347,140,100,82,141,80,22,29,82,69
98817,188,93,104,0,12,0,12,16,25,21,33,13,22,19,31,0,12,13,23,0,12,13,21,0,12,0,12,0,12,0,12,0,12
98819,89,16,11,8,10,5,5,13,11,0,12,5,8,16,13,5,8,3,4,2,4,5,6,9,8,2,3,0,12,0,12,0,12
98821,157,51,74,50,77,0,12,0,12,0,12,0,12,0,12,0,12,0,12,0,12,56,82,0,12,0,12,0,12,0,12,0,12
98822,805,59,28,39,25,29,26,54,35,39,25,56,33,70,30,52,38,16,14,87,39,47,19,111,41,77,29,42,24,25,16,2,5
98823,3720,294,113,169,80,192,104,180,113,280,128,181,92,203,116,127,59,93,61,346,125,488,138,712,177,172,67,161,81,72,56,50,58
98824,115,4,7,0,12,4,6,14,14,9,10,6,8,4,6,8,14,40,52,10,10,5,9,5,8,1,3,5,6,0,12,0,12
98826,2965,362,132,187,63,142,80,170,103,155,84,149,98,175,93,69,39,135,73,365,126,223,92,293,129,220,104,185,105,36,33,99,85
98827,235,59,58,18,29,0,12,0,12,0,12,0,12,76,102,82,67,0,12,0,12,0,12,0,12,0,12,0,12,0,12,0,12
98828,770,33,27,9,15,46,55,34,48,107,71,36,30,8,14,23,26,0,12,66,40,141,76,124,56,61,36,47,31,9,16,26,27
98829,274,0,12,42,39,26,39,12,19,23,24,0,12,40,45,0,12,0,12,11,15,30,49,64,39,26,23,0,12,0,12,0,12
98830,240,25,13,12,11,4,4,23,16,5,5,6,6,17,14,19,12,5,7,29,20,31,21,35,21,2,3,12,16,12,14,3,4
98831,1303,133,98,105,72,85,65,44,29,36,31,16,18,79,63,178,83,19,23,123,58,135,96,152,77,103,48,28,22,39,36,28,27
98832,65,7,9,0,12,4,5,0,12,0,12,6,7,8,8,0,12,1,3,5,6,4,5,5,5,21,31,4,5,0,12,0,12
98833,83,0,12,0,12,0,12,10,14,0,12,0,12,0,12,17,19,0,12,10,15,9,13,16,25,21,21,0,12,0,12,0,12
98834,81,0,12,5,8,12,18,0,12,4,6,5,8,4,5,0,12,15,14,0,12,6,10,0,12,10,11,17,19,0,12,3,6
98836,313,0,12,32,50,24,28,0,12,0,12,0,12,12,17,0,12,41,60,12,18,124,124,0,12,0,12,49,79,19,30,0,12
98837,14646,1075,242,641,210,978,251,1045,234,673,181,1007,266,802,200,740,196,680,236,1137,196,1635,338,1914,300,1163,276,392,162,433,179,331,144
98840,1834,239,90,95,54,75,41,147,91,71,42,131,67,110,56,39,25,127,72,156,61,267,96,178,64,60,40,46,31,33,41,60,47
98841,3445,370,139,196,83,278,103,374,119,148,95,167,87,114,56,94,48,177,64,282,122,406,118,415,139,215,86,103,55,71,61,35,47
98843,503,10,9,7,12,3,5,40,33,35,19,37,21,49,29,4,8,57,53,65,33,58,32,69,33,27,18,13,12,15,11,14,16
98844,1963,117,52,129,63,198,107,173,94,145,80,213,121,119,65,103,59,79,61,203,78,122,69,102,50,202,104,49,44,9,18,0,12
98845,88,2,3,10,12,4,4,8,9,0,12,7,9,0,12,17,15,7,9,17,13,10,7,2,4,0,12,1,3,1,3,2,5
98846,423,26,25,32,35,71,41,32,26,16,15,14,17,39,35,6,14,25,24,32,24,52,41,38,24,4,7,11,10,12,13,13,15
98847,537,44,72,76,58,0,12,0,12,0,12,20,31,20,31,56,50,50,48,83,68,47,61,63,60,23,28,0,12,0,12,55,82
98848,3600,211,77,168,96,266,109,294,108,212,99,155,84,300,114,178,78,150,94,470,148,395,104,383,132,220,75,68,45,90,49,40,27
98849,555,31,37,63,38,17,16,19,27,11,11,71,45,58,32,7,10,93,80,70,65,38,29,28,22,31,42,5,6,13,17,0,12
98850,546,20,23,100,67,27,32,34,22,49,39,38,30,23,21,18,18,11,15,71,41,44,38,58,48,1,3,1,4,51,69,0,12
98851,1800,162,74,188,82,158,81,134,73,89,49,217,94,50,36,109,70,85,58,169,71,161,83,117,47,56,55,15,15,29,24,61,46
98852,5,0,12,0,12,2,4,1,3,0,12,0,12,0,12,0,12,0,12,0,12,0,12,0,12,0,12,0,12,2,4,0,12
98853,2,0,12,0,12,2,4,0,12,0,12,0,12,0,12,0,12,0,12,0,12,0,12,0,12,0,12,0,12,0,12,0,12
98855,2757,271,94,203,109,311,122,238,110,141,82,116,67,109,61,120,49,279,139,240,105,251,132,207,109,154,52,23,23,48,43,46,63
98856,1206,86,44,129,76,100,62,94,56,104,65,127,64,68,50,95,61,86,47,79,46,92,42,82,43,20,21,36,29,4,7,4,6
98857,1196,122,56,77,37,62,41,52,26,114,55,68,36,80,42,47,28,33,20,137,55,125,48,152,61,95,44,19,16,3,5,10,13
98858,839,54,46,41,27,37,27,49,34,65,39,68,39,60,63,60,37,42,29,84,48,35,29,121,60,73,39,34,26,13,9,3,5
98859,146,108,111,5,8,14,22,0,12,0,12,0,12,19,29,0,12,0,12,0,12,0,12,0,12,0,12,0,12,0,12,0,12
98860,114,1,2,18,15,18,19,8,11,3,3,0,12,2,5,1,4,11,12,27,19,11,10,8,7,4,6,2,3,0,12,0,12
98862,974,22,23,69,62,26,21,27,27,44,35,116,59,68,52,59,35,9,13,28,23,207,92,148,55,72,54,24,23,25,24,30,27
98901,9533,942,190,847,173,789,174,878,213,682,199,518,153,589,163,522,175,382,160,695,180,745,171,1018,210,388,106,245,81,111,58,182,100
98902,16433,1543,317,1221,262,1211,229,1317,263,1330,252,1036,241,852,236,796,181,799,194,1206,216,1955,285,1618,246,796,205,327,114,231,100,195,102
98903,5291,314,103,372,143,310,125,299,92,251,102,463,127,350,125,231,96,302,134,446,113,491,144,677,171,330,119,174,104,121,81,160,88
98908,14167,394,153,721,213,666,225,497,165,846,200,875,184,812,200,785,252,626,171,1063,193,1739,239,1895,275,1186,236,799,201,782,202,481,134
98921,261,0,12,49,79,69,78,46,74,97,73,0,12,0,12,0,12,0,12,0,12,0,12,0,12,0,12,0,12,0,12,0,12
98922,2594,59,34,183,112,85,38,207,89,248,106,128,75,132,66,90,44,104,46,290,124,205,81,383,90,255,114,58,37,67,44,100,77
98923,246,0,12,0,12,15,24,12,19,63,96,0,12,31,34,0,12,0,12,38,38,40,36,16,24,16,25,0,12,15,23,0,12
98925,233,4,6,0,12,11,18,18,23,21,24,13,17,21,23,11,17,15,18,3,6,45,34,43,31,16,20,0,12,8,10,4,6
98926,11931,1742,314,905,237,689,174,798,220,579,160,554,171,572,156,419,122,465,136,889,208,1221,201,1292,257,803,143,537,160,337,105,129,60
98929,0,0,12,0,12,0,12,0,12,0,12,0,12,0,12,0,12,0,12,0,12,0,12,0,12,0,12,0,12,0,12,0,12
98930,4623,148,80,332,149,488,197,240,116,366,163,285,114,272,121,321,133,228,119,400,154,561,141,517,155,205,98,131,115,93,60,36,34
98932,1285,136,69,22,18,92,43,84,54,40,28,112,62,97,50,116,68,55,36,115,47,184,91,101,61,63,30,57,64,7,10,4,7
98933,399,14,11,12,12,7,9,12,9,31,18,28,17,45,20,20,16,24,15,43,27,47,22,49,24,26,18,35,26,0,12,6,9
98934,394,39,35,21,23,3,6,34,29,22,20,60,43,21,22,0,12,18,21,11,17,53,44,72,47,36,27,4,6,0,12,0,12
98935,838,61,33,63,38,27,14,45,32,108,47,47,29,87,42,61,29,31,25,95,39,104,44,48,23,26,20,10,15,8,13,17,27
98936,1823,68,44,90,55,22,20,157,91,43,35,78,51,92,51,88,54,153,75,243,81,258,84,238,100,194,67,88,54,11,13,0,17
98937,1594,21,21,26,20,114,100,64,43,32,32,117,86,75,33,142,74,112,66,241,95,150,69,182,89,94,66,85,84,73,47,66,63
98938,557,59,63,11,19,0,12,59,68,0,12,22,28,21,34,33,29,0,12,42,42,68,45,97,61,73,73,29,24,8,13,35,33
98939,22,0,12,9,14,0,12,0,12,4,7,0,12,0,12,0,12,0,12,9,14,0,12,0,12,0,12,0,12,0,12,0,12
98940,377,15,22,0,12,0,12,44,69,0,12,30,32,67,81,17,24,0,12,18,27,17,27,0,12,122,119,0,12,0,12,47,70
98941,375,30,25,22,25,37,28,12,10,4,6,20,22,0,12,11,17,22,22,44,33,48,24,81,50,11,10,14,17,19,20,0,12
98942,6166,199,99,251,117,300,123,323,170,114,59,400,156,426,191,377,133,284,110,525,207,657,178,826,214,613,215,368,120,314,106,189,92
98943,369,9,11,27,22,16,18,60,49,17,19,29,26,14,14,9,12,15,26,32,26,58,39,27,27,38,34,5,9,13,22,0,12
98944,6117,411,165,550,155,674,207,437,160,477,182,450,166,305,136,368,155,261,118,435,154,415,132,800,191,223,86,105,67,134,80,72,60
98946,231,7,8,8,8,3,5,20,20,10,9,12,9,16,13,3,5,27,28,35,30,36,21,8,11,17,13,6,6,23,23,0,12
98947,957,19,14,25,16,24,19,113,72,66,73,112,88,29,21,165,133,18,17,87,48,90,52,77,57,54,46,5,6,57,35,16,23
98948,3463,407,110,291,93,266,111,289,95,280,93,242,85,175,73,110,51,152,55,257,84,401,100,262,84,145,73,66,38,81,42,39,31
98950,111,0,12,0,12,9,13,0,12,0,12,0,12,0,12,0,12,0,12,8,12,39,48,20,23,0,12,35,55,0,12,0,12
98951,3636,281,81,269,89,297,94,188,62,336,80,310,98,220,68,208,70,286,101,395,104,228,73,299,82,150,59,97,45,55,28,17,19
98952,571,83,29,33,25,67,51,22,21,56,43,16,15,42,26,13,14,33,22,37,29,59,33,41,26,26,24,23,19,12,13,8,13
98953,1979,63,38,38,30,105,67,63,44,125,88,121,81,165,80,78,57,108,58,198,83,217,84,275,72,218,106,108,75,57,39,40,38
99001,1435,93,55,201,77,88,58,139,71,68,48,44,35,143,69,56,35,35,32,106,53,172,70,181,81,74,54,27,26,8,12,0,17
99003,2104,76,57,75,69,74,74,88,80,17,18,137,101,81,50,100,57,174,114,160,98,280,114,267,134,311,131,99,63,101,67,64,47
99004,6801,1114,193,430,130,330,120,345,135,353,110,463,171,261,107,353,134,175,94,419,125,825,181,824,217,352,108,262,95,164,76,131,62
99005,2780,22,27,36,35,64,49,112,94,28,31,39,49,64,45,89,55,96,57,213,87,250,113,412,123,499,162,330,129,296,168,230,102
99006,3972,236,89,207,77,170,79,178,90,274,115,273,114,233,88,176,70,212,94,215,106,486,134,560,130,396,132,126,71,111,63,119,88
99008,215,0,12,0,12,29,40,9,14,30,26,13,17,0,12,18,16,0,12,19,21,29,35,42,40,0,12,11,13,15,14,0,12
99009,1414,128,72,27,36,126,108,72,54,78,54,78,56,38,39,53,53,78,88,168,72,165,70,148,76,71,45,79,51,14,21,91,63
99011,749,38,44,4,7,5,7,74,53,47,35,56,36,63,41,89,47,83,56,10,10,138,62,61,36,49,35,23,32,2,6,7,11
99012,414,15,13,45,41,10,12,17,11,19,16,43,21,13,12,44,42,41,28,12,11,72,36,46,21,15,15,12,12,10,13,0,12
99013,634,72,41,21,15,23,19,69,50,52,35,59,35,16,15,4,6,23,20,50,29,60,48,103,42,29,34,42,40,9,14,2,3
99016,4677,291,145,209,97,113,65,100,64,238,91,175,89,237,100,195,95,155,76,738,220,772,192,555,189,453,139,166,78,155,67,125,56
99017,73,0,12,2,3,5,4,10,7,2,3,9,10,9,7,4,4,5,6,4,4,5,4,11,12,2,4,1,2,2,3,2,3
99018,106,2,4,9,8,0,12,0,12,5,5,8,9,2,3,7,7,11,14,41,40,5,6,3,4,13,16,0,12,0,12,0,12
99019,3658,169,95,47,46,212,87,108,74,84,63,180,105,154,98,104,63,158,110,298,133,352,159,609,162,288,108,282,111,305,139,308,113
99020,15,0,12,0,12,0,12,0,12,0,12,0,12,0,12,0,12,0,12,15,23,0,12,0,12,0,12,0,12,0,12,0,12
99021,3482,210,113,69,48,134,79,144,82,196,88,207,78,88,45,282,123,84,57,367,138,324,106,546,130,355,105,209,89,142,74,125,76
99022,3261,79,61,166,118,144,83,205,140,115,97,124,86,139,88,390,158,20,23,345,122,500,188,389,127,319,113,151,90,128,84,47,29
99023,190,9,14,0,12,0,12,0,12,0,12,9,14,8,13,0,12,9,14,28,35,0,12,46,33,0,12,6,11,64,50,11,17
99025,1757,64,52,0,12,29,35,40,36,29,32,83,88,32,35,64,64,103,68,223,111,205,116,416,156,229,141,68,59,115,102,57,51
99026,3517,80,53,67,59,109,77,165,109,163,102,261,110,132,63,166,88,37,49,292,153,473,112,691,197,442,147,218,99,143,75,78,57
99027,2480,165,84,199,115,97,58,151,106,93,67,102,63,96,76,186,94,122,91,219,115,214,104,325,124,257,126,73,51,155,76,26,31
99029,575,12,16,15,16,20,22,24,22,27,26,7,10,61,34,29,26,17,22,41,29,138,67,78,45,53,32,37,31,14,15,2,4
99030,412,7,9,10,6,3,3,7,7,15,15,65,38,8,10,31,19,37,32,20,15,31,16,108,59,42,34,25,18,3,5,0,12
99031,411,92,81,12,11,27,20,48,46,25,19,30,22,16,14,16,14,7,10,18,14,11,15,45,28,26,21,32,33,0,12,6,12
99032,336,29,20,38,28,16,11,36,19,28,19,24,17,32,17,9,8,15,13,27,19,15,15,38,23,22,21,4,6,3,4,0,12
99033,401,22,17,41,26,21,19,44,27,18,12,9,13,13,9,12,13,26,22,39,20,45,29,72,34,20,13,12,11,0,12,7,10
99034,55,0,12,0,12,0,12,0,12,13,21,0,12,0,12,42,64,0,12,0,12,0,12,0,12,0,12,0,12,0,12,0,12
99036,473,0,12,8,13,9,13,31,28,22,35,8,11,56,45,7,12,0,12,61,38,12,14,80,47,56,34,54,45,25,20,44,35
99037,4816,219,149,209,90,212,123,178,81,352,155,181,97,241,91,254,101,178,104,402,145,542,130,578,157,470,143,374,148,244,111,182,97
99039,50,1,3,0,12,0,12,0,12,3,4,3,4,10,11,5,6,5,8,7,7,15,12,0,12,1,3,0,12,0,12,0,12
99040,269,35,18,48,24,31,20,9,7,15,13,12,7,14,12,30,16,5,7,15,10,13,10,13,9,4,6,1,3,16,18,8,10
99101,607,79,62,14,15,34,30,22,18,60,34,83,68,22,13,43,24,17,18,80,66,56,27,81,38,2,3,2,3,12,15,0,12
99102,218,3,5,0,12,7,11,49,34,20,20,26,23,6,10,9,15,18,18,5,6,27,27,6,7,16,16,19,23,7,9,0,12
99103,214,12,9,18,11,7,7,29,17,18,10,7,9,9,5,18,14,9,7,25,16,14,14,20,12,17,14,6,7,5,4,0,12
99105,24,0,12,0,12,0,12,5,5,3,4,5,5,0,12,0,12,0,12,1,2,3,4,1,2,0,12,4,7,2,3,0,12
99109,2154,192,71,144,60,191,68,102,50,180,70,265,88,61,35,129,71,101,51,191,62,187,88,263,82,73,51,41,36,23,24,11,17
99110,532,87,84,29,32,7,11,26,20,44,35,59,45,35,30,23,18,24,31,43,31,52,47,44,31,27,28,5,7,0,12,27,35
99111,1802,118,78,57,38,90,51,146,88,178,90,65,40,105,56,62,44,121,49,168,78,149,60,229,79,161,81,54,40,52,30,47,37
99113,266,6,6,3,4,11,9,5,5,0,12,15,12,14,10,27,15,15,13,8,8,43,21,45,18,35,22,28,15,10,8,1,3
99114,5074,452,111,322,88,367,97,353,117,315,109,276,89,382,90,290,73,101,41,531,130,344,91,606,121,344,91,200,85,72,31,119,60
99115,472,33,27,46,29,13,12,37,19,25,13,31,15,25,21,25,17,25,17,17,12,69,31,56,28,27,17,28,28,5,6,10,9
99116,665,47,23,27,20,44,25,20,14,47,33,42,27,22,12,38,20,44,18,65,32,112,34,72,32,29,17,18,11,34,30,4,5
99117,212,8,8,18,14,13,9,10,10,18,15,20,19,13,12,16,18,15,13,4,5,23,16,28,15,14,11,8,8,4,5,0,12
99118,317,39,29,29,22,15,11,12,10,24,26,24,19,8,12,17,13,8,9,20,15,44,28,31,21,14,12,22,21,3,5,7,9
99119,426,44,23,31,22,34,39,42,31,38,25,6,9,16,12,9,9,13,13,33,20,43,24,56,30,30,29,11,19,15,13,5,8
99121,65,8,9,16,17,0,12,0,12,0,12,0,12,4,8,0,12,12,18,0,12,7,8,3,5,8,10,7,13,0,12,0,12
99122,1455,58,27,153,55,90,38,29,29,54,32,80,38,96,51,86,35,57,33,161,55,177,61,148,38,135,53,52,32,33,22,46,42
99123,540,14,15,32,26,31,24,43,26,3,5,26,18,11,10,33,26,33,24,40,25,116,65,48,30,57,41,23,20,16,18,14,17
99124,121,5,5,15,13,14,13,6,5,4,4,3,4,3,5,11,9,3,4,8,7,12,9,11,7,5,5,5,5,15,16,1,2
99125,245,26,16,17,13,2,3,9,6,20,9,15,10,14,12,24,16,16,11,44,23,23,9,22,13,5,5,3,4,3,3,2,3
99126,403,0,12,36,42,41,36,0,12,0,12,48,69,20,24,34,51,23,32,88,79,3,4,93,102,17,26,0,12,0,12,0,12
99128,122,4,4,3,4,4,5,13,10,5,4,3,5,4,6,2,4,1,3,9,6,11,8,30,20,10,7,8,6,5,5,10,11
99129,337,44,20,47,28,21,12,22,11,28,19,10,10,20,14,24,16,10,9,31,19,14,9,29,14,14,11,17,11,0,12,6,7
99130,339,14,13,11,11,14,11,33,19,19,18,30,17,25,13,14,7,17,13,30,16,57,20,33,19,21,12,11,9,9,6,1,3
99131,77,0,12,6,5,12,12,8,7,4,6,5,5,0,12,10,8,2,3,9,6,7,8,6,6,5,5,0,12,3,4,0,12
99133,701,96,51,55,24,49,24,38,20,60,38,60,39,8,13,82,45,36,28,10,8,86,56,43,30,28,24,5,6,9,9,36,31
99134,252,13,12,14,13,20,13,7,6,17,13,1,4,6,6,5,5,20,15,23,16,4,5,49,29,47,41,14,12,1,4,11,10
99135,107,6,8,1,2,6,5,6,7,0,12,1,2,9,10,0,12,19,20,3,4,12,9,13,11,16,18,4,5,0,12,11,17
99136,18,3,4,3,4,3,4,0,12,0,12,0,12,0,12,0,12,4,5,0,12,0,12,2,4,0,12,3,4,0,12,0,12
99137,148,10,9,0,12,15,17,13,10,19,18,4,5,19,18,0,12,17,18,9,11,36,25,3,4,3,4,0,12,0,12,0,12
99138,464,73,32,53,23,52,26,47,21,38,18,7,10,25,17,34,19,16,12,47,22,35,15,14,11,13,14,3,5,7,9,0,12
99139,539,47,41,20,18,38,30,55,38,31,26,20,14,7,11,26,31,37,25,90,45,61,40,38,21,38,33,15,14,7,8,9,11
99140,150,39,16,8,8,12,10,17,15,2,3,11,8,8,8,5,7,5,6,0,12,7,6,24,16,9,10,3,4,0,12,0,12
99141,2237,80,31,140,56,176,60,63,31,151,83,241,106,209,73,70,36,180,106,280,86,266,75,223,69,112,46,25,27,8,13,13,19
99143,296,35,17,22,13,27,11,17,14,16,11,13,9,16,10,29,20,11,10,14,11,23,15,25,13,25,15,4,4,16,11,3,4
99144,20,10,16,0,12,0,12,0,12,0,12,0,12,0,12,0,12,0,12,0,12,4,5,3,4,3,5,0,12,0,12,0,12
99146,25,3,4,0,12,3,4,0,12,0,12,0,12,0,12,0,12,0,12,4,6,12,21,0,12,0,12,3,6,0,12,0,12
99147,68,8,8,0,12,3,5,5,6,6,6,3,5,3,5,0,12,6,6,6,6,12,10,9,10,3,4,0,12,0,12,4,6
99148,932,62,32,27,22,40,28,64,37,26,15,64,41,36,26,116,57,70,41,103,45,59,29,150,58,50,26,22,14,25,18,18,19
99149,90,10,8,4,4,8,6,7,8,7,8,14,13,11,10,7,8,8,8,1,3,3,4,0,12,10,11,0,12,0,12,0,12
99150,93,23,22,6,7,10,9,6,7,3,4,4,7,7,12,0,12,0,12,7,10,8,8,14,14,2,4,3,4,0,12,0,12
99151,72,2,4,4,5,9,9,9,7,11,10,7,7,3,4,13,11,3,7,5,9,2,3,2,3,1,4,1,3,0,12,0,12
99152,94,0,12,4,4,12,14,0,12,0,12,7,9,2,3,4,7,1,3,24,20,11,11,14,13,8,8,0,12,7,9,0,12
99153,225,22,14,6,9,6,6,44,44,14,13,27,28,16,15,3,4,10,9,4,8,4,7,49,36,15,22,5,6,0,12,0,12
99154,13,3,4,0,12,0,12,0,12,0,12,0,12,0,12,0,12,3,4,0,12,0,12,0,12,5,5,0,12,2,3,0,12
99155,337,95,38,46,17,12,11,30,21,18,16,24,13,9,9,5,7,11,9,44,23,12,11,15,12,7,7,0,12,9,10,0,12
99156,3533,450,121,239,93,308,117,268,77,279,116,144,60,150,68,183,88,200,74,331,90,365,111,315,91,136,55,72,38,60,38,33,26
99157,358,58,34,28,18,63,31,35,25,27,20,19,14,28,17,8,8,6,9,12,12,14,12,14,10,24,21,3,4,19,25,0,12
99158,275,14,9,13,11,6,4,15,10,17,11,37,25,18,7,11,8,23,15,30,15,37,20,20,12,17,11,9,6,1,3,7,7
99159,599,14,14,43,24,20,14,55,27,17,16,57,31,42,20,24,20,40,20,52,27,44,26,64,25,55,31,29,16,23,15,20,21
99160,71,19,20,17,17,18,17,6,9,0,12,0,12,3,4,0,12,3,5,0,12,3,5,2,5,0,12,0,12,0,12,0,12
99161,577,27,16,29,21,19,18,19,15,20,19,24,12,44,23,24,14,40,23,71,34,96,35,65,26,28,13,31,17,33,19,7,8
99163,11196,2550,379,1149,186,914,194,818,178,553,170,393,110,429,120,198,71,342,120,470,121,560,117,943,196,704,139,274,81,425,110,474,116
99164,0,0,12,0,12,0,12,0,12,0,12,0,12,0,12,0,12,0,12,0,12,0,12,0,12,0,12,0,12,0,12,0,12
99166,1504,159,53,145,54,56,40,166,73,68,36,41,31,97,59,184,71,17,18,115,45,126,64,178,68,38,25,58,42,37,26,19,22
99167,284,13,15,7,7,15,20,22,21,11,11,29,30,9,6,35,33,22,24,42,24,42,31,17,19,13,14,5,6,2,3,0,12
99169,1121,102,46,82,43,54,27,74,25,80,35,20,13,88,32,41,25,63,28,87,32,113,43,128,54,68,29,40,20,76,40,5,7
99170,455,19,13,20,13,38,16,37,18,46,25,29,18,28,21,38,20,21,16,39,22,51,23,32,16,25,13,14,11,16,16,2,4
99171,488,45,24,28,14,30,12,64,55,28,17,18,9,21,12,36,29,22,9,41,28,64,22,31,13,20,10,10,8,15,20,15,13
99173,593,24,21,60,40,41,24,47,34,36,42,76,54,51,45,33,26,26,16,51,41,63,44,67,47,6,10,0,12,12,18,0,12
99174,30,1,3,7,10,0,12,2,3,1,2,0,12,6,7,0,12,0,12,0,12,0,12,13,9,0,12,0,12,0,12,0,12
99176,79,12,16,0,12,3,4,3,4,0,12,3,4,4,4,6,6,0,12,22,12,3,4,9,6,5,6,9,8,0,12,0,12
99179,243,0,12,7,6,5,6,12,10,7,6,15,9,6,8,15,14,4,6,31,18,42,21,68,25,21,16,4,4,6,5,0,12
99180,432,43,28,46,41,21,17,34,21,15,16,48,42,6,11,45,49,17,15,31,20,34,30,55,34,13,19,19,21,5,7,0,12
99181,764,130,67,74,39,49,28,62,37,56,28,52,35,39,42,58,32,11,8,94,64,74,41,30,22,12,9,6,7,9,13,8,8
99185,537,27,19,24,16,27,18,67,34,42,21,23,12,42,28,40,20,35,23,25,15,42,22,71,20,36,25,26,11,2,4,8,10
99201,6628,1503,230,766,226,646,199,576,173,466,153,366,140,259,117,221,77,149,81,476,159,475,144,351,108,130,82,68,53,64,52,112,62
99202,7034,1110,238,776,196,404,138,470,132,449,165,412,164,389,130,434,150,261,103,612,157,555,138,660,159,194,81,112,62,77,50,119,56
99203,8966,497,190,294,130,258,85,359,140,338,110,303,97,356,111,324,103,354,138,622,162,1249,240,1363,205,1044,221,587,117,461,113,557,119
99204,3639,440,155,361,184,480,148,341,137,213,86,252,113,234,116,193,83,127,77,98,56,195,81,251,102,115,83,185,121,73,51,81,52
99205,17476,1232,251,922,149,1264,197,946,144,1128,213,1227,215,961,176,955,160,880,182,1804,265,1971,267,2542,325,932,191,452,156,146,79,114,78
99206,14406,896,193,602,154,604,193,895,154,850,184,1186,246,644,182,878,188,351,111,1501,271,1493,244,2101,280,1043,175,577,141,508,145,277,127
99207,11941,1213,267,951,220,1222,299,1029,280,817,196,1105,208,904,220,588,194,440,145,1099,228,885,178,1076,240,412,140,74,68,102,85,24,27
99208,19622,1200,269,839,197,1171,252,1120,245,1083,167,1077,211,857,198,759,163,767,204,1583,260,2035,260,2592,322,1830,272,989,216,1101,185,619,161
99212,7997,612,141,516,168,407,134,431,119,373,107,452,130,417,123,263,86,431,147,642,128,1191,196,958,175,576,158,312,113,265,102,151,71
99216,10048,576,151,619,167,663,165,826,237,838,226,339,112,567,179,490,172,649,144,855,216,1194,209,1117,209,692,179,359,125,184,88,80,46
99217,7195,601,188,426,148,408,146,340,120,307,115,368,131,493,134,403,146,264,83,649,173,1009,252,1032,195,471,159,104,49,151,81,169,72
99218,5719,447,134,372,129,304,90,377,147,382,141,359,123,252,87,179,93,213,83,505,144,692,186,671,163,361,112,279,105,174,78,152,87
99223,12849,746,176,594,164,486,126,538,148,577,166,470,133,725,215,506,122,410,130,1022,197,1519,233,1854,286,1108,176,623,170,883,177,788,155
99224,8246,573,180,356,103,425,117,473,168,392,114,377,113,289,97,417,137,289,83,688,156,735,154,1109,200,672,175,408,107,507,141,536,173
99301,21598,1424,334,1118,255,1084,257,1091,222,985,248,964,250,1247,274,872,244,794,212,1739,315,2911,452,3400,489,1697,261,964,199,832,179,476,150
99320,3312,194,94,72,48,106,53,163,74,158,78,166,86,114,60,93,49,283,125,197,92,489,119,531,116,457,139,137,58,121,68,31,33
99321,138,0,12,0,12,0,12,0,12,53,43,0,12,0,12,0,12,0,12,50,76,0,12,35,38,0,12,0,12,0,12,0,12
99322,78,10,17,0,12,5,6,1,2,2,3,2,4,6,8,4,7,4,5,7,6,7,6,20,11,6,6,1,3,3,4,0,12
99323,1205,33,41,33,52,25,28,36,34,65,53,13,19,5,10,129,69,49,39,64,39,150,70,184,70,245,81,121,61,36,30,17,19
99324,3577,282,129,186,88,198,123,253,139,193,94,184,99,227,106,351,139,204,109,348,109,436,138,323,110,166,95,128,66,81,83,17,19
99326,1345,90,64,51,40,86,71,116,73,57,45,32,29,51,43,79,40,31,33,180,92,174,82,203,98,105,63,26,33,49,57,15,18
99328,1568,139,55,96,40,188,68,94,48,91,45,54,29,133,45,69,34,63,32,163,49,156,67,140,50,67,36,32,20,55,32,28,25
99329,82,0,12,11,14,8,9,7,7,7,13,0,12,0,12,7,11,0,12,8,11,15,12,4,4,12,14,3,4,0,12,0,12
99330,255,12,19,0,12,54,70,0,12,0,12,15,25,22,41,17,23,11,19,16,18,17,20,53,43,22,29,0,12,16,17,0,12
99333,18,0,12,0,12,2,3,7,7,2,3,0,12,0,12,0,12,0,12,3,4,1,3,3,4,0,12,0,12,0,12,0,12
99335,96,6,10,5,8,7,9,4,8,4,5,12,13,10,12,2,4,8,11,12,12,6,9,6,10,11,11,0,12,3,6,0,12
99336,18090,1397,198,1149,248,1044,279,1829,311,1096,249,802,208,1366,299,807,219,640,177,1791,297,1812,304,2013,349,1006,206,431,145,489,162,418,154
99337,10476,370,133,268,96,339,140,535,179,416,146,622,166,490,143,568,192,411,135,847,198,878,210,1762,279,1368,249,737,181,382,125,483,140
99338,4340,71,52,44,43,89,56,146,90,178,117,111,63,75,54,143,76,150,80,204,87,376,136,713,171,648,160,620,189,524,151,248,86
99341,277,22,17,11,12,0,12,19,19,20,15,12,11,17,17,5,7,22,17,26,18,11,7,71,31,22,19,6,8,11,12,2,3
99343,763,2,4,91,49,30,31,58,46,34,36,34,27,47,49,15,15,19,24,138,54,36,28,166,72,12,16,31,32,22,23,28,24
99344,4837,333,95,251,110,306,117,235,94,307,104,422,138,330,103,289,114,272,101,492,127,640,161,456,109,231,79,72,41,141,88,60,38
99345,69,0,12,0,12,0,12,0,12,8,9,6,7,6,10,2,4,4,7,19,16,3,4,7,8,5,8,0,12,0,12,9,9
99346,167,40,41,0,12,13,20,13,11,0,12,19,18,12,11,18,23,0,12,5,7,6,6,4,5,25,24,12,17,0,12,0,12
99347,951,19,15,30,20,63,30,60,29,62,30,52,42,83,45,31,16,56,27,112,41,123,47,173,54,35,29,8,8,32,19,12,15
99348,488,23,18,38,28,26,22,29,31,12,13,46,35,72,58,40,26,43,42,29,19,39,21,56,27,17,9,10,11,6,8,2,4
99349,1829,58,43,41,37,111,64,17,22,246,116,158,74,98,59,101,63,156,93,245,107,199,86,235,118,126,83,28,27,0,17,10,18
99350,4672,275,144,323,146,238,126,175,111,136,67,142,75,168,99,197,113,324,170,480,197,828,205,518,182,290,113,328,148,143,77,107,74
99352,11375,540,181,369,102,472,117,538,159,365,127,312,113,470,168,508,125,386,119,677,152,950,184,1559,259,1283,227,894,218,1051,241,1001,189
99353,5001,252,137,139,74,164,70,90,55,130,85,160,68,115,58,107,53,221,77,354,98,621,151,837,149,553,141,484,121,478,124,296,131
99354,9008,313,135,483,146,289,125,433,144,393,130,440,152,270,83,418,141,501,142,771,178,882,180,1336,211,998,188,506,125,507,117,468,131
99356,100,1,3,25,41,15,17,8,10,4,6,9,7,6,7,3,4,3,5,6,6,8,11,4,5,2,4,5,5,0,12,1,3
99357,931,84,44,61,67,87,51,70,37,55,35,89,65,75,52,45,35,8,12,106,55,122,76,53,40,23,19,14,15,35,40,4,7
99359,57,4,6,7,8,6,8,0,12,0,12,13,13,4,6,6,6,2,5,0,12,8,10,0,12,0,12,0,12,4,7,3,7
99360,459,15,11,7,8,37,28,16,16,21,16,16,16,16,14,30,18,24,22,44,20,41,21,87,38,49,23,22,20,9,12,25,15
99361,665,64,34,53,31,21,18,42,26,29,22,27,17,47,22,33,26,23,14,58,29,68,33,74,31,55,27,25,16,11,10,35,23
99362,15247,1424,244,1057,219,873,219,653,158,945,212,910,239,619,152,676,151,809,196,1233,245,1639,334,1819,267,877,191,588,148,717,167,408,140
99363,11,0,12,0,12,0,12,11,16,0,12,0,12,0,12,0,12,0,12,0,12,0,12,0,12,0,12,0,12,0,12,0,12
99371,170,28,19,5,5,17,8,7,8,3,3,6,7,5,4,6,7,3,4,14,9,36,31,24,12,10,8,0,12,1,3,5,4
99401,133,9,13,9,14,10,15,8,13,0,12,19,30,0,12,0,12,0,12,0,12,41,33,27,42,0,12,0,12,0,12,10,15
99402,700,52,35,35,32,30,21,55,35,14,15,35,29,36,36,34,26,31,29,94,41,71,40,86,43,60,34,10,9,13,18,44,37
99403,8594,718,165,536,150,683,166,700,161,551,130,493,120,400,117,507,133,533,154,572,131,842,158,952,158,439,113,241,91,295,109,132,77
