zip,private,uninsured,public,private_only,employment,employed_only,directpurchase,directpurchase_only,military,military_only,public_alone,medicare,medicare_alone,medicaid,medicaid_alone,va,va_only
98001,69.4,14.1,27,57.2,60.7,52.3,9.7,4.3,2.5,0.6,15.1,11.7,2.8,16.8,12.3,1.7,0.1
98002,48.9,19.5,41.9,36.5,41,33.4,9.3,2.6,2,0.5,28.4,14.9,3.9,30.1,24.2,2.1,0.2
98003,56.5,17.3,36.7,44.8,47.7,40.8,8.8,3.5,2.3,0.6,22.4,15.3,3.2,25.1,18.9,2.4,0.3
98004,85.2,7.3,19.4,71,67.2,59.3,20.7,11.6,1.6,0.2,6.5,15.9,4.3,4.9,2.1,1,0.1
98005,81.2,9.9,19.8,69.2,65.3,58.2,17.9,10.8,1,0.1,7.5,14.4,3.4,7,3.9,1.2,0.2
98006,84.3,7.4,19.3,71.4,71,62.5,15.4,8.6,2.1,0.4,7.2,13.7,3.3,6.4,3.7,1.5,0.2
98007,74.6,11.7,21.1,65.6,64.8,58.3,11.5,6.7,1.3,0.6,12.1,11.6,3.5,11.7,8.5,0.7,0
98008,79,10.3,21.7,66.4,66.8,58.5,14.5,7.5,1.5,0.3,8.7,15.9,3.6,8.4,4.9,1,0.1
98010,80.3,7.1,20.4,69.8,70.7,64.3,12.9,5.6,0.2,0,11.2,13.2,4.9,7.6,6.1,1.1,0.1
98011,79.5,10.1,21.3,66.5,67.2,59.2,13.3,6.9,2.5,0.5,9.1,13.1,3.2,9.5,5.4,1.7,0.4
98012,81.6,9.3,18,69.8,67.5,59.6,15.4,8.9,3,1.3,8,10.6,2.7,8.6,5.2,1.3,0.1
98014,84.5,7,17.5,73.1,73.6,66,12.6,6.7,1.2,0.5,7.6,8.9,2.8,8,4.4,2.3,0.4
98019,87.1,6.1,13.9,76.3,76.9,68.6,13.7,7.3,1.2,0.3,6.3,8.8,2.4,5.8,3.9,0.2,0
98020,86.8,4.4,28.9,65.5,68.2,54.4,21.8,10.9,2.6,0.2,7.8,24.8,4.8,6.1,3,1.8,0
98021,87.6,5.9,15.9,76.6,76.2,68.9,12.6,6.9,2.1,0.7,5.7,11.2,2.4,5.7,3,1.4,0.3
98022,73.3,12.2,26.3,59.3,59.9,50.4,14.6,7,3.2,1.9,12.7,15.8,4.5,12.1,8.1,1.8,0.2
98023,68,14.1,26.8,57.1,58.1,50.7,9.9,4.9,3.3,1.5,16.4,10.3,2.4,17.4,13.7,1.7,0.4
98024,78.9,11.8,17.4,68,63.9,55.7,17.8,12.1,1.5,0.3,7.3,9.6,1,9.2,6.3,1.5,0
98026,78.8,9.8,23.1,64.3,65.1,55.7,15.8,8.1,2.5,0.5,10.2,14.5,3.5,9.9,6.4,1.3,0.2
98027,86.7,5.5,18.2,74.9,74,65.8,14,8.4,2.2,0.7,7,12.6,2.9,6.6,3.9,1.2,0.2
98028,77.4,8.7,24.7,64.6,66.6,58.2,13.7,6.3,1.2,0.1,11.8,14.1,3.7,13.2,8.1,0.9,0.1
98029,89.5,6.7,11.6,79.7,77.3,70.2,13.8,9,1.6,0.6,3.6,9.7,2.1,2.4,1.5,0.5,0
98030,54.7,17.8,34.8,45.6,47.8,42.2,8.7,3.3,1,0.1,24.8,11.4,3,26.1,21.4,1.2,0.4
98031,67.4,13.8,27.2,56.4,58.5,50.6,10.5,4.8,2.1,1,16.8,10.5,2.5,18,14,1.4,0.3
98032,55.8,20.6,31.4,46.2,48,41.3,9.2,3.6,2.5,1.3,20.7,11.1,2.3,23.5,18.2,1.6,0.2
98033,87,6.1,15.8,75.3,73.4,65.6,16.9,9.3,1.1,0.4,6.3,12,3.5,4.4,2.7,1.2,0.1
98034,79.5,11.2,18.2,69.2,68.9,62.4,11.8,6.3,1.5,0.5,8,11.3,2.6,8.2,5.1,1.2,0.2
98036,70.6,14.1,24.5,60.2,59,52.8,12.4,6.8,1.4,0.6,13.1,13.5,3.4,13.2,9.5,1.5,0.3
98037,68.8,15.1,25.3,57.3,59.6,51.8,11.3,4.9,2,0.5,14.2,12.5,3,14.7,10.9,1.7,0.3
98038,83.6,7.7,18.4,72.4,73.6,66.5,10.9,5.6,1.6,0.3,8,10.5,2.7,8.2,5,1.3,0.3
98039,92.4,2.1,18.3,77.9,67.1,59,28,19,1.3,0,5.5,16.9,4.9,1.3,0.6,1.2,0
98040,91,3,21.1,73.7,69.9,59.5,24.6,14,1.7,0.2,4.8,19.6,3.8,3.6,0.9,0.8,0
98042,79.5,7.9,21.8,68.2,71.1,63.2,9.8,4.7,2.3,0.3,11.4,10.8,2.9,12,8.3,1.8,0.3
98043,69.3,14.4,26.8,57.7,58.9,52.3,11,4.8,1.6,0.6,14.2,13.8,3.3,14.3,10.4,2,0.5
98045,81.8,7.9,19.9,70.6,74.6,66.4,8.4,3.9,1.7,0.3,9.5,9.8,2.3,9.9,7.1,1.5,0
98047,61.6,17.8,28,52.6,54,48,6,1.8,4,2.8,18.1,7.8,2.5,22,15.2,1.9,0.4
98050,89.9,0,10.1,89.9,89.9,89.9,0,0,0,0,10.1,0,0,10.1,10.1,0,0
98051,72.3,12.7,23.3,63.1,60.4,53.6,13.6,9.5,0.3,0,14,9.4,2,13.4,11.6,3.1,0.3
98052,85.4,7.6,13.9,76.8,74.7,69.3,12.4,7.4,0.9,0.1,5.9,9.3,2.2,6.2,3.6,0.8,0
98053,92.2,3.8,16.4,77.6,77.2,66.9,17.1,9.7,2.8,0.9,3.9,13.8,2.8,3.1,1,0.5,0.1
98055,70.4,14.7,24.2,58.6,60.9,53.9,11.8,4.5,1.6,0.3,13.3,12.6,4,13.2,9.2,1.4,0.2
98056,68.3,16.5,23.5,58.4,59.5,52.4,10.6,5.7,1.2,0.3,13.6,10,2.4,15,11,1.2,0.2
98057,58.2,21.2,30.1,48.4,50,43.6,6.9,3.1,2.8,1.7,18.6,14.3,4.9,17.7,13.2,2.1,0.5
98058,75.9,11.1,22.1,64.8,67.6,59.7,9.9,4.3,2,0.9,11.6,11.4,2.4,12,9,1.3,0.2
98059,80.7,9,20.3,68.9,70.9,62.5,12.7,6.1,1,0.3,9.1,11.6,2.5,9.9,6.3,1.2,0.2
98065,93,3.1,10.2,85.4,83.7,79,10,5.9,1.3,0.4,3.7,5.7,0.7,4.4,3.1,0.5,0
98068,69.6,27.9,12.1,60,49.6,49.6,20,10.4,0,0,2.5,9.6,0,2.5,2.5,0,0
98070,82.8,5.5,27.3,65.8,58.1,48.6,26.3,16.2,2,1.1,10.9,20.3,4.9,8.3,5.7,1.4,0.3
98072,86.7,6.3,15.9,75.5,73.8,65.8,14.7,8.7,2.2,0.9,6.4,11.1,3,5.7,3.4,0.8,0.1
98074,94.1,2.2,9.5,85.9,84,78,13.4,7.8,0.8,0,3.3,7,1.6,2.7,1.6,0.5,0
98075,94.8,3.1,7.9,87.9,84.8,79.5,11.2,7.9,0.9,0.5,1.6,6,1.2,2.2,0.4,0.9,0
98077,89.2,4.2,13.8,79.8,76.6,70.1,14.6,9.4,1.1,0.3,5.9,9.7,3.2,4.1,2.1,1.3,0.7
98087,68.7,14,25.4,58.6,56.2,50.2,11.9,6.7,3.3,1.7,15.8,9.2,2.9,17.3,12.3,1.5,0.5
98092,73.8,11,23.4,63.1,63.7,56.2,11.4,5.8,2.6,1,14,10.8,2.8,13.7,11,1.4,0.1
98101,74.6,8.4,30.9,59.5,62.6,52.8,15,6.4,1.5,0.3,10.4,22.1,3.9,14.9,5.7,3.5,0.9
98102,83.5,10.2,12.1,75.8,69.3,63.8,15.7,11.4,1.9,0.6,5.4,8.8,2.3,4.3,2.8,1.3,0.3
98103,85.2,8.3,13.3,76.5,70.1,64.1,16.9,11.9,1.1,0.5,5.7,8.6,2.2,5.6,3.2,1.1,0.3
98104,51.5,17.3,41.1,39.9,39.3,31.9,14,7.9,1.5,0.1,22,21.5,3.6,28.1,17.5,2.2,0.9
98105,84.7,9.2,11.9,76.5,66,60.2,20.3,15.7,1.5,0.7,4.9,7.7,2,5,2.7,1.1,0.3
98106,61,16.5,29,52,51.8,45.5,11.4,5.8,1.4,0.7,19.4,11.3,3.4,20.4,15.8,1.5,0.3
98107,84.9,8.9,15.1,73.2,70.6,62.1,18.5,10.9,1.2,0.2,5.2,9.9,1.9,5.6,2.8,2.4,0.5
98108,57.1,15.5,35.2,47.5,47.4,41.3,11.3,6,1,0.2,23.6,13.4,4.2,25.9,19.1,1.2,0.3
98109,85.2,8.5,14.7,73.7,72.3,64.6,16.2,8,1.4,1.1,5.2,11.3,2.9,5.2,2.3,0.7,0
98110,85.9,5.3,23.5,68.4,67.1,55.2,22.3,12.1,3.8,1.2,7.8,19,4.9,5.9,2.7,1.8,0.3
98112,86,5.1,19,73.8,69.9,62.1,18.4,11.6,1.1,0.1,7.7,13.9,3.8,6.3,3.9,1.1,0.1
98115,87.4,6.6,15.4,76.2,74.7,67.1,15.3,9,1.1,0.2,5.2,11.6,2.4,4.4,2.6,1.1,0.2
98116,84.2,6.9,21.1,70.6,70.7,61.7,15.7,7.9,1.8,1,7.5,14.7,3.3,7,3.7,2,0.5
98117,87,7,14.1,76.6,74.2,66.9,15.7,9.6,0.9,0.1,5.5,10.3,2.4,4.6,2.9,0.6,0.1
98118,56.6,17.8,32.8,48.3,48.2,42.9,9.3,5.1,1.4,0.3,21.6,13,3.6,24.6,17.6,1.7,0.3
98119,87.9,6.4,12.1,78.8,71.8,65.2,19.4,13.3,1.2,0.3,4.6,10.2,3,3.5,1.4,0.4,0.3
98121,76.3,10,21.3,66.8,64.1,57.9,13.7,8.8,0.9,0.2,8.5,14.3,3.1,10.7,5,2.2,0.4
98122,75.2,13.3,18,66.9,62.7,57.2,13.9,9.1,1.1,0.6,8.7,9.2,1.7,11.2,6.7,1.3,0.3
98125,71.8,12.7,26.8,59,58,50.6,15.6,7.7,1.7,0.7,13.2,15.5,4.2,13.6,8.8,1.9,0.1
98126,71.4,10.3,27.2,61.3,60.9,54.1,11.3,6.8,1.5,0.3,15,12.9,3.3,17.5,11.6,1.2,0.1
98133,68.1,15,28.2,55.4,56.7,48.5,13.5,6.5,1.5,0.3,14.4,15.6,3.9,14.6,9.8,2.3,0.8
98134,22.8,23.9,56.8,18.4,18.9,15.7,4.7,2.7,0,0,38,25.2,7.1,43.8,27.4,5.7,3.5
98136,86.9,6.1,17.5,75.2,73,65.6,14.9,9,1.7,0.5,6.1,12.5,2.6,5.8,3.4,1.6,0.1
98144,66.7,14.3,26.6,57.8,55,50,13.1,7.4,1.1,0.3,14.4,14.9,4.1,17,9.8,1.2,0.4
98146,62.6,15.1,31.7,51.6,54,47,10.1,4.5,0.8,0.1,19.4,13.3,3,21.9,16.2,1.4,0.2
98148,59.6,16.2,35.1,46.9,48.7,41.3,10.2,3.1,3.5,2.5,21.3,14.2,2.4,24.5,18.7,1.7,0.2
98154,-,-,-,-,-,-,-,-,-,-,-,-,-,-,-,-,-
98155,76.7,10.8,23.9,63.5,65.5,57,13.3,6.2,1.5,0.3,10.1,15.5,3.2,11,6.7,1.3,0.1
98158,-,-,-,-,-,-,-,-,-,-,-,-,-,-,-,-,-
98164,100,0,45.2,54.8,82.2,37,17.8,17.8,0,0,0,45.2,0,0,0,0,0
98166,71.2,12.6,30.6,54.8,58.3,48.2,14.7,6.4,2,0.2,14.6,17.1,3.6,16.2,11,1.6,0.1
98168,48.3,20.8,39.3,38.9,41.2,35.2,8.1,2.9,1.4,0.8,28.4,12.9,4,28.4,24.1,1.7,0.3
98174,0,0,100,0,0,0,0,0,0,0,100,9.7,9.7,90.3,90.3,0,0
98177,87,5.3,23.9,68.2,70.1,57.8,19.4,9.8,2.5,0.6,6,19.8,4.1,5.6,1.8,1.3,0.1
98178,62.5,14.6,32.8,49.4,52.9,44.2,12.3,4.6,2,0.6,19.4,16.7,4.7,20.6,14.5,1.4,0.2
98188,48.2,22.3,40,36.8,40.3,33.1,8.5,3.3,1.2,0.5,27.3,13.8,4.1,29.4,23,1.1,0.2
98195,-,-,-,-,-,-,-,-,-,-,-,-,-,-,-,-,-
98198,58.1,19.3,31.1,48.2,49.7,42.8,10.4,5,1,0.4,19.8,13.9,4,19.6,15.5,1.9,0.3
98199,86.8,6.3,17.8,73.2,71.1,62.5,17.6,10.3,2.7,0.4,5.9,13.3,2.2,4.7,2.9,1.7,0.8
98201,57.4,17.6,35.9,44.8,48.2,40.3,9,3.1,3.6,1.4,20.5,16.1,3.9,23.8,16,2.6,0.6
98203,62.5,15.9,31.7,51.4,53.7,47.3,8.8,3.4,1.9,0.7,18.3,14,3,20.6,15.2,1.7,0.1
98204,49.6,21.1,35.5,42.4,43.3,38.9,5.5,2.1,2.8,1.5,26.6,9.9,3.2,27.7,22.8,1.8,0.5
98205,73.6,10.3,25.7,63.2,60.5,54.6,12.2,6.8,3.2,1.8,15.3,12.4,3.7,14.3,11.2,1.8,0.4
98207,-,-,-,-,-,-,-,-,-,-,-,-,-,-,-,-,-
98208,74.9,11.5,22.6,63.9,65.9,58,8.9,4.4,3.4,1.5,11.8,10.4,2.9,13.8,8.7,1.6,0.3
98220,60.4,23.7,30.4,34.8,39.4,22.9,23.7,11.9,11.1,0,13,17.7,3,10,10,5.6,0
98221,74.6,9.9,36.9,50.6,51,37.6,22.4,9.1,8.9,3.9,13.8,27.5,6.2,11.6,7.3,2.2,0.3
98222,88.7,5.7,32.1,56.6,67.9,43.4,45.3,13.2,0,0,5.7,32.1,5.7,0,0,0,0
98223,71.5,11.9,28.7,57.3,59.5,50.5,12,5.7,3.4,1.2,15,14.5,5,15.7,9.4,2.2,0.6
98224,59.4,23.4,19.2,57.5,39.1,39.1,20.3,18.4,0,0,14.9,13.4,9.2,5.4,3.1,3.4,2.7
98225,70.7,13.9,23.7,60.6,57.4,51.2,14.4,8.7,2.1,0.7,13.1,12.4,3.2,14,9.6,1.2,0.2
98226,69.7,11.8,32.3,53.5,56.5,45.4,15.1,6.8,3.3,1.3,16.6,17.6,4.3,17,11.9,2.1,0.4
98229,73.8,9.9,30.1,58.3,53.9,45.3,21.4,11.9,2.6,1.2,14.7,17.8,3.9,13.5,10.4,1.8,0.4
98230,73.6,10.3,32.1,54.5,57.6,45.1,19.5,8.2,3.5,1.2,14.1,20.1,5.3,13.5,8.4,2.8,0.5
98232,79.7,9,28.1,61.9,65.4,54.4,15,6.6,1.6,0.9,9.3,23.2,7.3,5.3,1.5,2.9,0.5
98233,61.7,15.4,36.9,45.3,46.3,35.8,16.1,7.6,4.1,1.9,21.1,18,5.3,20.7,15.3,2.2,0.5
98235,0,23.9,76.1,0,0,0,0,0,0,0,76.1,0,0,76.1,76.1,0,0
98236,74.4,10.6,31.1,57.8,52.5,43,21.8,13.8,3.9,0.9,14.2,22.7,7.4,9.2,6.7,2.3,0.2
98237,56.8,16.4,44,38,42.6,33.3,14.6,4.6,3.1,0.1,22.4,21.6,3.9,27.1,18.5,3.1,0
98238,50,0,100,0,0,0,50,0,0,0,50,100,50,0,0,0,0
98239,72.1,13.2,40,43.1,47.8,33.1,18.5,5.9,14.6,4,13,29.3,5.2,10.8,7.2,5.2,0.6
98240,65,13.3,31.8,54.5,47.7,44.4,13.8,7.7,5.9,2.4,21.2,14.5,6.8,15.4,14.4,3.7,0
98241,50.7,20.2,45.1,33.6,34.7,27.5,17.9,6.1,0,0,25.8,22,6,26.4,18.6,3.1,1.3
98243,71.4,4.2,56.2,37.9,35.5,20.7,38.4,16,3,1.2,21.2,42.4,8.1,16.3,11.1,7.6,2
98244,56.7,16.2,39.1,43.6,44.8,35.1,13.2,7.5,1.9,1,22.7,21,8.1,20.4,14.5,3.8,0.1
98245,63.1,18,35.8,44.9,35.2,25.5,28.5,18.5,1.8,0.9,17.8,25.5,8.4,11.7,9.4,1.1,0
98247,60.8,16.3,31.5,50.6,41.4,36.3,20.5,13.8,1.9,0.5,20.7,11.8,2.7,22,17.9,1.2,0
98248,66.7,11.8,34.1,52.6,53.7,44.7,15.1,7.6,1.2,0.3,18.5,16.3,3.4,21,14.8,1.4,0.2
98249,78.9,6.3,37.3,54.7,55.8,42.7,24.8,11.3,3.8,0.6,14.2,29.7,7.2,10.3,6.8,1.6,0.1
98250,69.5,15.2,34.1,48.5,42.9,32.5,28.8,15.4,1.8,0.6,13.9,24.2,5.7,11.3,7.9,1.6,0.3
98251,66,16.9,26.2,55.4,56.6,49.4,10.1,5.6,1.1,0.4,15.3,10.8,3.4,16.4,11.3,1.8,0.5
98252,74.1,11.8,22.9,63.3,68.6,61.6,6.7,1,1.3,0.7,11.1,13.3,4.4,11.5,6.2,2.7,0.4
98253,76.2,10.2,50.3,36.7,57.5,33.1,27.5,3.6,11.7,0,13,42.6,10.4,3.2,2.6,5.1,0
98255,44.9,25,51,22.4,31.6,22.4,13.8,0,2,0,12.2,32.7,0.5,32.1,11.7,5.6,0
98256,55.7,21.8,33.7,44.5,37.8,35.3,17.8,9.2,1.4,0,18.6,19.4,5.9,16.7,10.6,5.9,2.2
98257,59.6,17.2,45.4,36,41.4,28.3,20.3,7.4,2.1,0.4,22,30.2,8,16.9,13.9,1.8,0.1
98258,77.5,10.2,19.4,67.9,66.9,60.1,9.6,5.2,4.7,2.7,11.1,8.7,2.7,10.9,8.2,1.6,0.2
98260,74.3,10.5,37.9,49.5,48.7,35,29.2,13.3,3.4,1.3,13.1,27.4,5.2,12.8,7.7,3.2,0.2
98261,68,12.6,45.1,41.3,40.4,25.6,30.7,15.6,2.5,0.2,18.3,31.5,6.8,15,11.5,2.8,0
98262,71.7,12.1,41.8,46.1,54,34.9,17.8,11.1,3.5,0,15.1,29.1,7,11.9,8.1,4.4,0
98263,58.3,28.3,13.3,58.3,31.7,31.7,26.7,26.7,0,0,8.3,13.3,8.3,5,0,0,0
98264,73,10.4,31.4,56.8,55.5,47.5,18.9,8,2.5,1.3,15.7,18.4,3.7,15.1,11.9,0.9,0.1
98266,33.7,25.9,44.8,29.2,27.5,24.4,4.2,2.8,2.5,2,35.4,8.9,2.9,38.4,31.1,3.1,1.4
98267,41.5,39.5,38.4,22.1,17.2,14.5,21.1,7.6,3.1,0,18.2,23.4,3.3,15.7,14.9,0,0
98270,68.5,12.8,28.5,56,57.5,49.5,10.1,4.5,5.4,2,17,12.3,3.6,17.4,13.2,2.2,0.2
98271,69.3,14.3,27.5,56.4,56.2,48.3,11.8,5.1,4.9,3.1,14.4,13.6,3.6,15.1,10.4,2.4,0.5
98272,73.4,13.8,22.4,62.2,62.1,55.3,12,6.2,1.8,0.8,11.7,10.6,2.5,13.1,9,1,0.2
98273,57.4,17.9,36.2,44.4,45.6,37.6,11.6,5.1,3.5,1.7,23.4,14.1,3.5,23.9,19.6,1.6,0.3
98274,66.1,14.3,36.7,46.9,50.2,39.1,15.7,6,4.4,1.8,18.6,19.7,4.8,18.3,13.2,1.4,0.6
98275,83.4,9.5,17,72.3,71.2,64,13.4,7.7,1.5,0.6,6.3,11.2,2.4,6.4,3.8,1.4,0.1
98276,82.9,5.1,14.7,80.2,73.1,73.1,9.8,7,0,0,11.2,5.3,2.2,9.9,9,0.3,0
98277,79.6,9.4,28.6,53.8,39.7,23.9,10.8,4.1,43.6,25.7,9.9,16.1,2.6,11,6.7,5.3,0.5
98278,-,-,-,-,-,-,-,-,-,-,-,-,-,-,-,-,-
98279,76.2,5.9,44.9,48.7,39.3,28.9,37.7,19.5,2.5,0.3,17.4,36.2,10.8,8,6.6,2,0
98280,80.4,15.2,56.8,28,39.7,15.2,42.1,12.8,0,0,3,56,2.2,2.2,0.8,0,0
98281,52.5,18.1,35.8,44.7,34.9,31.5,17.9,12,1.1,1.1,28.1,21.2,15.9,15.5,12.2,0.4,0
98282,74.7,10,37.8,49.3,56,41.5,19.7,6.4,5.8,1.4,13.5,28.1,6.4,11,6.6,3.5,0.4
98283,47.9,31.8,27.8,40.4,39.2,38.6,6.6,1.8,2.8,0,19.7,12.7,5.2,15.7,14.5,0,0
98284,64.7,12.8,35.7,49.1,52.3,42.7,13.7,5.2,3.4,1.1,20.4,15.7,3.1,21.8,16.9,2.3,0.4
98286,72.4,21.3,34.8,43.4,58.4,37.6,18.1,5.9,2.3,0,5,34.8,5,3.2,0,2.3,0
98288,58.6,20.1,54.4,25.4,25.4,19.5,33.1,5.9,0,0,20.1,36.1,4.1,23.1,16,0,0
98290,77.5,9.6,21.8,66.5,66.2,59.2,13.5,6.9,2,0.4,11.6,12.9,4.4,10.3,6.9,1.7,0.3
98292,77.3,9.6,25.1,64.2,62.7,54.3,14.1,7.9,4,2,11.5,15.5,4.5,10.8,6.9,2.1,0.1
98294,70,14.5,25.6,57.9,58.6,52,12.8,5.5,2,0.4,12.6,13,2.6,16.5,9.9,2.6,0.2
98295,62.2,15.4,39.5,44.4,46.1,36.9,16.9,7.4,1.1,0,21.2,14.6,2,24.6,19.2,3.6,0
98296,87,6.4,13.4,78.2,75.4,68.8,12.5,8.1,2.2,1.2,6,7.7,2.1,6.2,3.6,0.8,0.2
98297,66.2,0,64.7,35.3,0,0,66.2,35.3,0,0,29.4,54.4,19.1,13.2,10.3,4.4,0
98303,83,3.1,58.7,35.6,40.9,18.1,41.7,14.5,10.6,3,9.6,52,8.1,6.5,0.8,10.3,0.7
98304,32.3,27.5,52.2,20.3,22.3,18.5,6.2,0,3.7,1.8,25.1,33.2,8,21.4,15,14.4,2.1
98305,57.7,28.2,33.8,38,45.3,38,19.7,0,0,0,14.1,21.4,1.7,12.4,12.4,0,0
98310,62.7,15.3,38.2,43.2,51,36.5,9.2,2.5,9.9,4.2,18.4,19.2,2.7,21.4,15.1,3.7,0.5
98311,80.2,8.3,30.3,53.5,61.2,41.8,11.7,3.7,22,8,10,16.5,1.7,12.3,7.5,6.4,0.8
98312,67.7,12.4,34.1,46.4,53,36.3,9.4,4,16.8,6.1,16.7,14.5,2.5,21.1,13.7,4.3,0.6
98314,64.6,24,11.5,64.6,0,0,0,0,64.6,64.6,11.5,0,0,11.5,11.5,0,0
98315,96.2,1.5,5.3,65.8,30.2,2,1.5,0.6,93.1,63.2,2.3,0,0,5,2.3,0.3,0
98320,52.3,10.8,61.1,24.7,32.8,18,21.1,6.4,6.4,0.3,31.4,38.6,11.6,23.8,18.8,8.1,0.9
98321,71.3,9.3,30.6,58.6,61.7,52.8,11.1,4.8,2.3,0.9,15.3,17.1,4.4,17.5,10.9,1.5,0
98323,66,11.8,34.5,51.5,54.2,43.8,13.5,7.7,0.5,0,20.2,19.5,6.7,17.8,13.5,1.3,0
98325,72,14.2,24.4,61.4,60.7,54.6,13.8,4.7,5.2,2.1,11.9,11.6,0.6,14,11.3,0.7,0
98326,27.3,14.8,63.3,21.9,25.6,21.9,2.5,0,1.8,0,58,13.4,8.1,49.9,49.9,0.9,0
98327,90.8,2.6,22.3,66.4,38.7,21.7,10.7,3.8,57.9,41,6.2,7.7,1.3,7.9,3.3,9.4,1.5
98328,73,11,29.8,58.5,57.3,50.5,13,6.2,5,1.8,14.3,18.7,5.5,12.4,8.8,2.2,0
98329,72.9,13.1,27.3,57.2,59.7,49.8,12.5,5.7,5.9,1.6,12.5,16.2,3.7,12,8.8,2.9,0
98330,39.5,25.1,47.3,27.5,0,0,39.5,27.5,0,0,35.3,28.1,16.2,19.2,19.2,12,0
98331,51.9,19.8,45.4,31.2,39.7,27.7,15.4,3.3,2,0.2,25.3,23,6.9,24.8,18.3,2.9,0.1
98332,86.2,5.6,24.4,68.9,65,55.3,18.8,11,6.4,2.6,6.4,18.4,2.9,7,3.5,3.3,0
98333,80.8,7.4,23.1,69.3,66.5,61.1,13.6,7.1,1.8,1.1,11.1,15.5,4.1,9.3,6.9,0.4,0
98335,82.6,7.8,24.5,65.1,63.2,51.8,19.3,10.1,7.1,3.2,8.1,17.8,3.6,7.4,4.4,2.7,0.1
98336,53,12.5,56.1,31.4,31.8,23.3,18.2,7,3.9,1,23.8,37.6,8.7,26.6,15.1,2.7,0
98337,52.7,16.4,40.6,41.1,41.7,33.7,6.4,3.1,10,4.3,26.7,14.6,3.3,29.4,22.8,3.5,0.5
98338,75.3,10.7,26.5,60,57.4,47.2,12.1,6.1,11.7,6.6,12.4,13.5,3,12.9,8.8,3.9,0.6
98339,55.6,21.9,41.4,35.3,41.8,31.4,11.6,3.7,5.8,0.2,18,28.6,7.8,15.5,8.3,6.4,1.9
98340,81.3,3.4,39.4,55.9,58.2,44.3,19.2,8.6,7.3,3.1,12,23.5,2,16.7,8.5,3,1.5
98342,76.4,7.7,32.7,57.2,52.1,41.4,24.7,14.7,4,1.1,15,22.3,5.4,10.9,9.3,1.7,0.4
98345,100,0,15.8,78.1,78.1,66.4,0,0,27.9,11.7,0,10,0,0,0,5.9,0
98346,72.1,14.9,26.7,53.4,55.4,43.4,14.7,5.9,11.5,4,11.8,16,4.2,9.9,7,4.6,0.6
98349,72,15.2,25.1,57.5,56.6,48.7,10.2,3.3,9.9,5.5,9.8,16.6,2.7,9.5,6.8,2.9,0.4
98350,38.5,30.1,41,28.5,33.3,25.3,4.8,2.7,0.9,0.5,30.1,3.9,2.1,38,28,0.9,0
98351,66.7,9.6,41.8,43.7,49.3,35.6,20.3,8.1,6.7,0,18.9,28.4,5.5,16.5,13.5,5.2,0
98353,100,0,0,100,100,100,0,0,0,0,0,0,0,0,0,0,0
98354,74.6,11.9,26.2,59.1,61.8,50.1,12.2,6.5,6.1,2.5,11.3,14,4,12.3,7.1,3.2,0.2
98355,52.8,31.1,27.4,37.8,43.3,35.9,13.1,2,0,0,14,23.4,10.1,4.1,3,4.8,0.9
98356,66.2,8,45,45.2,50.9,40.8,15.8,3.2,2.2,1.3,20.4,24.6,5.6,23.5,13.4,4.2,1.4
98357,36.2,26.4,41.7,30.5,30.7,26.4,4.5,3.4,2.5,0.7,35.1,9.7,5,33.5,29.8,1.1,0.2
98358,72.2,6.1,40.7,50.6,43.4,35.8,27.3,14.8,6.7,0,18.8,21.9,1.5,19,16.6,4.6,0.7
98359,77.5,11.6,27.9,56.2,64.3,48.3,14.7,6.7,6.6,1.2,8.9,21.1,3.2,8.5,5.5,4,0.2
98360,75.1,10.9,23.9,63.9,67.2,60.1,9.4,3.4,1.9,0.4,12.5,11.5,2.3,13.4,10.1,2,0.1
98361,48.4,19.4,61.1,16.7,30.9,15.9,17.2,0.8,4.4,0,25.1,48.7,12.8,14.5,7.3,14.3,5.1
98362,64.7,11.7,39.9,46.5,48.2,38.7,17.6,6.8,3.9,0.9,20.1,24.9,7.8,18.7,11.8,3.8,0.5
98363,63.7,12.8,43.8,40.8,47.3,34.2,18.1,5.6,4.2,1,21,22.3,5.4,23.2,15.2,2.9,0.4
98364,100,0,0,100,100,100,0,0,0,0,0,0,0,0,0,0,0
98365,71.5,7.2,59.1,33.7,46.9,28.3,24.4,5.2,10.4,0.3,17.8,47.8,10.8,14.4,7,5.4,0
98366,71.1,10.9,33.2,51.6,56.1,42.4,10.6,4.8,11.8,4.4,16.2,16.4,2.8,17,12.2,4.4,1.2
98367,77,11.3,27.3,56,60.6,45.7,11.8,3.8,13.7,6.5,10.2,15.1,2.3,12.4,7.3,3.3,0.7
98368,67.3,10.9,46.5,42.3,41.2,29.3,27.5,12.7,3,0.3,18.5,33.5,7.8,18.2,10.7,2.6,0
98370,79,7.7,30.7,56.5,58.8,43.4,16.2,6.7,14.7,6.3,11.7,19.8,3.4,12.1,7.9,3.4,0.4
98371,73.2,11.6,30.2,56.1,60.3,49.7,13.5,5.5,4.8,1,13.5,18.3,4.4,12.6,8.8,2.7,0.3
98372,70.3,14.6,29.7,53.4,57.9,46.4,12.8,5.1,4.8,2,13.4,15.7,3.4,15.5,9.6,2.8,0.3
98373,70.4,14,24.7,59.1,54.5,46.9,10.9,7.4,9.2,4.8,14,11.4,3.1,13.5,10.3,3.4,0.5
98374,77.3,9.6,25.4,60.9,64.3,52.8,10,4,10.6,4.1,10.7,13.1,2.9,13.4,7.4,3.5,0.4
98375,73.3,13.2,23.4,60.5,59,49.6,6.2,2.5,13.4,8.4,11.7,9.8,2.6,13.2,8.9,3.9,0.2
98376,63.1,16.5,34.7,48.3,36.7,29.5,26.3,17.4,2.2,1.4,17.4,26.9,12.1,10.6,5.1,1.9,0.3
98377,54.5,15.4,49.9,34.7,35.7,30.4,18.2,3.7,1.1,0.6,23.4,30.3,6.1,25.1,17.4,4.7,0
98380,82.8,5.3,33.5,53.7,70,50.7,11.6,1.4,14.3,1.5,10.9,19.8,1.6,15.6,9.2,2.5,0
98381,75.7,15.6,22.1,55.5,51.6,41.1,28.2,14.4,3.9,0,8.8,12.2,1.2,10,7.5,3.2,0
98382,65.6,14.2,49.1,35.4,43.9,26.9,22.3,7.1,5.8,1.3,17.7,38.4,8.7,13.7,8.6,3.9,0.4
98383,80.1,9,29.3,54.2,57.8,38.6,11.9,4.1,25.3,11.5,9.4,16.7,3.1,11.7,5.7,4.5,0.5
98385,66.6,14.4,24.6,59.5,56.7,55.2,6.3,1.3,5.1,3,18,6.6,0,17,15.9,2,2
98387,68.6,12.8,28.9,55.6,50.1,42.8,6.8,2.8,16.9,10.1,16.7,10,2.2,18.9,13.7,4.4,0.8
98388,81.6,7,30.5,58.5,48.4,36.4,14.2,6.5,29.9,15.5,9.7,19.9,2.6,10,6.5,6.7,0.7
98390,67,13.7,28.9,55.5,59.5,53.5,8.2,1.7,2.7,0.4,18.6,13.3,3.9,15.9,14.4,1.5,0.3
98391,79.8,9.1,19.7,69.7,69.4,62.4,10.6,5.9,2.9,1.4,10,9.2,1.9,10.8,7.8,2,0.4
98392,64.5,15,33.1,50.1,50.2,41.6,11.9,6.3,5.1,2.2,18.7,13.3,3.6,19.7,14.4,3.5,0.7
98394,54,18.3,44.6,35.5,38.6,28.5,16.7,5.2,4.8,1.9,27.7,17.8,3.2,27.9,24.5,0.5,0
98396,77.7,14,23.5,60.4,60.5,49.1,22.2,9,2.6,2.3,8.2,14.7,2.3,8,5.9,2.1,0
98402,51.7,17.3,39.3,39.6,41.8,34.6,8.8,2.4,6.9,2.7,21.6,18.3,3.3,28.2,16.2,4.6,2.1
98403,72.9,16.4,22.4,58.6,60.7,52.4,13.7,5.4,2.6,0.8,8.2,15,2.5,10,5.1,1.8,0.6
98404,46.3,21.6,42.2,34.6,35.3,28.3,8.9,4.3,4.8,2,29.2,12.1,2.9,32,25.7,3.2,0.6
98405,57.3,18,34.5,44.8,45.4,38.4,11.5,5,5.4,1.4,21.5,13.3,2.8,22.9,16.9,3.9,1.8
98406,76.4,10.1,29.6,57.5,62.3,49.9,16.8,7,4.3,0.6,12,18.2,2.9,12.6,8.5,3.1,0.6
98407,74.4,10.7,29.3,57.9,61.1,50.8,13,5.4,6,1.7,12.9,17.1,3.5,12.9,8.9,3.4,0.5
98408,58,18,37.7,41.8,48.1,36.9,8.6,2.3,7.1,2.5,20.4,16.4,4.2,24,15.9,4,0.4
98409,58.3,19,31.9,46.1,46.1,37.5,8.6,3.5,8.4,5.1,20.2,10.7,2.8,21.6,15.9,4,1.5
98416,96.7,2.9,0.5,89.6,79.2,72.1,23.2,16.6,1.4,0.9,0.5,0,0,0.5,0.5,0,0
98418,54.2,16.7,38,44.4,41.4,35.6,7.2,3.4,7.3,5.4,24.7,13,2.5,27.5,20.7,3.1,1.4
98421,-,-,-,-,-,-,-,-,-,-,-,-,-,-,-,-,-
98422,78.3,9.6,23.5,64.9,68.6,59.5,10.1,4.4,3.6,1,10.9,12.5,3,11.5,7.6,1.9,0.3
98424,65.1,17.7,23.6,56.5,57.6,51.5,7.6,3.6,3.9,1.4,16.4,7.4,2.3,16.3,13.5,2,0.5
98430,100,0,0,100,100,100,0,0,0,0,0,0,0,0,0,0,0
98433,93.2,1.6,10.8,83.1,12.6,8.4,1.7,1.2,83.6,73.6,5,0.5,0.3,9.8,4.8,0.8,0
98438,100,0,0,100,0,0,0,0,100,100,0,0,0,0,0,0,0
98439,60,11.4,34.4,46.3,18.3,8.4,3.8,0,48.3,37.9,26.6,5.1,1.6,29.1,24,3.1,1
98443,74.2,11.3,32.2,54.8,59.4,49.1,14,4.3,4.8,1.4,13,23.5,6.3,9.7,6.2,5,0.5
98444,51.6,19.7,39.9,38.7,39,31.8,7.6,3.4,9.2,3.5,25.2,13.3,2,28.9,22.4,4.2,0.8
98445,65.7,16.3,32.7,47.6,51.5,39,9.9,3.5,13.1,5.1,16.5,14,2.7,18.6,13,5.1,0.9
98446,72.2,11.5,30.6,55.4,52.5,43.4,15.1,8.1,10.6,4,14,15,3,17.1,10.8,3.9,0.3
98447,95.8,4.2,0,88.7,63,55.9,35,29,4.9,3.8,0,0,0,0,0,0,0
98465,66.4,15.6,32.9,49.3,51.7,42.8,16.2,6.5,4.9,0.1,14.4,21.4,4.5,15.7,9.8,3,0.2
98466,75.3,8.5,31.9,56,58.2,46.3,14.5,6,10.3,3.7,14.5,17.2,3.2,16.1,10.6,3.6,0.6
98467,72.5,12.2,28.2,57.6,55.7,47.2,10.7,5.1,11.2,5.3,13.8,13.2,3.4,14.1,10,4.4,0.3
98498,74.6,10,38.5,48.3,50.3,36.1,11.1,3.3,23.6,8.9,13.5,21.2,2.6,16.1,9.3,8.4,1.6
98499,54.5,16.5,43.7,36.2,36,25.5,8.3,2.3,17.4,8.4,25.5,16.6,3.6,27.5,20.3,6.7,1.6
98501,78.9,9.4,25.1,62.5,65.2,53.2,14.2,7.2,6,2.1,9.8,15.7,2.6,11.1,7,2.3,0.2
98502,75.2,10.8,27.9,58.7,60.6,49,16,8.2,4,1.5,12.2,16.7,3.8,12.8,7.9,2.1,0.4
98503,72.9,12,32.7,50.5,54.9,39.3,14.5,5.1,13.9,6.1,13.4,18.7,3.4,15.2,9.4,4,0.6
98506,75.7,11.6,27.9,57.7,62.6,50.2,15.1,6.7,3.8,0.8,10.4,18.8,3.4,12,6.7,2.6,0.2
98512,75.8,11.2,25.7,59.5,61.2,50.3,15.6,7.1,5.6,2,11.5,14.8,2.4,12,8.7,2.4,0.4
98513,75.1,12.2,27.3,54.9,55.3,39.8,10.4,3.9,20.7,11.2,11.2,13.3,2.6,12.4,8,5.4,0.6
98516,76.1,8.9,32.4,53.3,51.9,38.2,13.7,3.9,21.4,11.2,13.9,18.2,3.3,13.5,10.2,4.8,0.3
98520,54.7,17.2,40,41.2,43.2,35.6,13,4.7,2.1,0.9,24.6,18.5,4.3,25.3,20.1,1.7,0.2
98524,75.8,12.7,35,47.3,59.6,42.2,19.8,4.5,2.8,0.6,8.2,28.3,2.3,11,5.9,2.1,0
98526,35,32.5,38.3,29.2,26.4,22.7,8.7,6.5,0,0,29.6,17,9,23.8,20.2,0.4,0.4
98527,80.4,9.8,44.6,45.6,57.8,26.5,22.5,19.1,0,0,7.8,40.2,3.4,6.4,4.4,0,0
98528,60.3,17.2,41.2,37.2,44,29.4,15.1,5.1,10,2.7,18.5,21.6,3.2,21.7,14.9,3.4,0.4
98530,46.4,26.1,40.4,31,35.1,29.3,9.2,1,6.1,0.8,24.5,19.9,6.7,17.6,13.8,6.5,4
98531,52.6,15.6,47,35.9,41.1,31.8,13.3,3.4,2.3,0.7,27.8,19.7,3.6,30.6,23.5,3.5,0.8
98532,64.2,12.8,39.8,45.9,51.6,40.3,14,5,2.3,0.6,20,20,4.8,22,14.9,2.9,0.3
98533,47.8,24.2,45.3,26.6,36.8,21.5,13.5,5.1,7.5,0,19.9,30.5,7.7,15.1,9.9,13.9,2.2
98535,47.7,40.1,45.6,14.3,30.4,5.4,0,0,17.4,8.9,8.9,29.3,5.9,16.3,3,3.3,0
98536,56.8,43.2,31.4,17.2,24.9,8.3,16.6,0,32,8.9,0,8.3,0,0,0,23.1,0
98537,68.3,13.4,33.6,50,56.3,46.3,13.8,3.7,2.3,0,17.6,21.8,7.6,11.6,9.7,1.7,0.2
98538,63.7,19.5,35,44.7,54,37.6,10.2,3.5,3.5,3.5,12.8,24.3,4,15.9,8.8,6.6,0
98541,58.2,17.9,37.7,43.4,46,37.3,12.9,5.8,2.6,0.2,21.8,19.6,5.5,20.4,16,3.2,0.2
98542,65.8,11.5,51.4,33.8,38.6,28.8,32.2,5,5.9,0,20.7,29.6,2,24.2,18.7,10.2,0
98544,-,-,-,-,-,-,-,-,-,-,-,-,-,-,-,-,-
98546,56,16.5,45.2,35.3,38.1,26.8,13.3,2.8,11.3,5.8,25.7,22.6,6.9,21.6,18.8,5.9,0
98547,50.2,27.1,51.3,20.6,22.6,12.7,31.4,5.7,4.3,2.2,16.8,40.3,7.9,16.3,7.6,8,1.3
98548,57.3,25.9,37.8,34.6,41.8,30.6,14.7,3.7,4.4,0.3,13.8,29.5,7.9,8.7,5.7,3.3,0.2
98550,51.4,17.9,44.4,35.8,41.3,32.3,12.7,3.2,1.1,0.3,25.6,22.1,6.3,26.9,18.7,2.8,0.6
98552,61.6,13.6,33.4,53,41.6,40.2,20,12.8,0,0,24.5,10.4,1.4,23.5,23,1.8,0
98555,76.5,3.6,73.2,23.2,47.3,11.6,34.5,11.6,4.5,0,10.7,65.8,10.7,11,0,5.7,0
98557,60.2,18.3,35.8,44.3,49.9,39,11,3.2,3.7,2.1,18.7,19.4,5.1,20.1,13.3,3.8,0.2
98558,71.3,20.2,44.7,35.1,35.1,35.1,0,0,36.2,0,8.5,36.2,0,8.5,8.5,0,0
98559,0,100,0,0,0,0,0,0,0,0,0,0,0,0,0,0,0
98560,71.1,17.9,17.4,61.7,63.2,55.2,10.9,6.5,0,0,10,15.4,10,2.5,0,2,0
98562,0,0,100,0,0,0,0,0,0,0,100,100,100,0,0,0,0
98563,72.8,10.3,34.1,52.9,60.9,49,15,3.9,1.8,0,15,20.8,4.1,13.8,10.4,3.5,0.6
98564,58,21.2,36.1,39.7,42.5,33.4,12.7,2.2,7.3,4.1,16.9,24,6,14.2,9.7,4.5,1.2
98565,56.4,18.4,43.8,35.9,39.3,31.4,12,4.5,10.1,0,22.9,15.9,1.7,26.2,21.1,8.5,0
98568,51,21,40.1,38.3,41.3,33.6,10.6,3.9,1.8,0.7,25.8,20.1,6.6,22,19.1,2.1,0.1
98569,57.5,14.7,54.2,27.9,37.1,24.2,21,3.1,5.2,0.7,24.9,40.1,12,16.8,12.8,3.7,0
98570,69.3,13.4,34.4,50.7,47.9,38.7,18.2,8.7,6,3.3,15.1,19.8,4.2,16.3,11,2,0
98571,76.8,0,32.1,67.9,53.6,44.7,32.1,23.2,0,0,23.2,32.1,23.2,0,0,0,0
98572,60.1,16.4,34.6,46.2,52.6,45,10.1,0.4,2.6,0.8,18.5,18.7,5.2,19,12.1,4.8,1.2
98575,86.3,5.2,34,56.9,58.2,45.1,32,11.8,4.6,0,8.5,26.8,2,10.5,5.9,3.3,0.7
98576,68.7,14.9,32.4,50.7,52.1,40.2,13,6.3,9.8,4.2,15.5,19,7.4,11.2,7.8,5.7,0.3
98577,63,11.5,44,43.6,48.4,37.9,17.3,5.5,2.4,0.2,21.5,25.3,4.2,22.7,16.7,3.1,0.6
98579,70,13,32,52.5,59.8,47.1,11,5,3.9,0.3,16,16.2,3.8,16.1,12,2.9,0.2
98580,67,13.3,31.5,52.6,46.6,39.8,10.5,4.7,14.5,8.1,18.7,15.3,6.8,14.7,11,3.8,0.9
98581,56.5,12,66.7,21.3,38,21.3,19.9,0,6.9,0,31.5,66.7,31.5,8.3,0,0,0
98582,63.3,11.9,50,38.1,52.4,36.5,7.7,1.6,3.2,0,24.8,31.5,6.3,22.8,16.7,1.8,1.8
98583,39.2,40.2,34.3,25.5,27.5,22.5,13.7,2.9,2,0,8.8,19.6,0,22.5,8.8,14.7,0
98584,57.8,16.6,42.5,38.9,45.5,33.8,12.8,4,4.8,1.1,21.6,22,4.7,23,16,5,0.8
98585,74.8,6.7,46.4,45.3,66.8,44.4,14.8,0.9,2.6,0,16.8,35.8,13.3,10.6,3.5,3.2,0
98586,42.8,25.2,47.1,27.7,30,22.8,12.4,4.5,1.3,0.4,23.7,26.6,6.8,26.3,15.7,3.7,1.1
98587,28,31.5,47,20.1,26.1,19.2,3.4,0.9,0.3,0,34.4,16,8.9,36.8,25.3,0.9,0.2
98588,59.7,14.5,42.9,40.1,48.2,36.4,13.7,3.7,1.4,0,13.9,33.1,7.6,19.9,6.3,7.9,0
98589,70.3,14.5,29.9,53.9,58.6,48.3,11.9,5.2,4,0.5,13.9,12.2,3.4,18.9,10.3,2.2,0.2
98590,53,22.9,44.4,26.2,48.1,26.2,16.7,0,0,0,22.5,26.6,6.5,20.8,16,0,0
98591,66.3,9,48,41.4,42,34.5,28.2,6.9,0.7,0,20.7,30.5,6,19.2,14.7,3.3,0
98592,78.5,13.1,52.3,34.6,54,29.8,24.6,4.8,5,0,5.7,49.2,5.7,7.4,0,4.7,0
98593,59.3,6.8,51.3,41.6,47.7,39.2,15,2.4,0.5,0,29.6,28.7,10.2,24.1,19.4,3.5,0
98595,46.8,15.6,49.2,33.3,33.1,26.3,13,6.8,3.4,0.2,33.3,21.5,8.6,28.7,22.7,4.4,2.1
98596,53.7,15.7,46.3,36.1,42.3,30.8,13.2,5,1.4,0.3,27.6,17.7,5.5,30.2,22.1,2.9,0
98597,71.9,10.2,31.5,51.9,47.4,32.7,10,4.5,25,14.6,15.8,13.6,2.9,17.5,12.2,4.9,0.7
98601,70.6,8.4,34.6,55.6,64.2,53.1,9.5,2.5,0.2,0,20.2,16.6,5.6,16.6,14.5,2.4,0.2
98602,57.3,0,72.9,27.1,16.7,16.7,40.6,10.4,0,0,42.7,37.5,7.3,35.4,35.4,10.4,0
98603,57.1,11.3,49.8,38.8,43.7,30.3,13.3,8.5,0,0,26.1,15.1,2.3,32.1,23.8,8.1,0
98604,72.9,10.7,28.1,59.6,59.8,51.6,13.7,7,2.5,0.9,15,13.6,4,15.4,10.5,2.1,0.5
98605,55.8,19.3,38.5,40.9,48,38.1,9.9,2.8,0.8,0,22.4,11.5,2.5,29.9,19.9,0.8,0
98606,80.1,6.7,29.1,62.2,69.9,56.4,11.8,5.4,2.1,0.4,12.1,15,3.5,13.8,7.9,2.3,0.6
98607,82.5,7.1,21.5,68.6,69.7,59.7,15.8,8.2,1.5,0.7,9.5,11.4,3.1,10.6,6.3,2,0.1
98610,63.5,13,35.1,49,47.3,38.6,17.3,9.6,3.3,0.7,19.8,19.6,5,18.4,14.1,3,0.7
98611,69.9,11,35,53.5,58.2,48.6,14.5,4.9,1.6,0,17.5,21,5.7,16.9,11.7,3,0.2
98612,69.8,9.9,48.1,40.7,45.5,35.9,27.1,4.8,2.2,0,16.5,34.2,3.6,20.4,12.9,1.6,0
98613,67.1,16.8,26.5,55.4,57.5,49.4,12.1,6,0,0,14,13.5,2.2,16.7,11.7,1.1,0
98614,58.6,32.8,26.3,40.9,29.8,29.8,28.8,11.1,0,0,8.6,26.3,8.6,0,0,0,0
98616,86,6.5,69.4,18.3,72.6,4.8,12.9,7,6.5,6.5,7.5,61.8,0,12.9,7.5,23.1,0
98617,73.4,8.1,47.9,42.4,52.8,42.4,22.4,0,0.6,0,15.1,38.1,9.8,9,4.3,4.2,1
98619,48.3,22.1,45,30.8,30.2,22.9,20.9,7.9,2.1,0,28.9,18,5.8,26.7,23.1,2.7,0
98620,55.8,13.4,46.7,36.8,39.1,28.4,20.5,6.6,3.5,1.7,26.4,25,7.5,24.2,17.6,5.8,1.4
98621,66.3,14.4,38,47.6,57,47.6,9.3,0,0,0,17.8,20.7,2,16.3,15.7,2.4,0
98624,58.5,14.8,40.9,43.1,39.2,29,11.2,5.6,9.7,8.4,22.6,20.5,3.6,19.4,15.1,8.6,3.9
98625,66.6,12.1,39.5,46.8,50.6,40.9,18.1,5.2,2.2,0.6,19.6,19.8,2.2,20.4,17.1,4.6,0.4
98626,59.4,12.8,42.2,43.5,48.2,38.7,12.5,3.7,2.8,1.1,25.3,16.9,3.8,27.8,20.5,3.5,1
98628,56.7,20.8,38,40.7,47,36.1,11.6,4.6,0,0,20.1,24.7,8.7,18.6,11.4,5.6,0
98629,81,7.7,23.9,66.2,63.8,56.4,17.9,8.4,3.5,1.4,8.8,13.4,2.4,11.1,6,3.2,0.4
98631,54.1,15.6,51.4,31.4,33.3,23.9,22.1,5.5,4.2,1.9,23.6,32.9,6.9,24.2,16.4,5,0.3
98632,59.5,12.6,43.7,42,47.9,37.7,13.9,4,2.6,0.4,24.4,20.5,4.7,26.4,19.3,3.4,0.4
98635,67.1,18.5,43.3,37.7,34.3,25.3,33.4,11.1,2.4,1.3,13.8,32.3,8,11.5,4.9,2.5,0.9
98638,70.5,15.4,30,50.6,45.4,35.2,25.9,13.4,4.2,2,11.8,23.6,6.7,9.4,4.9,3.1,0.2
98639,68.9,6,41.6,50.7,56,43.7,16.1,7.1,0,0,20.3,25.6,6.1,22.3,14.2,2.4,0
98640,54.7,12.5,66.6,20.1,27.6,14.2,26.5,5.8,2.1,0,24.9,48,8.6,24.4,16.1,8.2,0.2
98641,-,-,-,-,-,-,-,-,-,-,-,-,-,-,-,-,-
98642,79.6,8.2,26.5,64.4,66.6,57,13.7,6.6,1.8,0.8,10.4,17.5,4.9,10.8,5.4,1.8,0.2
98643,58,16.5,47,34.9,46.6,33.9,20,0.9,2.1,0,21.6,30,4.6,19,13.1,7.3,3.9
98644,48.5,46.7,12.1,29.9,41.1,29.9,7.4,0,11.2,0,0,12.1,0,4.7,0,5,0
98645,70.2,16.8,36.2,45.9,56.7,43,14,2.8,2.3,0,11.7,25.6,3.3,13.2,7.9,5.4,0.6
98647,58.7,13,62.8,24.3,44.5,15.8,15.8,8.5,5.7,0,25.5,40.5,8.5,25.5,17,10.9,0
98648,65.7,15.3,34.6,47.8,51.9,41.6,17.2,5.5,2,0.6,15.8,19,3.8,17.5,11.8,3.8,0.3
98649,76.7,7.7,26,65.8,65.1,59.1,9.4,3.7,4.8,3,12.6,14.4,3.6,13.3,9.1,3.5,0
98650,71.7,7,41.6,46.5,46.7,32.2,31.2,14.3,0.2,0,18.9,21.2,4.2,22,14.7,2.2,0
98651,56.4,19.7,41.4,35.3,39.3,27.1,18.4,6.9,5.2,1.2,22.6,17.6,3.3,26.7,19.2,1.2,0.1
98660,59.1,14.9,36.2,47.3,47.4,40.1,12.1,5.9,2.3,1.3,22.2,15.9,4.5,23.9,17.3,2.8,0.4
98661,52.3,18.7,40.2,40.1,43.7,36.6,9.2,3.1,1.8,0.4,25.5,13.9,3.1,28.6,21.6,2.6,0.8
98662,64,14.6,34.1,49.5,53.9,44.7,11.7,4.2,2.3,0.6,19.5,15.1,3.7,20.2,15.1,3.3,0.7
98663,61.6,13.7,38.1,46.4,51.7,42.6,10,3.2,3.1,0.6,22.9,15.4,4.1,23,17.7,3.7,1.1
98664,66.1,15.6,33.8,49,53.1,42.6,14.9,5.7,2.8,0.7,16.1,17.6,3.1,18.6,12.1,3.9,0.9
98665,65.7,13.8,34.8,49.4,54.9,44.7,11.2,3.6,3.3,1.1,18.1,17,3.4,19.8,14,2.8,0.6
98670,19.8,14.3,74.7,11,15.4,11,4.4,0,0,0,61.5,27.5,14.3,47.3,42.9,4.4,4.4
98671,71.7,13.1,27,57.4,60.8,52,13.7,5,1.9,0.4,13.8,14.2,3.9,13.2,9.6,2.3,0.3
98672,67.3,11.4,35.6,51.4,50.8,43.1,18,7,3.7,1.4,19.3,18.6,3.2,19.1,16.1,1.2,0
98673,50.2,15.9,49.8,30.3,35.5,25.6,17.1,4.5,3.6,0.2,25.1,28,4,30.1,20.9,3.3,0.2
98674,66.1,14.2,30.5,53.6,54.6,46.5,13.4,6.3,1.4,0.8,17.6,14.2,3.8,17.2,13.4,3.7,0.4
98675,69.2,10.7,35.1,50.1,52.2,40.1,20.9,9.6,1.6,0.4,18.3,11.3,1.4,24.9,16.5,2.9,0.4
98682,65.3,15.5,29,53.8,57.1,49.7,8.5,3.4,2.7,0.7,17.6,10.2,2.1,19.6,15.1,2.2,0.4
98683,71.9,11.1,30.6,56.1,61.7,51.3,12.3,4.1,3.1,0.6,15,18.2,4.8,13.7,9.9,2.6,0.3
98684,69.7,11.1,31.1,55.7,59.7,50.5,10.7,4.3,3.2,0.9,17.6,12.1,3.4,18.7,13.8,2.9,0.4
98685,78.6,7.8,25.7,64.3,63.7,54.3,15.9,7.9,3.7,2.1,12.2,14.6,3.5,11.2,8.5,2.3,0.2
98686,76.7,8.9,26.8,62.9,66.3,57.3,11.7,5.2,0.9,0.4,13.7,11.6,1.6,14.7,11.8,2.7,0.2
98801,62.1,19.5,36,37.5,52.1,33.2,18.5,4,1.7,0.2,16.8,17.1,3.7,21.9,12.9,1.7,0.2
98802,59.8,17.4,36.4,44.9,49.1,40.9,12.1,3.7,1.7,0.3,21.2,16.6,4.5,21.9,16.4,1.9,0.2
98811,90.8,0,9.2,90.8,82.8,82.8,8,8,0,0,0,9.2,0,9.2,0,0,0
98812,34.1,32.6,41.2,25.6,25.7,20.6,9,4.9,0.6,0.1,32.1,11.9,3.3,32.4,28.8,0.1,0.1
98813,22.3,38.1,48,13.5,13.9,10.4,8.7,2.8,0.6,0.3,36.4,13.5,3.1,37.3,33.2,1.9,0.1
98814,39.4,38,29.3,32.8,39.4,32.8,0,0,0,0,22.6,12.2,5.5,20,17.1,0,0
98815,64.5,18.8,32.9,45.7,54.1,41.4,16.4,4.3,1.1,0,14.5,17.7,3.9,17.7,10.4,1.5,0.2
98816,57.4,23.8,37.8,29.4,43,21.7,23.4,7.7,3.7,0,16.9,21.6,6.5,19.1,10.3,1.4,0
98817,57.1,17.2,42.9,35.2,53.4,31.5,12.4,3.7,0,0,25.6,13.3,0,29.6,25.6,0,0
98819,69.3,11.1,49.7,39.2,35.9,31.4,35.9,7.8,3.9,0,15.7,43.1,9.2,14.4,5.2,3.9,1.3
98821,64.5,0,52.9,30,64.5,30,17.1,0,0,0,35.5,0,0,52.9,35.5,0,0
98822,70,16.5,35,37.9,61.6,34.7,21.5,1.8,2.2,1.4,12.5,20.8,4.3,16.7,7.5,1.8,0.7
98823,61,11,39.5,49.3,51.7,44.2,9.4,4.9,1.1,0.2,25.7,14.5,4.3,27.3,21.4,1.5,0
98824,15.9,36.9,48.1,15,9.5,8.6,6.4,6.4,0,0,47.2,0.9,0,46.4,46.4,0.9,0.9
98826,61.6,19.5,43.3,29.6,46.8,23.1,26.5,5.3,4.7,1.2,17.7,27.5,5.2,19.2,12.3,2.7,0.2
98827,17.5,35.1,55.5,9.5,13.6,9.5,6.7,0,2.5,0,46.2,37.6,28.3,20.6,17.9,0,0
98828,66.2,17.3,27.6,41.6,61.6,38.4,18.9,3.1,0.7,0,13.4,15,2.9,16.5,10.5,0.7,0
98829,60.7,20.4,32.1,47.5,44.7,44.7,6.5,2.8,9.5,0,18.9,16.8,3.6,15.3,15.3,0,0
98830,78.9,10.1,31,52.5,57.4,42.6,27.4,9.9,1.6,0,10.3,24.9,5.1,7.3,5.1,1.6,0
98831,70.6,14.3,45.9,33.6,60.6,28,21.2,5.5,0.7,0,13.5,19.2,3.7,32.4,9.8,1.3,0
98832,81,7.2,16.3,76.4,68.4,67.7,10.3,5.7,3,3,10.3,16.3,10.3,0,0,1.5,0
98833,95.3,4.7,0,95.3,35.3,35.3,60,60,0,0,0,0,0,0,0,0,0
98834,43.5,24,37.5,34.5,34,27.5,12,5.5,3.5,1.5,18.5,27,8,24.5,10.5,2.5,0
98836,57.9,23.3,38.6,38.2,54.5,38.2,7.7,0,0,0,18.8,12.5,0,27.5,18.8,5.9,0
98837,57.6,16.4,37.6,44.8,47.9,39.8,10.9,4.3,2.4,0.7,23.9,15.3,4.8,24.5,18.8,1.9,0.2
98840,56,16.3,42.8,39.6,40.7,35.3,15.8,4.2,1.6,0,24.5,24.4,6.5,21.7,17.5,2.7,0.6
98841,53.8,15.5,46.2,37.7,41.6,32.5,12.8,5,2.4,0.2,26,22.8,6.3,28.2,19.4,3.6,0.3
98843,33.8,34.1,40,25.3,25.5,20.6,9.2,4.2,1.3,0.4,32,7.9,1.6,32.5,30.4,0.8,0
98844,47.9,16.8,49,34.2,33.3,28.6,14,5.4,1.7,0.2,31.1,27.3,10.5,27.2,20.5,2.8,0.1
98845,35.6,36.5,40.8,22.7,23.6,19.7,12.9,3,1.7,0,26.6,14.2,1.7,28.3,24.9,2.1,0
98846,34.7,25.7,47.5,26.5,31,25.7,3.8,0.8,0.3,0,38.2,15.1,6.7,34.1,31.5,1.3,0
98847,48.7,19.9,37.4,30.3,40.8,24.2,21.5,6.1,1.2,0,29.2,8.9,2.5,30.1,26.7,1.9,0
98848,45.1,20.9,42.6,35.2,36.8,30.9,10.5,4,0.9,0.2,32.9,11.6,4.1,33.5,28.8,1.2,0
98849,47.6,19.6,46.9,33.4,30.2,27.2,15.5,5.3,2.6,0.9,23.4,26.7,4.9,28.4,18.5,9.2,0
98850,30.9,28,50.2,20.7,23.6,20.3,10.2,0.5,0.3,0,36.5,17.9,4.9,36.1,30.8,1.8,0.8
98851,46.3,19.2,49.5,30.9,34.6,25.5,13.4,5.4,0.3,0,27.6,30.3,10.9,23.8,16.3,4.7,0.4
98852,57.1,42.9,28.6,0,57.1,0,57.1,0,0,0,0,28.6,0,0,0,0,0
98853,0,0,100,0,0,0,0,0,0,0,0,100,0,0,0,100,0
98855,40.9,25.4,48.1,25.9,29.8,21.9,12.4,3.9,1.2,0,28.7,21.4,5.8,30.6,22.7,3.2,0.1
98856,56.8,12.7,48.5,38.3,28.4,23.4,27,14,1.8,0.9,27.9,29.3,8.7,27.1,18.5,1.6,0.7
98857,43.7,23.3,39,37.7,36.9,33.8,7.1,3.7,0.5,0.2,30.4,10.2,3.6,31.8,26.5,0.9,0.3
98858,56,13.6,41.8,42.3,45.8,38.5,11.8,3.3,0.8,0.5,27.8,16.4,5.2,27.6,22.1,1.4,0.5
98859,22.6,30.5,47,22.6,22.6,22.6,0,0,0,0,32.9,14,0,38.4,32.9,8.5,0
98860,59.5,9.9,40.9,46,51.6,43.3,10.7,2.8,1.2,0,28.6,22.2,9.9,21.4,18.7,0,0
98862,70,11.8,35.1,52.7,38.9,30.7,34.1,21.5,0.6,0.5,18.2,18,3.4,17,14.8,2.6,0
98901,39.6,24,45.1,30.1,31.5,26.2,8.3,3.7,1.5,0.2,33.2,14,4.6,34.5,28,2.4,0.5
98902,41.4,24.4,43.5,30.8,32,26,10.7,4.4,1.5,0.4,31.5,13.3,3.7,32.7,27.6,1.6,0.3
98903,48.9,25.1,36,37.8,38,31.1,12.8,6.5,1.5,0.1,23.9,15.2,4.9,22.6,18.8,2.5,0.1
98908,69.2,10.6,38.4,48.9,54.5,42.6,17,5.6,2.7,0.8,17.9,21.8,4.3,19.3,13.5,2.7,0.1
98921,40.8,25.6,49.7,24.7,0,0,40.8,24.7,0,0,33.6,0,0,49.7,33.6,0,0
98922,67.1,16.6,34,47.3,48.7,37.7,18.7,8.2,2.5,1.3,14.2,23.5,6.4,13,7.4,2,0.3
98923,26.1,56.7,32.5,9.1,15.4,9.1,16,0,0,0,17.2,19.5,5.1,16,12.1,0,0
98925,52.8,14.5,41.9,43.6,34.4,28.9,20.9,14.7,1.2,0,28.2,17.5,5,23.2,23.2,5.7,0
98926,73.1,12.6,25.6,59.4,56.7,48.2,18.3,10.4,1.8,0.8,13,13.7,3,12.9,9.5,2,0.5
98929,-,-,-,-,-,-,-,-,-,-,-,-,-,-,-,-,-
98930,50.6,26.4,29.5,43.2,30.8,27.8,20.3,15.2,0.9,0.3,21,9.6,3,22,18,0.9,0
98932,57.7,30.3,18.6,50.8,31,29.1,27.3,21.7,0.5,0,11.4,8.4,2.5,10.9,8.8,0.2,0.1
98933,57,27.9,24.4,47.1,39.8,35.2,18.1,11.9,0.3,0,12.3,15.7,5.2,11,7.1,1.3,0
98934,49.2,21.8,40.4,37.5,36.9,30.7,6,2.6,7,4.2,24.7,14.1,2,24.9,21.8,7.2,1
98935,44.2,38.1,24.5,36.6,20.2,16.3,24.8,20.2,0.5,0,15.7,12.9,6.1,12.3,8.9,2.4,0.8
98936,65.9,14.2,31.2,52.5,54.7,46.7,13.8,5.3,1.3,0.5,16,13.8,1.1,21.9,14.9,1.1,0
98937,67.3,12,37.6,49,51.6,43.3,18.9,5.2,2.5,0.5,15,24.4,4,19,10.6,2,0.4
98938,55.6,34.7,13.4,51,29.1,25.8,27.6,24.5,1.2,0.6,9.7,6.2,3.6,7.1,6.1,0.3,0
98939,71,0,78.5,21.5,71,21.5,0,0,0,0,29,0,0,78.5,29,0,0
98940,85.5,3,51,46,60.8,43.2,24.7,2.8,0,0,4.4,46.7,0,17.7,4.4,2.6,0
98941,60.8,18.6,30.7,50.7,54.3,46,7.5,4.2,0.4,0.4,18.6,16.7,5.8,16.2,12.4,1.3,0.4
98942,70.8,11.1,29.9,55.3,57.8,47.8,15,6.5,3.6,0.9,16,15.5,4,16.2,11.8,1.6,0.2
98943,62.6,16.9,42.6,40.5,53.7,39.2,8.5,1.3,0.5,0,20.4,13.3,2.3,28.4,17.3,0.8,0.8
98944,48.5,31,27.9,40,26.6,23.6,23.3,16.4,0.5,0,18.4,10,3.2,20.3,15,0.8,0.2
98946,59.2,18.9,36.7,43.2,49.5,42.7,9.5,0.5,1.9,0,20.1,21.4,7.1,16,11.7,2.7,1.2
98947,44.7,26.8,35,37.4,37.2,31.5,7.2,4,2.3,1.9,25.7,10.1,2.7,28.1,23,0.5,0
98948,50.7,34.3,22.5,42.2,27.2,23.1,24.5,19.1,0.4,0,12.3,9.3,3,16,9.2,0.9,0.1
98950,44.6,4.4,55.1,40.5,44.6,40.5,0,0,0,0,51,5.7,1.6,51.5,49.4,0,0
98951,47.2,35.1,24.8,38.5,24.8,20.6,23.9,17.9,1.1,0,15,10.6,3.2,17.1,11.5,1.4,0.2
98952,44.8,34.8,30,32.5,22.9,16.2,22.9,16.3,2.2,0,18.1,8.5,4,22.4,13.5,1.6,0.6
98953,64.3,18.6,25.2,55.3,50.6,46.2,15,9.1,0.2,0,13.9,9.8,2.9,18,10.9,0.9,0
99001,54.8,16.2,41,38.7,35.6,27,7.2,2.2,18.1,9.5,25.2,11.9,2.3,29.3,22.3,5.9,0.7
99003,75.8,10.2,31,57.1,63.4,51.5,11.3,5.6,4.5,0,12.3,20.8,5.8,10.6,6.5,4.3,0
99004,74,12.7,23.3,59.3,56.5,45.9,17.2,9.5,7.6,3.9,12,10.4,1.8,13.1,9.7,2.4,0.5
99005,83.3,6.1,21.8,69.5,69.9,59.7,12,7.7,5.5,2.1,9.5,13.3,4.7,9.8,4.5,2.3,0.3
99006,61.5,12.2,43.2,42.4,45.5,37.3,17.2,4.9,2.8,0.2,22.9,22.8,5.5,22.8,16.4,4.7,1.1
99008,66.9,7.2,41.7,23.9,47.2,14.3,16.5,9.7,34,0,16.4,25.4,0,27.1,14.6,1.8,1.8
99009,54.6,13.8,45.4,38.5,41.8,31.5,13.8,6.5,2.5,0.5,30.4,15,3.8,32.3,26.6,3.1,0
99011,98.5,0.5,4.4,78.5,19.1,3,0.7,0,95.5,75.5,1,0,0,4.1,1,0.3,0
99012,77.3,8.4,33.1,55.2,51.3,38.3,29.6,14.6,3.5,2.3,11.6,20.4,5.4,16.7,6.2,2.4,0
99013,44.3,21.6,45.8,32.4,27.7,23.9,15,8.3,1.8,0.3,29.7,15.9,3,33.4,26.6,2.4,0.1
99016,71.5,11.5,27.5,58.5,61,51.7,11.6,5.2,2.7,1.5,14.7,14.9,4.1,15.5,10.5,1.9,0.2
99017,66,7.9,41.9,35.1,51.3,29.3,31.4,5.8,2.6,0,25.7,17.8,4.7,24.1,20.9,2.1,0
99018,65.4,10.5,35.6,53.6,61.8,51.3,3.6,2.3,0.7,0,18.6,16.3,2,24.2,16,4.9,0.7
99019,80.4,6.8,23.2,61.9,63.6,52.1,24.6,9.2,1.7,0.7,11.4,13.2,2.7,10.2,7.7,1.9,1
99020,100,0,0,100,100,100,0,0,0,0,0,0,0,0,0,0,0
99021,72.8,11.9,28.1,57.1,60.5,50.1,12.8,5.6,5.4,1.4,13.8,16.6,4.5,11.6,8.8,3.8,0.5
99022,72.3,7.8,38.1,47.1,51.5,36.3,8.4,2.5,24.4,8.4,18,17,2.5,22.3,15.4,4.5,0.1
99023,70.7,6,30.9,58.8,59.3,48.9,8.9,6.3,7.9,3.6,21.7,5.6,1.3,26.9,20.3,0,0
99025,70.2,9,30.2,56.6,54.2,45.5,18.7,10.1,3.5,1,19.4,12.4,3.1,17.7,15.8,2.8,0.5
99026,78.1,7.5,27.4,60.9,66,54.7,11.9,5.1,6.3,1.1,12.9,14.4,2.8,13.2,9.5,3,0.5
99027,63.1,15.5,36.4,41.7,47.9,33.2,23.3,8,6.9,0.5,18,21.1,6.1,15,10.8,6.1,1
99029,64.6,20.3,26.1,52.9,53.6,45.4,8.9,3.2,5,4.3,14.5,12.4,1.4,14.4,12.5,1.3,0.6
99030,75.4,9.6,26.7,57.2,63.8,53.7,14.9,3.6,3.9,0,11.7,15.2,2.1,15.9,9.6,0.3,0
99031,60,11.7,42.6,36.6,44.7,32,21.1,4.6,5,0,28.1,16,4.2,27.7,23.9,2.5,0
99032,44.9,12.9,54.5,31.5,32.2,25.9,11.7,4.2,2.2,1.4,31.5,31.2,10.4,28.3,20.1,8.8,1
99033,55.4,16,40.8,40.4,44.5,36.5,9.4,2.1,5.6,1.9,23.6,24.8,9.3,17.1,13.7,5.2,0.7
99034,32.8,20.6,78.6,0.8,32.8,0.8,0,0,0,0,46.6,32.1,0,46.6,46.6,0,0
99036,88.9,3.2,20.8,74.3,73.3,64.6,16.4,8.9,4.5,0.7,7.7,12.4,3.2,8.9,4.5,1.6,0
99037,68.5,12.5,33.3,52.5,55.5,46.6,13.9,4.5,4.6,1.4,17.5,16.8,5.2,17.5,12,2.4,0.3
99039,83,4,30,55,48,35,46,20,0,0,10,23,3,12,7,2,0
99040,30.1,28.6,49.2,19.1,26.6,18.6,4,0.5,2.6,0,32.8,18.8,5.4,40.4,27.3,0.6,0
99101,39.8,13.6,59.2,23.8,28.8,17,13.1,6.1,4.1,0.8,41.2,17,3.5,42.9,36.1,6.9,1.6
99102,58.3,13.3,41.4,44.6,51.6,40.5,5.9,4.1,3.2,0,22.5,26.8,9.2,20.3,13.3,1.4,0
99103,79.7,4.2,41.8,51.7,53.8,41.6,30.8,10,0,0,14.2,29.5,3.8,14,10,3.3,0.4
99105,72,6,52,42,32,24,40,18,0,0,22,46,16,12,6,4,0
99109,56.1,14.8,46.9,36.3,41.3,31.4,13.5,3.9,6.2,1.1,22.7,26.9,6.4,24.2,15.2,6.6,1.1
99110,69.2,4.3,46.4,48.3,59.6,43.2,6.7,3.1,6.5,2.1,22,16,1.3,34.5,20.7,4.1,0
99111,72.4,5.9,39.8,52.7,58.6,45.2,15.6,5.9,4.2,1.5,18.9,19.9,5.4,22.2,13.3,3.2,0.1
99113,87.1,3.5,22.7,71.9,73.2,60.9,16.6,11,0.5,0,8,18.4,4.4,5.7,3.5,1.1,0
99114,60,12.9,46.3,37.4,46.6,33,16.5,4,2.5,0.4,22.1,25.2,5.3,25.5,15.8,4.3,0.9
99115,55.2,8.9,54.6,35.4,36.7,30.4,20.2,5,1.8,0,33.5,24.9,7.9,31.6,25.2,3.4,0.3
99116,56,16.8,43.4,38,49.1,33.8,10.5,3.2,2.9,1,24.4,17.5,2.5,27.1,21.4,4.5,0.6
99117,62,10,37.6,48.6,49.4,43.4,13.5,3.8,3,1.4,26.9,21.5,11.6,15.9,14.7,2.2,0.6
99118,46,26.5,41.3,32.2,34.6,27.8,12,4.1,2.6,0.4,23.3,21.4,5.3,21.9,16.9,6.4,1.1
99119,52.6,19.9,43.6,36.1,40.8,31.6,10.8,4,1.5,0.5,21.6,28.8,10.3,19.8,10.9,6,0.4
99121,76.3,13.1,27.5,57.5,63.8,45,14.4,12.5,0,0,8.1,2.5,0,25,8.1,2.5,0
99122,64.8,10.9,41.1,46.7,46.6,40.4,17.4,4.7,3.7,1.6,21.4,23.8,6.8,18.4,14.1,5.3,0.5
99123,78,6.9,37.4,52.8,72.9,50.7,8.2,2.1,0.6,0,12.9,28.9,8.5,9.6,4.1,3.5,0.2
99124,64.4,14.5,36.9,44.5,58.7,42,7.6,0.3,3.8,2.2,19.6,22.4,6.6,14.2,10.1,3.2,2.8
99125,74.7,8,34.5,57.1,53.1,42.7,23.8,14.4,0.8,0,14.6,25,8.8,11.6,5.8,2.6,0
99126,55.5,20.5,40.5,37.5,25.6,22.7,20.5,14.9,11,0,20.8,14.2,3.2,34.2,17.3,5,0.2
99128,75.3,10.9,30.7,58.2,57.9,50.5,18.5,7.3,1.9,0.3,9.8,19.3,3.5,14.9,6.3,4.3,0
99129,37.9,29.1,45.8,24.1,29.9,20.4,9.7,3.7,1.9,0,29.6,20.5,6.2,29.1,22.8,4.6,0.6
99130,69.9,12.1,37.8,48.1,51.9,39.4,21,8.4,1.4,0.3,13,25.5,3.6,15.7,9,5.5,0.4
99131,48.4,19.6,53.6,24.8,32,21.6,19.6,3.3,3.3,0,24.2,38.6,9.2,22.2,14.4,11.8,0.7
99133,46.8,24.5,41.5,32.9,38.2,28.9,11.3,3.4,2,0.5,23.2,26.1,8.3,21.2,14.9,2.8,0
99134,76.5,8,29.1,62.4,56.2,53.4,20.8,9,0,0,12,19,1.9,12.2,10.1,3.5,0
99135,83.8,4.2,26.9,64.2,43.8,38.1,43.8,26.2,2.7,0,11.9,16.9,3.1,10.4,8.8,0.8,0
99136,72.7,0,84.8,15.2,6.1,6.1,54.5,9.1,24.2,0,27.3,75.8,18.2,18.2,9.1,12.1,0
99137,60.4,7.3,56.3,32.9,40.8,29.4,25,3.5,1.3,0,25.9,38.6,10.8,19,15.2,6,0
99138,32.4,25.4,52.3,20.3,23.2,16.7,11.8,3.5,0.3,0,37.7,20.3,7.8,35.8,29.5,2.9,0.5
99139,61.4,14,40.9,44.5,46.8,40.7,15.2,3.4,1,0.4,22.1,19.3,6.4,20.9,13.9,5.5,1.8
99140,45,16.1,54.3,27.6,33.5,24.9,13.7,2.7,0,0,35,19.1,5.4,39.4,29.6,2,0
99141,61,13.5,46.8,39.6,44.5,35.3,15,3.4,3.4,0.8,20.5,26.1,4.5,23.6,15.4,5.4,0.7
99143,75.8,5.5,36.6,56.4,43.9,39.5,34.4,17,0.3,0,15.8,27.6,7.1,12.4,7.9,1.9,0.8
99144,91.9,0,8.1,91.9,21.6,21.6,70.3,70.3,0,0,8.1,8.1,8.1,0,0,0,0
99146,56.2,0,62.9,33.7,7.9,0,39.3,29.2,16.9,4.5,43.8,19.1,0,50.6,43.8,4.5,0
99147,71.3,5.2,57.4,34.8,56.5,34.8,20,0,2.6,0,23.5,53.9,20,6.1,3.5,1.7,0
99148,62.8,12.3,53.6,30.7,46.5,27.2,18.3,2.8,5.9,0.7,22.5,36.3,9.7,18.9,11.3,7.4,1.5
99149,56.1,4,63.6,31.2,42.8,29.5,14.5,1.7,3.5,0,35.8,41,16.2,30.1,18.5,5.2,1.2
99150,46.6,22.1,43.1,34.8,22.5,19.4,21.3,15.4,2.8,0,30,12.6,1.2,28.9,27.7,5.5,1.2
99151,44.4,13.1,66.7,20.3,24.8,19,10.5,1.3,9.2,0,31.4,40.5,7.2,34.6,22.9,7.8,1.3
99152,60,18.5,39.5,42.1,55.4,42.1,4.6,0,0,0,17.9,28.2,7.7,15.9,10.3,5.1,0
99153,44.3,15.8,69.1,15,23.5,13.7,16.6,1.1,10,0.3,26.1,56.7,14.5,27.4,11.6,1.6,0
99154,64.5,9.7,51.6,38.7,64.5,38.7,0,0,0,0,16.1,25.8,16.1,35.5,0,0,0
99155,19.3,33.9,49.8,16.3,17.2,15.3,2.2,0.8,0.6,0.2,40.9,10.3,3.6,44.8,37.4,1.3,0
99156,54.2,14.2,50.9,33.7,38,27.6,15.2,4.5,4.5,1.6,26,25,4.3,30,21.2,5.2,0.5
99157,50,16.6,53.6,29.2,35,26.4,15.4,2.9,0.6,0,29,28.3,4.9,29,23.4,5.2,0.7
99158,61.5,13.5,34.5,50.6,40.8,33.9,22.3,16.6,2.5,0,23.2,20,10.4,15.6,12.8,0.6,0
99159,67,10.4,37.4,48.3,50.7,39.9,17.1,7.8,3.5,0.6,20.5,24.8,9.9,15.1,10.4,1.7,0.2
99160,21.3,11,77.2,11.8,14.2,11.8,7.1,0,0,0,40.2,37.8,5.5,66.9,34.6,3.9,0
99161,75.1,6.1,35.1,58.2,56.3,47.1,20.4,10.9,0.8,0.2,16.6,19.9,4.5,17.5,12.1,1.6,0
99163,81.7,9.6,14.4,73.3,66.3,59.4,17,12.6,2.1,1.3,8,5.8,0.9,9.2,6.7,0.8,0.3
99164,0,100,0,0,0,0,0,0,0,0,0,0,0,0,0,0,0
99166,49.9,12.8,50.5,36.2,35.3,32,13.4,3.6,2.7,0.7,30.9,27.9,9.9,27.2,19.7,5,1.3
99167,64.9,19.9,44.3,35.8,44,27.3,22,8.5,3.6,0,8.3,31.9,3.9,17,4.4,8.5,0
99169,68.2,12,31,54.5,52.3,43.9,19,10.6,0.9,0,18.1,16.8,5.4,17.1,12.7,1.8,0
99170,66.4,8,49.4,40.8,41.5,33.6,27.1,5.9,1.8,1.3,20.2,28.7,3.7,26,16,3.4,0.5
99171,76.7,6.3,38.7,53.2,54.6,46.1,24.7,7.2,0.4,0,14.1,26.1,6.2,16.5,7.6,2.1,0.3
99173,39.4,23.9,52,23.6,28,19.1,11.9,4,5.8,0.4,32.2,22.2,5.9,33.2,26.3,4.6,0
99174,57.4,4.9,52.5,42.6,52.5,37.7,4.9,4.9,0,0,34.4,37.7,19.7,16.4,13.1,1.6,1.6
99176,67.5,10.7,35.5,52.3,61.9,48.2,9.6,4.1,0,0,19.8,16.8,9.1,19.3,9.1,1.5,1.5
99179,86.1,4.8,25,67.2,68.5,57.9,16.7,9.3,3.8,0,8.3,17.7,3.3,6.8,4.5,2,0.5
99180,61,10.9,49.6,39.3,30.8,22,30.7,17.3,4.9,0,25.6,29.6,7.3,21.1,16.4,7.7,1.9
99181,49.7,17,51.9,30.3,30.2,23.4,17.3,5.8,4.8,1.1,30,21.1,5.8,30.6,24.2,4.9,0
99185,60.4,15.3,44.5,38.6,44,30.2,18,7,2.8,1.3,21,31.8,10.9,15.4,9.8,5.5,0.3
99201,40.6,19.4,47.7,32.3,32.2,27.8,8,3.7,2.4,0.8,32.2,17.1,3.2,37.9,28.3,3,0.7
99202,54.7,17.1,35.8,45.3,43.2,37.3,12.2,7.1,2.6,0.8,23.6,14.8,4.3,25.3,18.8,2.1,0.4
99203,82.8,6.1,25.6,67.3,64,54.2,15.6,8.6,7.3,4.5,10.2,18.7,5.3,8.2,4.6,2.4,0.3
99204,64.5,14.1,30.3,53.5,48.7,42.2,16.8,10.6,2.9,0.7,17.5,14.5,3.1,19.1,13.3,3.4,1.1
99205,61.3,14.1,38.1,45.9,50.2,40.8,11.2,3.8,4.8,1.4,21.4,16.3,4,24.2,16.9,3.4,0.5
99206,65.9,13.2,33.9,50.7,53.5,44.5,13.4,5.2,4.3,1,19.3,15.2,3.7,19.8,15,2.9,0.7
99207,44.4,17.8,46.9,34.4,35.1,29.1,10.1,4.7,1.7,0.6,33.6,14.5,4,35.6,29,2.7,0.6
99208,69.9,9.6,34,54.5,56.4,47,13.5,5.6,5.4,1.9,18.5,16.6,3.8,18.7,14.5,2.6,0.2
99212,61.8,15.5,36.1,46,50.1,39.9,14.5,5.5,2.3,0.5,19.5,17.5,3.7,21.6,15.2,2.8,0.6
99216,61.9,14.9,38.9,43.9,49.9,39,13.1,4.1,4.1,0.9,20.2,19.1,4,22.6,15.7,3.3,0.5
99217,60.3,13.2,39,45.9,50.3,41.3,10.8,3.7,3.4,0.9,23.5,18.4,5.3,23.8,17.7,2.5,0.4
99218,67.1,12.5,33.1,51.4,52.7,42.7,15.5,7.4,5.1,1.3,18.8,15.4,4,19.1,14.5,2.3,0.2
99223,75.4,9.4,28,60.2,61.6,52.3,14.6,6.3,5.9,1.5,13,18,4.6,12,8.1,2.7,0.3
99224,71.7,10.4,30.9,56.7,56.5,48.2,10.9,4.3,8.8,4.2,16.4,15,3.8,16.8,12,3.1,0.6
99301,53.6,19.6,34.7,42.9,47.1,39,9.4,3.5,1,0.4,25,8.7,2.2,27.6,22.8,1.3,0
99320,68.1,13.1,31,53,61.1,50,10.7,2.8,1.7,0.2,17.1,15.4,3.8,16.3,13,3.8,0.3
99321,8.9,64.4,26.6,2,8.9,2,7,0,0,0,26.6,0,0,26.6,26.6,0,0
99322,87.9,2.3,27,69.8,67,60,21.4,9.8,4.7,0,9.8,21.9,6,7,3.7,0.5,0
99323,75,8.3,28.6,62.6,66.1,58.6,8.8,3.9,1.3,0,10.3,15.7,1.5,18.9,8.8,1.9,0
99324,65.5,15.1,37.7,46,51.4,38.6,16.8,7.3,2.3,0.1,18.8,17.6,1.5,21.4,17.2,3.4,0.1
99326,52.1,16.9,38.9,37.9,41.8,30.9,17.7,7.1,0.9,0,29.9,7.9,2.3,31.7,27.5,1.4,0.1
99328,57.4,11.1,49.9,38.2,38.3,29,19.2,8.3,2.6,0.9,28,26.2,7.4,28.1,20.3,4.1,0.4
99329,61.5,13.5,46.9,39.6,45.3,34.9,16.1,4.7,0,0,19.8,28.6,1.6,32.3,15.6,3.6,2.6
99330,59.3,9.8,35.4,54.8,54.7,50.2,4.6,4.6,0,0,19.4,19.1,5.1,23.8,14.3,4,0
99333,92.1,0,26.3,73.7,55.3,55.3,36.8,18.4,0,0,0,26.3,0,7.9,0,0,0
99335,62,9.8,38.4,44.1,57.6,43.3,10.2,0.8,2,0,28.2,7.3,1.6,29,26.5,2.4,0
99336,53.3,19.6,39.8,38.8,46.2,36.2,9.1,2.2,2.4,0.3,25.2,13.1,2.7,28.5,22.2,2.2,0.3
99337,69.6,15.3,29.3,53.4,60.5,49.5,11.5,3.7,2.1,0.2,13.9,15.3,3.3,15.2,10.2,3.3,0.4
99338,79.2,9.2,20.5,67.8,69.2,60.9,13.5,6.7,1.7,0.2,11.2,10,3.4,10.1,7.7,1.5,0.1
99341,69.6,7.7,31.1,56.7,52.8,46.9,15.3,6.7,6.7,3.1,20.4,13.8,4.6,19.6,15.7,1.3,0
99343,28.9,35.1,41.1,23.6,23.5,20.1,5.5,3.5,1,0,35.7,3.9,1.2,37.2,34.6,1,0
99344,40.1,26.7,39.8,31.8,32.1,27.5,10.2,4.3,0.8,0,31.6,9.2,2.6,32.7,28.8,0.6,0.1
99345,49.5,29.2,30.7,38,34.9,31.8,17.7,6.3,0,0,21.4,11.5,2.1,20.3,19.3,1,0
99346,44.7,23.7,36.8,38.4,39,36.8,4.1,1.6,4.9,0,29.4,25.3,18,11.4,9.3,4.6,2.2
99347,64.4,10.3,46.3,42.2,43.2,33.8,22.9,8.4,0.9,0,21.9,27.9,5.4,21.4,16.5,5.2,0
99348,40,41.6,26.3,31.5,27.6,21.9,13.1,9.6,0.4,0,16.6,6.4,1,20.9,15.3,1.8,0.4
99349,21,35.4,47.7,16.3,14.7,12.4,6.2,3.6,0.9,0.3,42.9,5.2,1.8,43.7,41.1,1.7,0.1
99350,56.9,17.9,35.2,45.9,47.8,39.6,9.9,5.8,1,0.5,23.6,13.6,4.2,23.7,19.3,0.8,0.1
99352,79.5,8,26.5,63.1,68.5,57.4,13.4,5.2,3.3,0.4,10.9,17,2.9,11.2,7.9,2.5,0.2
99353,79,9.1,22.7,65.3,72.3,61.8,8.5,2.9,2.8,0.6,10.4,12.1,2.4,11.7,7.8,2.4,0.2
99354,73.2,10.4,31.3,55.5,64.2,50.4,11,3.6,2.9,1.5,14.6,16.1,2.7,16.6,11.6,1.6,0.4
99356,44.9,31.2,45.3,23.2,23.5,15.1,18.9,8.1,6.7,0,22.8,20.7,6,23.2,16.8,4.2,0
99357,25,42.7,34.6,22.7,19.2,17.7,6.6,4.5,0.5,0.5,31.6,3.6,0.7,31.7,30.9,0.1,0
99359,71,6.5,45.8,45.8,54.2,44.9,18.7,0.9,0,0,17.8,36.4,10.3,13.1,7.5,0.9,0
99360,78.5,13.2,23.7,59.4,57,47.1,23.6,11.6,2.6,0.7,7.1,15.4,2.2,8,4.7,3.1,0.1
99361,61.8,18.4,36.5,40.3,44.4,31.4,22.3,8.4,2.9,0.5,15.9,21.9,3.3,19.1,11.4,4,1.3
99362,65.6,13.9,36.7,47.1,51.5,39.3,17.6,7.5,2.2,0.3,17.2,18.7,3.5,20.2,12.9,4.4,0.8
99363,0,0,100,0,0,0,0,0,0,0,100,100,100,0,0,0,0
99371,66.2,8.2,42.3,47.5,54.9,44,12.4,3.6,2.7,0,19,26.6,5.5,24.2,13.5,3,0
99401,61.2,24.9,32.5,42.6,16.5,16.5,41.4,26.2,3.4,0,10.1,32.5,10.1,3.8,0,8,0
99402,63.3,14.4,35.3,49.6,44.7,38.7,13.6,7.6,6.1,3.4,19.9,18.3,4.2,19.2,14.9,2.6,0.8
99403,64,12.7,42.9,43,49.7,37.6,15.8,5.3,2.1,0.2,20.3,23.6,4.3,22.4,15.7,3.7,0.3
