zip,household_totalno,families_no,median_house_income,median_house_income_errormargin,mean_house_income,mean_house_income_errormargin,median_percentile,,,
98001,11092,8239,72540,3578,85821,5019,,,,
98002,13013,8122,44930,2611,53036,2162,,,,
98003,17780,11093,45563,3263,59931,2838,,,,51371
98004,14740,7878,100344,5330,144908,8244,,,,
98005,7579,4864,85639,6574,121345,9866,,,,
98006,13102,10513,111216,5461,148524,8470,,,,
98007,10271,6387,75264,4462,93126,6785,,,,
98008,8918,6317,88862,5749,115893,5976,,,,
98010,1882,1339,71280,7053,89127,8210,,,,
98011,12426,7928,74975,6018,93191,4340,,,,
98012,20290,14428,86886,4184,101021,4217,,,,
98014,2542,1875,97806,8827,128021,14543,,,,
98019,3915,2811,93004,11082,108412,7761,,,,
98020,8326,5383,79246,4751,110413,8062,,,,
98021,10454,7624,95666,5493,110294,5020,,,,
98022,8384,5527,65864,3224,84091,4248,,,,
98023,17500,12846,67881,4329,83456,3156,,,,
98024,2056,1668,99257,22496,130951,14235,,,,
98026,14573,9677,74071,4078,90955,3527,,,,
98027,10819,7602,102760,7269,128750,6684,,,,
98028,8001,5543,88472,7265,103002,5688,,,,
98029,10457,7085,99519,5869,114663,6547,,,,
98030,11591,8028,52297,4342,64657,3888,,,,
98031,12244,9256,65321,2943,76674,2801,,,,
98032,13554,7493,47030,2508,60401,2972,,,,
98033,15337,9666,103995,3305,134504,7568,,,,
98034,17064,10565,81037,4411,101558,4350,,,,
98036,14098,9485,63118,3820,77166,3104,,,,
98037,10103,6716,60629,4130,73192,3119,,,,
98038,11823,8958,93573,4684,105746,3804,,,,
98039,1054,886,182308,22505,310533,54271,,,,
98040,9431,6809,125651,6305,187309,10907,,,,
98042,15890,11868,88006,4475,96711,3368,,,,
98043,8225,5128,61396,3520,71622,3864,,,,
98045,5551,4193,87470,10469,107704,8482,,,,
98047,2290,1616,52222,7407,58958,5378,,,,
98050,55,55,247188,76130,264362,44106,,,,
98051,1262,985,78941,5412,93808,9058,,,,
98052,24893,15584,103086,3761,125547,5142,,,,
98053,7757,5975,119637,9398,150048,9575,,,,
98055,8659,5093,63030,4369,74456,3688,,,,
98056,13160,8294,72420,4618,92007,5419,,,,
98057,5496,2260,42500,4246,61184,8630,,,,
98058,15538,11118,81221,2859,93813,3061,,,,
98059,13032,9774,93486,5108,110063,4560,,,,
98065,4482,3645,123548,8759,141594,8706,,,,
98068,132,58,53864,25437,65132,14760,,,,
98070,4704,2814,72568,6142,91788,8419,,,,
98072,8586,6086,107009,4409,141924,10132,,,,
98074,8704,7701,140799,6149,165835,9101,,,,
98075,7090,6133,149557,8563,184692,10382,,,,
98077,4742,4077,136833,10120,185870,17531,,,,
98087,11528,7395,66135,4790,76994,3572,,,,
98092,14978,10357,71803,4601,87131,4848,,,,
98101,7637,1562,48337,7521,87095,10070,,,,
98102,14117,3655,68109,4855,95799,6087,,,,
98103,22736,9424,76925,4049,99938,3827,,,,
98104,7038,1547,30461,2570,57490,4454,,,,
98105,15190,5611,47474,3934,88071,5785,,,,
98106,10002,5659,53949,3683,68057,3713,,,,
98107,11829,4810,71597,4705,88860,6194,,,,
98108,7886,5311,52934,2889,70088,4029,,,,
98109,13043,3750,81134,3845,101209,5736,,,,
98110,9404,6711,95976,9127,132572,11266,,,,
98112,10395,5121,100694,7476,151533,9921,,,,
98115,20694,11306,88633,3219,112272,4010,,,,
98116,11398,5617,73667,5900,106456,13169,,,,
98117,13588,7707,91199,3338,105324,3466,,,,
98118,15804,9900,53415,2408,73951,3320,,,,
98119,11390,4265,74661,3740,120856,9069,,,,
98121,8887,1913,72544,8160,91764,9052,,,,
98122,16183,5179,55725,5142,89153,7350,,,,
98125,17540,8415,52353,3109,73878,3972,,,,
98126,9349,5234,67359,4115,90734,6165,,,,
98133,20489,10614,52663,2589,66389,2635,,,,
98134,222,67,42972,7486,44136,7727,,,,
98136,7111,3705,85040,10356,105885,7048,,,,
98144,12033,5836,60143,6155,84061,5540,,,,
98146,9388,6032,56320,4196,76487,4591,,,,
98148,4135,2395,46737,4314,58501,3759,,,,
98154,0,0,-,**,-,**,,,,
98155,13276,8285,72241,3919,92296,4453,,,,
98158,0,0,-,**,-,**,,,,
98164,47,25,85150,58661,62132,33842,,,,
98166,8596,5479,65374,3519,90032,4548,,,,
98168,11532,7127,50054,3463,61030,3091,,,,
98174,0,0,-,**,-,**,,,,
98177,7628,5138,90758,8119,124399,8335,,,,
98178,8583,5682,59637,7402,74494,5765,,,,
98188,9712,5379,40656,3702,52971,2787,,,,
98195,0,0,-,**,-,**,,,,
98198,12876,7894,55516,3232,70061,3860,,,,
98199,9122,5025,83611,8741,123642,7742,,,,
98201,12418,5769,43121,2408,55582,2327,,,,
98203,13244,8097,57261,2405,74204,3084,,,,
98204,16139,8474,43476,2819,53210,2356,,,,
98205,4251,3235,72639,6254,83150,4561,,,,
98207,0,0,-,**,-,**,,,,
98208,19249,13419,74580,2943,82089,2546,,,,
98220,281,281,47216,75838,60417,25919,,,,
98221,9026,5926,60811,1578,76673,1812,,,,
98222,34,15,58750,13418,94426,37684,,,,
98223,14796,10689,66092,3111,77055,2906,,,,
98224,162,65,32813,18094,37054,10421,,,,
98225,19242,8472,37189,2416,54399,2711,,,,
98226,16275,10343,55925,2663,67702,3058,,,,
98229,12588,8150,59709,2676,75010,3850,,,,
98230,6719,4314,58277,5320,73863,6415,,,,
98232,1511,1078,74750,13172,85671,10562,,,,
98233,5468,3648,54867,4511,65275,3861,,,,
98235,22,11,-,**,N,N,,,,
98236,2610,1658,61558,6055,81157,8790,,,,
98237,1548,1097,53013,7346,56182,4800,,,,
98238,6,6,-,**,N,N,,,,
98239,3034,2176,61429,7334,82334,13473,,,,
98240,1046,863,59615,8459,69614,8933,,,,
98241,865,545,39087,10697,83499,45908,,,,
98243,203,135,63125,67814,101813,22220,,,,
98244,1200,825,44911,13526,60530,10440,,,,
98245,1859,1068,45063,3066,67657,7445,,,,
98247,3311,2539,59852,4741,87534,24298,,,,
98248,8272,6271,59369,7211,65230,3064,,,,
98249,2069,1408,60153,6162,87892,16442,,,,
98250,3599,2251,61116,1873,86480,6612,,,,
98251,1750,1117,67012,14984,71445,6507,,,,
98252,3440,2266,68958,10040,78037,6743,,,,
98253,928,628,63971,18402,77253,16916,,,,
98255,76,45,27500,19715,37770,10432,,,,
98256,261,129,41250,21940,48568,12498,,,,
98257,1749,1148,53650,4628,65164,3361,,,,
98258,10861,8149,77616,3101,86300,3373,,,,
98260,2457,1623,63650,6654,84726,9702,,,,
98261,1248,816,49052,5984,68855,4213,,,,
98262,508,317,67813,14287,68495,9198,,,,
98263,27,19,34125,64556,56437,26949,,,,
98264,6692,4894,59354,2938,68254,3704,,,,
98266,1369,922,42847,6907,51952,8425,,,,
98267,262,156,28125,18407,39310,13898,,,,
98270,17006,11833,64644,3549,73510,2659,,,,
98271,9818,7284,65907,2569,76221,2518,,,,
98272,8650,6715,80113,4517,88833,3776,,,,
98273,10467,7309,49945,2256,64104,3690,,,,
98274,6364,4526,57756,4180,76251,6720,,,,
98275,7975,5663,89942,7730,112877,6103,,,,
98276,173,164,67454,13443,65927,7480,,,,
98277,15437,10315,53792,2090,65997,3861,,,,
98278,0,0,-,**,-,**,,,,
98279,305,192,51125,10800,73317,10140,,,,
98280,180,134,82857,40766,135301,53197,,,,
98281,663,364,50133,9940,71879,18734,,,,
98282,6285,4648,66890,3831,78729,3601,,,,
98283,201,86,30298,28408,45235,17492,,,,
98284,9174,6347,56114,5264,68254,4945,,,,
98286,89,69,59375,26877,84829,17311,,,,
98288,76,45,30000,19191,59033,20954,,,,
98290,11905,8792,76569,3101,91033,3538,,,,
98292,7996,6062,73511,4526,81627,4252,,,,
98294,2472,1655,54098,5740,59190,4753,,,,
98295,849,692,61625,17424,67878,7928,,,,
98296,9588,8028,108793,6468,124190,7207,,,,
98297,38,24,34583,6398,35816,9626,,,,
98303,483,341,45694,17894,73878,20193,,,,
98304,289,87,36701,9633,45425,11384,,,,
98305,142,49,38333,23268,43915,20637,,,,
98310,8514,4490,46017,2945,55986,2330,,,,
98311,10191,6937,68056,4553,76732,3875,,,,
98312,12362,7850,56036,2810,68453,2973,,,,
98314,25,25,150729,29908,150592,24868,,,,
98315,1321,1291,45707,5394,50735,5422,,,,
98320,607,344,39911,9959,48799,7652,,,,
98321,4958,3800,72098,7776,81348,4314,,,,
98323,231,141,56528,12812,56775,6490,,,,
98325,675,557,58125,28281,76151,14106,,,,
98326,204,109,13667,13023,30363,11427,,,,
98327,3141,2270,81329,8836,92632,7594,,,,
98328,3740,2458,61250,7182,71830,5221,,,,
98329,3944,2968,68170,5129,81859,5743,,,,
98330,94,20,7891,81232,52760,93439,,,,
98331,2381,1433,38054,6203,48425,5514,,,,
98332,5936,4472,83790,5751,118319,12128,,,,
98333,1355,1028,95487,10445,120612,17549,,,,
98335,9683,6903,78044,6546,109884,7618,,,,
98336,373,195,34205,9847,36396,6094,,,,
98337,2730,1263,34299,5301,45769,4606,,,,
98338,8669,6421,68104,3783,76614,3447,,,,
98339,1344,793,32075,5089,41674,5081,,,,
98340,1201,775,65586,20515,77145,11924,,,,
98342,609,397,65875,10184,83779,10170,,,,
98345,227,220,82532,48198,83569,17220,,,,
98346,3875,3002,69625,11000,78726,5522,,,,
98349,1749,1163,52339,4990,67038,8838,,,,
98350,130,111,40500,14819,45025,8836,,,,
98351,433,334,53050,18894,64401,18510,,,,
98353,13,13,-,**,N,N,,,,
98354,2833,1846,67485,6805,87624,15997,,,,
98355,287,152,34544,11689,71577,34886,,,,
98356,914,606,35929,3290,44186,5380,,,,
98357,488,343,35667,9879,54219,9595,,,,
98358,463,335,60647,6856,66529,10105,,,,
98359,1696,1311,68977,10627,79221,8274,,,,
98360,4054,3215,76500,4255,80610,4267,,,,
98361,605,410,35208,8922,54164,19850,,,,
98362,9890,5720,46540,3756,58550,2615,,,,
98363,5548,3595,48398,2586,58977,4057,,,,
98364,32,32,-,**,N,N,,,,
98365,2050,1464,62143,10050,77834,8738,,,,
98366,12555,8360,57413,2171,68704,3405,,,,
98367,10154,7731,73811,4626,82096,3730,,,,
98368,7206,3796,44085,4722,59631,4160,,,,
98370,11448,7823,70738,3617,84069,4172,,,,
98371,8045,5188,66067,3213,77405,3664,,,,
98372,9004,5922,63121,4392,79145,3861,,,,
98373,8803,6197,61228,3429,73406,3485,,,,
98374,13434,9969,76880,3161,85951,2890,,,,
98375,9239,7261,71132,4844,81645,4137,,,,
98376,829,520,49125,4811,68197,10801,,,,
98377,839,486,29846,13119,39837,6486,,,,
98380,1856,1209,76458,15316,93493,15131,,,,
98381,204,141,53409,16457,55465,13143,,,,
98382,12337,7322,48228,1931,61272,2656,,,,
98383,8508,5365,62113,3421,79797,4309,,,,
98385,134,100,70227,5889,71735,14120,,,,
98387,14737,11174,63994,3508,70928,2764,,,,
98388,2682,1846,57880,6923,83326,7237,,,,
98390,4221,2549,54522,5510,69596,5017,,,,
98391,15457,12082,81918,2366,94450,2877,,,,
98392,1262,735,54688,5545,67134,3975,,,,
98394,457,372,49464,25373,73396,14918,,,,
98396,241,174,67250,10121,78361,10283,,,,
98402,3363,816,33299,4876,50402,5542,,,,
98403,4201,1596,58337,5985,77907,7700,,,,
98404,10668,7310,43333,3401,49367,2071,,,,
98405,9228,4831,44787,2998,53546,2433,,,,
98406,9152,5049,62328,3083,76948,3267,,,,
98407,8815,5162,65939,4402,92004,6205,,,,
98408,7137,4235,46439,5498,58181,3638,,,,
98409,9180,5285,48357,2002,54303,2591,,,,
98416,0,0,-,**,-,**,,,,
98418,3728,2285,47851,5390,54273,5243,,,,
98421,0,0,-,**,-,**,,,,
98422,7411,5470,81761,3530,103146,3572,,,,
98424,3784,2383,58008,4390,65464,2652,,,,
98430,4,4,-,**,N,N,,,,
98433,3817,3674,48869,3539,54172,3380,,,,
98438,8,8,-,**,N,N,,,,
98439,1864,1225,35590,5170,41449,3608,,,,
98443,2235,1517,61307,6014,77171,5211,,,,
98444,12724,7715,39743,1924,48758,2756,,,,
98445,10837,7695,59135,4587,67671,3214,,,,
98446,3751,2605,64163,5703,75876,7488,,,,
98447,0,0,-,**,-,**,,,,
98465,3082,1474,46857,11430,68730,7847,,,,
98466,11304,7058,54010,3006,71543,3537,,,,
98467,6374,4469,60125,6146,76031,5312,,,,
98498,11175,6813,56133,2710,70399,3311,,,,
98499,12480,6870,39046,2516,53923,2960,,,,
98501,16702,11030,67384,2963,80700,3551,,,,
98502,12686,7298,62475,4756,77434,4053,,,,
98503,14667,9036,57198,2961,65793,3141,,,,
98506,7828,4282,60079,4795,73869,4518,,,,
98512,11120,7651,66517,4548,77143,3318,,,,
98513,12115,9130,68651,3977,77635,3045,,,,
98516,8572,6056,68118,7041,85087,4174,,,,
98520,8100,5163,42790,2238,55484,2914,,,,
98524,1352,1063,56852,11485,68377,10426,,,,
98526,114,80,43750,5905,54916,11856,,,,
98527,123,76,45625,37377,52893,27127,,,,
98528,3499,2481,54621,6203,62092,5587,,,,
98530,216,156,35000,19029,44507,9799,,,,
98531,9325,5556,38542,2662,50244,3362,,,,
98532,8720,6433,51685,2692,61945,2416,,,,
98533,330,171,36033,15247,46417,11274,,,,
98535,227,170,33507,7204,32096,8771,,,,
98536,83,14,22750,62516,28771,30354,,,,
98537,842,572,55667,4878,63588,5949,,,,
98538,89,63,74375,28011,73591,16136,,,,
98541,3717,2608,45262,6212,57504,4992,,,,
98542,189,150,58550,5796,66085,18524,,,,
98544,0,0,-,**,-,**,,,,
98546,1137,826,64053,11029,71938,9968,,,,
98547,558,334,27069,10033,41313,9493,,,,
98548,1262,513,32105,12799,38143,5246,,,,
98550,4499,2749,38726,5245,51124,4637,,,,
98552,236,142,46750,29070,45357,7756,,,,
98555,177,123,31760,58714,66049,25083,,,,
98557,1155,781,52780,7180,58451,4837,,,,
98558,52,33,-,**,N,N,,,,
98559,29,29,-,**,N,N,,,,
98560,69,54,38750,23498,45893,7921,,,,
98562,36,36,-,**,N,N,,,,
98563,3325,2224,54750,8108,70082,9608,,,,
98564,997,684,45313,6711,56081,7187,,,,
98565,180,149,60833,13037,68625,12980,,,,
98568,944,679,46538,4870,54190,4971,,,,
98569,2810,1770,41685,10969,53201,6468,,,,
98570,1657,1165,43750,8244,55000,6828,,,,
98571,119,119,58401,52838,84559,60507,,,,
98572,330,211,47500,10266,52801,8617,,,,
98575,80,62,47250,22655,63138,13985,,,,
98576,1848,1409,57073,9167,68076,7566,,,,
98577,2727,1798,43229,3624,54249,4736,,,,
98579,4857,3652,58239,3697,68846,5572,,,,
98580,3921,3209,61516,5521,70791,5931,,,,
98581,128,66,36042,16669,34113,9076,,,,
98582,286,135,27262,42043,54414,20851,,,,
98583,51,30,25729,18928,35002,18695,,,,
98584,13196,8312,47826,2934,59349,2996,,,,
98585,284,159,62222,63350,83693,28935,,,,
98586,881,507,33393,5046,40607,5464,,,,
98587,258,186,29000,5768,46643,7307,,,,
98588,936,701,49306,14024,57827,12613,,,,
98589,2683,1867,55308,4921,66552,6120,,,,
98590,198,132,38864,25343,91639,60242,,,,
98591,1477,1129,49120,7531,57261,6025,,,,
98592,700,520,64524,20575,79975,23202,,,,
98593,397,260,42031,14522,44532,5023,,,,
98595,1194,491,32013,4551,37980,5236,,,,
98596,2577,1925,42404,3675,50832,4573,,,,
98597,7797,5533,53534,3865,62998,3499,,,,
98601,956,749,54688,7293,63081,9799,,,,
98602,41,23,53250,9454,49527,9498,,,,
98603,419,322,59708,14346,76205,26651,,,,
98604,11539,9117,66206,4634,80608,4122,,,,
98605,460,253,39167,12655,54168,7746,,,,
98606,3128,2530,76722,8618,92286,6841,,,,
98607,9866,7669,83602,6405,106904,5846,,,,
98610,1158,734,39667,7497,53553,8572,,,,
98611,3868,2693,55021,5450,65928,5561,,,,
98612,1119,786,48594,7162,54594,7982,,,,
98613,209,154,56875,19833,68062,9870,,,,
98614,112,69,38636,30499,42180,13789,,,,
98616,85,62,31890,36702,69939,52013,,,,
98617,415,285,47344,9696,64949,19200,,,,
98619,187,130,46406,12329,53426,8193,,,,
98620,2982,2073,41381,6227,47662,5108,,,,
98621,198,134,33125,17453,44295,15516,,,,
98624,641,416,44489,15168,53753,8440,,,,
98625,2568,1757,55625,7269,72737,12075,,,,
98626,9090,6262,44777,3897,56614,2978,,,,
98628,158,96,32031,8054,49237,10670,,,,
98629,2943,2398,74102,6449,86823,7734,,,,
98631,1688,1001,41214,8653,54236,8020,,,,
98632,19960,12235,41732,1836,55149,2035,,,,
98635,763,490,33862,4683,45693,4950,,,,
98638,517,384,51771,8826,61112,8962,,,,
98639,428,239,48036,13405,67699,17184,,,,
98640,1901,1070,34035,3826,44039,6762,,,,
98641,0,0,-,**,-,**,,,,
98642,5910,4610,78448,7010,96102,7067,,,,
98643,193,128,51477,17639,50107,10476,,,,
98644,140,68,38641,3625,41680,11267,,,,
98645,461,354,54792,13815,59137,8695,,,,
98647,121,55,26488,19715,47703,30238,,,,
98648,1204,711,51471,4105,60170,5527,,,,
98649,376,250,72045,21064,77639,14576,,,,
98650,314,249,53750,13364,74603,15153,,,,
98651,269,207,49489,23039,68558,10963,,,,
98660,5234,2543,43214,5863,59305,5051,,,,
98661,17422,10129,40599,1998,56114,3419,,,,
98662,11885,8049,60034,3841,68980,2772,,,,
98663,5688,3164,53137,3563,62293,3079,,,,
98664,8776,5439,51489,2120,67840,3828,,,,
98665,9492,6416,50305,2377,65484,3588,,,,
98670,33,20,45417,41397,50361,19338,,,,
98671,8155,6015,67655,5540,81718,4608,,,,
98672,2136,1406,54655,5577,68521,6670,,,,
98673,197,117,35893,14600,53346,13505,,,,
98674,3853,3010,63774,3633,78154,9345,,,,
98675,2067,1565,59871,5358,75602,6455,,,,
98682,18226,13334,59325,2474,68437,2531,,,,
98683,13008,8479,58874,3714,77841,3311,,,,
98684,9857,7095,57216,3523,69204,4079,,,,
98685,9708,7413,79265,4858,92852,4268,,,,
98686,6741,4751,72204,4792,87166,5149,,,,
98801,14977,10157,50911,2354,68149,4068,,,,
98802,10511,7960,57872,2749,67214,3438,,,,
98811,39,7,56607,69001,49162,31155,,,,
98812,1293,1033,40583,8914,56942,7140,,,,
98813,991,826,37986,3189,45683,4464,,,,
98814,148,120,34355,29321,51226,15848,,,,
98815,2564,2048,59735,5819,79022,8816,,,,
98816,2626,1654,42721,14267,60155,8390,,,,
98817,188,82,20156,44488,19371,14539,,,,
98819,89,44,32917,11597,35442,8356,,,,
98821,157,106,13875,56626,27348,26646,,,,
98822,805,613,45804,9254,58842,5500,,,,
98823,3720,2822,54651,5346,58703,4020,,,,
98824,115,105,47928,8511,46302,7249,,,,
98826,2965,1816,46976,7736,59368,7959,,,,
98827,235,139,36332,22615,28214,9674,,,,
98828,770,589,60913,7227,69590,12353,,,,
98829,274,200,37125,45073,53136,11150,,,,
98830,240,156,55333,15505,60759,10307,,,,
98831,1303,811,44334,10166,58091,8439,,,,
98832,65,51,61875,82503,70617,26874,,,,
98833,83,56,68750,34488,66952,13445,,,,
98834,81,52,48875,60135,73952,27535,,,,
98836,313,243,65462,8660,70004,21847,,,,
98837,14646,10170,47962,2637,60995,3540,,,,
98840,1834,1164,45568,9262,59952,11812,,,,
98841,3445,2434,43972,8537,52217,5374,,,,
98843,503,383,51827,7838,69194,14573,,,,
98844,1963,1147,35542,8058,47054,5778,,,,
98845,88,68,44091,4750,48057,16023,,,,
98846,423,312,38814,8811,50971,9021,,,,
98847,537,355,50195,9227,74911,42192,,,,
98848,3600,2810,45533,5108,54436,3394,,,,
98849,555,423,45114,16093,46537,8337,,,,
98850,546,379,37083,14351,50130,14745,,,,
98851,1800,1013,33481,5387,47941,6013,,,,
98852,5,2,21250,171391,73120,66801,,,,
98853,2,0,-,**,N,N,,,,
98855,2757,1677,39028,8156,47756,5770,,,,
98856,1206,698,32744,5555,41514,4631,,,,
98857,1196,906,41742,8794,51927,5862,,,,
98858,839,575,42868,7468,55439,5933,,,,
98859,146,19,6065,7618,9745,8940,,,,
98860,114,61,46364,17047,44104,8221,,,,
98862,974,698,62549,17968,67082,10123,,,,
98901,9533,6600,35842,2509,49433,2701,,,,
98902,16433,10637,38142,2400,49918,2547,,,,
98903,5291,3915,46297,5679,60407,5490,,,,
98908,14167,9575,58063,3701,75796,3858,,,,
98921,261,261,23179,7630,20701,4147,,,,
98922,2594,1678,51105,3875,68217,8636,,,,
98923,246,216,53214,40401,55080,19029,,,,
98925,233,140,52083,22342,60245,9136,,,,
98926,11931,6491,41614,3850,53847,2852,,,,
98929,0,0,-,**,-,**,,,,
98930,4623,3438,42338,4110,52592,4505,,,,
98932,1285,1135,43117,4247,49426,5802,,,,
98933,399,337,51083,9527,67725,13675,,,,
98934,394,288,39167,28087,51140,8329,,,,
98935,838,726,38895,4155,49154,8690,,,,
98936,1823,1454,57068,4454,61379,5575,,,,
98937,1594,1187,51850,3831,89772,35705,,,,
98938,557,524,66750,17776,77583,19356,,,,
98939,22,13,26250,58902,34327,22197,,,,
98940,377,145,59653,78828,85460,35263,,,,
98941,375,237,56932,11182,61511,10946,,,,
98942,6166,4479,57583,8048,72718,4324,,,,
98943,369,174,48083,18431,53368,9371,,,,
98944,6117,5094,36040,4630,49712,4685,,,,
98946,231,151,52625,8913,63323,13012,,,,
98947,957,764,42263,2915,58308,8161,,,,
98948,3463,2639,34002,3405,46871,3577,,,,
98950,111,93,69886,76333,83719,29139,,,,
98951,3636,2955,38024,4042,47302,3206,,,,
98952,571,434,35574,7908,48994,8833,,,,
98953,1979,1627,55721,8902,66688,5875,,,,
99001,1435,985,37880,3819,46000,5385,,,,
99003,2104,1669,66169,12755,74662,8455,,,,
99004,6801,3780,41177,3396,53692,3187,,,,
99005,2780,2390,96689,15327,105732,10261,,,,
99006,3972,3202,52328,8808,66195,6558,,,,
99008,215,161,51635,28445,63754,16404,,,,
99009,1414,1114,51726,8402,66988,11214,,,,
99011,749,695,44920,3867,53694,5969,,,,
99012,414,255,45076,7218,52183,6780,,,,
99013,634,432,45147,18844,53553,7421,,,,
99016,4677,3273,58608,3521,68696,4031,,,,
99017,73,48,39821,17886,61311,16527,,,,
99018,106,94,52045,9026,53406,10808,,,,
99019,3658,2473,72127,10980,97545,11843,,,,
99020,15,0,-,**,N,N,,,,
99021,3482,2584,57727,7743,72402,5532,,,,
99022,3261,2268,55587,7521,65401,5464,,,,
99023,190,154,93750,58382,123653,40230,,,,
99025,1757,1283,76477,18100,84027,9982,,,,
99026,3517,2897,70754,7987,75636,6272,,,,
99027,2480,1617,53263,9988,63276,6043,,,,
99029,575,426,63364,2535,65623,7183,,,,
99030,412,304,60750,19326,66950,7650,,,,
99031,411,295,30250,10746,48082,14973,,,,
99032,336,202,34375,5633,44385,7182,,,,
99033,401,249,49276,10069,54175,7704,,,,
99034,55,13,-,**,N,N,,,,
99036,473,372,86382,21975,104609,22997,,,,
99037,4816,3457,59758,6476,74787,6691,,,,
99039,50,26,49000,9043,49768,6914,,,,
99040,269,157,29271,11022,46417,12114,,,,
99101,607,466,36691,12659,44828,7117,,,,
99102,218,129,36667,19215,55910,12485,,,,
99103,214,135,41458,7180,51146,6667,,,,
99105,24,14,34500,61860,64954,26954,,,,
99109,2154,1428,35242,8181,47027,4136,,,,
99110,532,376,37059,10184,55480,18022,,,,
99111,1802,1074,48835,4740,63253,9414,,,,
99113,266,199,68167,8833,75637,8669,,,,
99114,5074,3201,40921,2824,56577,4262,,,,
99115,472,346,45139,10357,61021,10092,,,,
99116,665,436,50134,4787,58820,7298,,,,
99117,212,125,40938,7951,53731,7927,,,,
99118,317,189,42344,15217,55826,11829,,,,
99119,426,295,40833,20496,54804,10002,,,,
99121,65,35,45938,17396,54275,21360,,,,
99122,1455,947,51276,6417,62075,6895,,,,
99123,540,348,60263,13066,65098,8022,,,,
99124,121,86,44583,16502,61969,15122,,,,
99125,245,146,44375,4045,48907,6056,,,,
99126,403,333,49946,18992,52327,12542,,,,
99128,122,95,75833,23858,84058,13963,,,,
99129,337,245,31625,12626,48015,9623,,,,
99130,339,213,46583,10578,55397,5204,,,,
99131,77,48,41750,15502,49701,11028,,,,
99133,701,409,34432,13171,49167,8172,,,,
99134,252,187,63750,32535,74060,12078,,,,
99135,107,74,62083,29260,83380,31610,,,,
99136,18,9,32500,48411,46083,26441,,,,
99137,148,88,38636,13889,42964,7806,,,,
99138,464,293,25795,4508,35688,4718,,,,
99139,539,390,47788,7486,53593,9420,,,,
99140,150,95,24792,15049,40526,7675,,,,
99141,2237,1516,44243,7369,49236,3352,,,,
99143,296,187,40357,4848,52236,8414,,,,
99144,20,10,"2,500-",***,46010,44794,,,,
99146,25,19,60521,21132,58716,26509,,,,
99147,68,40,52500,21162,60257,18433,,,,
99148,932,642,48125,4078,59751,7141,,,,
99149,90,54,33864,4043,38209,11135,,,,
99150,93,63,28750,24987,40838,14313,,,,
99151,72,35,30625,12417,35778,9664,,,,
99152,94,40,54861,9806,66404,15193,,,,
99153,225,131,33375,7810,48253,11959,,,,
99154,13,13,117917,114015,86700,28485,,,,
99155,337,219,22422,5662,32661,6031,,,,
99156,3533,2360,37309,5282,46847,3227,,,,
99157,358,261,24306,5159,41280,11949,,,,
99158,275,207,46806,5834,57091,7860,,,,
99159,599,401,48750,9191,67595,11241,,,,
99160,71,25,14750,8731,18846,8504,,,,
99161,577,398,57904,6259,65841,5705,,,,
99163,11196,4589,26116,2082,52537,3275,,,,
99164,0,0,-,**,-,**,,,,
99166,1504,1020,40450,3940,51598,7142,,,,
99167,284,218,45139,8724,49288,7484,,,,
99169,1121,694,46523,6009,58198,5844,,,,
99170,455,269,42629,5410,52259,6277,,,,
99171,488,258,42593,6472,55177,10786,,,,
99173,593,410,35762,5109,43670,5500,,,,
99174,30,20,36667,62642,52040,23093,,,,
99176,79,71,53125,8457,57614,16507,,,,
99179,243,176,64917,13343,68164,5340,,,,
99180,432,298,40203,12766,47203,7897,,,,
99181,764,521,31375,6297,38329,5460,,,,
99185,537,328,41964,4482,58716,9307,,,,
99201,6628,2338,23659,1983,37896,4029,,,,
99202,7034,3455,34180,2556,44741,2857,,,,
99203,8966,5668,67367,3631,86396,4324,,,,
99204,3639,1204,29483,4901,47680,6367,,,,
99205,17476,10413,45544,2012,52559,1987,,,,
99206,14406,9710,52057,2336,62873,2298,,,,
99207,11941,6994,33235,2106,42698,2977,,,,
99208,19622,13459,54446,3529,70227,2622,,,,
99212,7997,5086,51687,4007,62707,4432,,,,
99216,10048,6234,45768,2562,55280,3363,,,,
99217,7195,4527,49731,5118,59266,3686,,,,
99218,5719,3624,49521,4489,61140,4141,,,,
99223,12849,8270,62647,2998,86750,5413,,,,
99224,8246,5508,57706,4255,80733,6573,,,,
99301,21598,16572,57533,2689,65950,2428,,,,
99320,3312,2492,63005,4350,68935,4602,,,,
99321,138,125,58300,45623,56758,19870,,,,
99322,78,65,56250,21503,60326,13771,,,,
99323,1205,996,75046,11542,82073,8166,,,,
99324,3577,2088,43639,3014,51911,4629,,,,
99326,1345,1076,54250,7388,60257,7964,,,,
99328,1568,1034,39481,5218,54081,6147,,,,
99329,82,50,50417,34662,54133,15772,,,,
99330,255,167,46705,22981,60973,16342,,,,
99333,18,11,26250,41832,40289,14606,,,,
99335,96,55,40000,16559,50205,14458,,,,
99336,18090,11192,42043,2303,58072,3354,,,,
99337,10476,7729,66201,6484,78689,4504,,,,
99338,4340,3631,93475,9959,104974,7221,,,,
99341,277,224,57083,12733,63828,9446,,,,
99343,763,678,52384,4091,68469,13500,,,,
99344,4837,3975,43358,4419,53457,3610,,,,
99345,69,54,55139,4683,106726,59547,,,,
99346,167,72,34659,10266,46329,16804,,,,
99347,951,675,51189,3940,58125,4719,,,,
99348,488,345,39865,7044,48230,5501,,,,
99349,1829,1579,47428,4800,52923,5560,,,,
99350,4672,3511,57882,6190,65654,5116,,,,
99352,11375,7621,76336,6706,97768,7095,,,,
99353,5001,3879,80164,5705,91277,5433,,,,
99354,9008,5860,61961,3488,79395,3329,,,,
99356,100,85,26250,18946,39843,16381,,,,
99357,931,812,36573,6128,47339,6741,,,,
99359,57,37,34712,9488,62133,39893,,,,
99360,459,352,65208,19506,81687,13907,,,,
99361,665,463,48194,9029,64115,9386,,,,
99362,15247,9379,47782,2337,63689,3500,,,,
99371,170,108,53000,19836,64989,18404,,,,
99401,133,78,62396,48113,90427,58686,,,,
99402,700,580,53438,5662,66832,11586,,,,
99403,8594,5277,41993,2542,55598,3807,,,,
