cost,discharge,quality,quality_care,efficiency,patexp,outcome,provider_id,provider
0.257059921,0.500374915,0.350272727,0.836363636,0,0.21,0.4,360025,FIRELANDS REGIONAL MEDICAL CENTER
0.890089413,0.500992905,0.289,0.56,0,0.23,0.36,310075,MONMOUTH MEDICAL CENTER
0.811990063,0.501660336,0.376363636,0.681818182,0,0.3,0.5,60100,"MEDICAL CENTER OF AURORA, THE"
0.555179264,0.502327766,0.374727273,0.763636364,0,0.34,0.4,450051,METHODIST DALLAS MEDICAL CENTER
0.469290572,0.502970477,0.373545455,0.672727273,0.1,0.27,0.46,10011,ST VINCENT'S EAST
0.820767496,0.502970477,0.360545455,0.772727273,0.1,0.22,0.4,50764,SHASTA REGIONAL MEDICAL CENTER
0.71308947,0.502970477,0.350272727,0.436363636,0.4,0.33,0.28,60020,PARKVIEW MEDICAL CENTER INC
0.537583425,0.504915088,0.310181818,0.590909091,0,0.2,0.44,390050,ALLEGHENY GENERAL HOSPITAL
0.3695303,0.505574278,0.393,0.56,0.4,0.33,0.34,320005,SAN JUAN REGIONAL MEDICAL CENTER
0.532497202,0.506208749,0.462,0.6,0,0.86,0.28,250009,MAGNOLIA REGIONAL HEALTH CENTER
0.877314498,0.506208749,0.382777778,0.788888889,0,0.17,0.58,310084,MONMOUTH MEDICAL CENTER-SOUTHERN CAMPUS
0.047953476,0.507321133,0.363636364,0.618181818,0,0.3,0.5,220176,ST VINCENT HOSPITAL
0.192467955,0.507914404,0.493090909,0.445454545,0.4,0.48,0.6,370056,COMANCHE COUNTY MEMORIAL HOSPITAL
0.353028953,0.508590074,0.431,0.34,0,0.53,0.68,230176,OAKWOOD HOSPITAL - SOUTHSHORE
0.406784876,0.509191585,0.252818182,0.409090909,0.3,0.25,0.12,330250,CHAMPLAIN VALLEY PHYSICIANS HOSPITAL MEDICAL CTR
0.413150922,0.509817816,0.3705,0.6,0,0.41,0.425,150169,COMMUNITY HOSPITAL NORTH
0.935263508,0.510394608,0.242727273,0.763636364,0,0.1,0.2,50022,RIVERSIDE COMMUNITY HOSPITAL
0.485501762,0.511053798,0.486,0.4,0.2,0.52,0.7,60001,NORTH COLORADO MEDICAL CENTER
0.300116762,0.511712989,0.571,0.8,0.3,0.81,0.36,340021,CAROLINAS HEALTHCARE SYSTEM CLEVELAND
0.708848965,0.51232274,0.327,0.3,0,0.45,0.44,450068,MEMORIAL HERMANN TEXAS MEDICAL CENTER
0.146991415,0.51295721,0.422636364,0.518181818,0.2,0.39,0.54,230105,MCLAREN - NORTHERN MICHIGAN
0.159654187,0.513624641,0.510818182,0.509090909,0.5,0.53,0.5,160069,MERCY MEDICAL CENTER-DUBUQUE
0.178065492,0.514201432,0.261636364,0.618181818,0,0.16,0.3,360059,METROHEALTH SYSTEM
0.720763892,0.514852383,0.473454545,0.527272727,0.1,0.4,0.76,450820,METHODIST SUGAR LAND HOSPITAL
0.800301432,0.515453894,0.346090909,0.445454545,0.1,0.37,0.42,50115,PALOMAR HEALTH DOWNTOWN CAMPUS
0.352818473,0.516121324,0.352636364,0.518181818,0,0.41,0.42,150126,FRANCISCAN ST ANTHONY HEALTH - CROWN POINT
0.836189139,0.516772274,0.358727273,0.863636364,0,0.3,0.32,50334,SALINAS VALLEY MEMORIAL HOSPITAL
0.532115782,0.517406745,0.285818182,0.409090909,0,0.28,0.4,180029,HAZARD ARH REGIONAL MEDICAL CENTER
0.23374653,0.517950577,0.347545455,0.572727273,0.1,0.23,0.48,360159,ADENA REGIONAL MEDICAL CENTER
0.227853919,0.518609768,0.381,0.6,0,0.41,0.46,360123,ST JOHN MEDICAL CENTER
0.817785663,0.519244238,0.379,0.56,0,0.51,0.38,10131,CRESTWOOD MEDICAL CENTER
0.037025232,0.51982927,0.259777778,0.388888889,0.1,0.18,0.36,220060,BETH ISRAEL DEACONESS HOSPITAL - PLYMOUTH
0.521309792,0.51982927,0.419666667,0.633333333,0.1,0.29,0.62,310011,CAPE REGIONAL MEDICAL CENTER INC
0.452347083,0.520991093,0.444,0.75,0,0.34,0.64,140250,ADVOCATE SOUTH SUBURBAN HOSPITAL
0.005559412,0.521617324,0.510777778,0.588888889,0,0.55,0.76,220105,WINCHESTER HOSPITAL
0.550426147,0.522194115,0.362090909,0.745454545,0,0.37,0.34,110164,COLISEUM MEDICAL CENTERS
0.880767636,0.522828586,0.397090909,0.545454545,0,0.32,0.64,450634,DENTON REGIONAL MEDICAL CENTER
0.278861248,0.523479536,0.371090909,0.745454545,0,0.4,0.34,140164,MEMORIAL HOSPITAL OF CARBONDALE
0.362001847,0.524114007,0.333545455,0.672727273,0.2,0.37,0.16,520037,MINISTRY SAINT JOSEPHS HOSPITAL
0.291387543,0.524773197,0.361727273,0.563636364,0,0.71,0.12,190102,"OUR LADY OF LOURDES REGIONAL MEDICAL CENTER, INC"
0.980725371,0.524773197,0.252727273,0.663636364,0,0.12,0.28,50380,GOOD SAMARITAN HOSPITAL
0.451151985,0.524773197,0.242,0.51,0.1,0.14,0.26,110191,PIEDMONT HENRY HOSPITAL
0.849836675,0.52661069,0.362444444,0.522222222,0.3,0.2,0.46,50444,MERCY MEDICAL CENTER
0.606993812,0.527162762,0.405777778,0.888888889,0,0.46,0.3,100253,JUPITER MEDICAL CENTER
0.901951031,0.527162762,0.461363636,0.581818182,0.3,0.45,0.5,50145,COMMUNITY HOSPITAL OF THE MONTEREY PENINSULA
0.457557773,0.528406984,0.204777778,0.588888889,0,0.17,0.12,230273,DETROIT RECEIVING HOSPITAL & UNIV HEALTH CENTER
0.544799109,0.529024975,0.355555556,0.577777778,0,0.18,0.62,330061,LAWRENCE HOSPITAL CENTER
0.716877881,0.529577047,0.294090909,0.445454545,0.2,0.19,0.36,40022,NORTHWEST MEDICAL CENTER-SPRINGDALE
0.177862693,0.530244477,0.346545455,0.572727273,0.2,0.3,0.34,350019,ALTRU HOSPITAL
0.741222738,0.530244477,0.397363636,0.481818182,0.2,0.29,0.58,50603,SADDLEBACK MEMORIAL MEDICAL CENTER
0.65755603,0.531505179,0.337,0.65,0,0.39,0.3,70034,NORWALK HOSPITAL ASSOCIATION
0.629718939,0.53213141,0.271,0.53,0,0.15,0.4,330264,ST LUKE'S CORNWALL HOSPITAL
0.318771957,0.53276588,0.413818182,0.709090909,0.1,0.56,0.28,190008,TERREBONNE GENERAL MEDICAL CENTER
0.828098266,0.533392111,0.313363636,0.681818182,0,0.29,0.3,450788,"CORPUS CHRISTI MEDICAL CENTER,THE"
0.417547941,0.534051301,0.280363636,0.681818182,0,0.32,0.16,450280,BAYLOR MEDICAL CENTER AT GARLAND
0.833462364,0.534710492,0.420272727,0.736363636,0,0.33,0.58,440183,ST FRANCIS HOSPITAL
0.227030793,0.534710492,0.426090909,0.445454545,0.2,0.29,0.7,140158,MERCY HOSPITAL AND MEDICAL CENTER
0.067260174,0.536004153,0.446222222,0.711111111,0.5,0.3,0.38,330011,"OUR LADY OF LOURDES MEMORIAL HOSPITAL, INC"
0.113672635,0.536605664,0.692363636,0.981818182,0.5,0.88,0.44,40134,"ARKANSAS HEART HOSPITAL, LLC"
0.825443562,0.53691878,0.413272727,0.536363636,0.3,0.46,0.36,50107,MARIAN REGIONAL MEDICAL CENTER
0.441590699,0.537512051,0.482909091,0.554545455,0,0.56,0.68,390179,CHESTER COUNTY HOSPITAL
0.864782464,0.538130042,0.259,0.5,0,0.11,0.42,370094,MIDWEST REGIONAL MEDICAL CENTER
0.84044721,0.538130042,0.359636364,0.618181818,0.1,0.16,0.56,100187,PALMETTO GENERAL HOSPITAL
0.224666794,0.539407223,0.440818182,0.509090909,0.3,0.23,0.7,490017,BON SECOURS MARYVIEW MEDICAL CENTER
0.457233024,0.539984015,0.352,0.4,0.1,0.38,0.46,450137,BAYLOR ALL SAINTS MEDICAL CENTER AT FW
0.779328954,0.540585526,0.427,0.62,0,0.39,0.62,50112,SANTA MONICA - UCLA MED CTR & ORTHOPAEDIC HOSPITAL
0.016446513,0.541219997,0.37,0.58,0.1,0.18,0.6,220126,NORWOOD HOSPITAL
0.113821081,0.541821508,0.348,0.54,0,0.22,0.58,300012,ELLIOT HOSPITAL
0.514103961,0.542439499,0.335727273,0.463636364,0,0.29,0.52,140239,ROCKFORD MEMORIAL HOSPITAL
0.240746072,0.543073969,0.431818182,0.509090909,0,0.48,0.62,220116,TUFTS MEDICAL CENTER
0.705163182,0.543790839,0.439722222,0.811111111,0,0.25,0.675,50024,PARADISE VALLEY HOSPITAL
0.053713977,0.543790839,0.467722222,0.511111111,0.2,0.51,0.575,10085,DECATUR MORGAN HOSPITAL-DECATUR CAMPUS
0.485828434,0.544787864,0.273666667,0.333333333,0,0.17,0.52,330004,HEALTHALLIANCE HOSPITAL BROADWAY CAMPUS
0.23378196,0.545356416,0.450277778,0.788888889,0,0.2,0.775,330019,"NEW YORK COMMUNITY HOSPITAL OF BROOKLYN, INC."
0.371212433,0.545933208,0.401,0.7,0,0.31,0.56,140116,CENTEGRA HEALTH SYSTEM - MC HENRY HOSPITAL
0.726825244,0.545933208,0.415727273,0.863636364,0,0.45,0.36,450809,NORTH AUSTIN MEDICAL CENTER
0.954529023,0.547268068,0.323727273,0.763636364,0,0.07,0.5,50242,DOMINICAN HOSPITAL
0.800215142,0.547943738,0.406454545,0.727272727,0,0.51,0.36,390153,MAIN LINE HOSPITAL PAOLI
0.331443018,0.548627648,0.328818182,0.609090909,0,0.23,0.46,230254,CRITTENTON HOSPITAL MEDICAL CENTER
0.347006081,0.549262119,0.439454545,0.727272727,0,0.62,0.36,520070,MAYO CLINIC HEALTH SYSTEM EAU CLAIRE HOSPITAL
0.734158499,0.54988835,0.173545455,0.372727273,0,0.13,0.2,100092,WUESTHOFF MEDICAL CENTER  ROCKLEDGE
0.560951728,0.550588739,0.326090909,0.645454545,0.1,0.37,0.22,290019,CARSON TAHOE REGIONAL MEDICAL CENTER
0.701611718,0.55124793,0.370454545,0.727272727,0,0.51,0.24,10103,BAPTIST MEDICAL CENTER-PRINCETON
0.534709009,0.55194008,0.561318182,0.609090909,0,0.69,0.775,140065,ADVENTIST LA GRANGE MEMORIAL HOSPITAL
0.819270579,0.552541591,0.236818182,0.209090909,0,0.19,0.46,100077,BAYFRONT HEALTH PORT CHARLOTTE
0.365450053,0.553192541,0.344090909,0.445454545,0,0.39,0.46,300034,CATHOLIC MEDICAL CENTER
0.651651968,0.553884691,0.467,0.69,0.1,0.63,0.4,70018,GREENWICH HOSPITAL ASSOCIATION
0.903289437,0.554477962,0.439727273,0.863636364,0,0.25,0.64,100223,FORT WALTON BEACH MEDICAL CENTER
0.861682782,0.555153633,0.361909091,0.654545455,0,0.25,0.52,390156,MERCY FITZGERALD HOSPITAL
0.339969734,0.555804583,0.559090909,0.545454545,0.3,0.52,0.78,450571,SHANNON MEDICAL CENTER
0.177785504,0.556455533,0.422909091,0.654545455,0.2,0.56,0.28,440034,METHODIST MEDICAL CENTER OF OAK RIDGE
0.862940737,0.557106484,0.44,0.54,0.1,0.54,0.5,390222,RIDDLE MEMORIAL HOSPITAL
0.178270882,0.557716235,0.424727273,0.563636364,0.6,0.38,0.26,380051,SALEM HOSPITAL
0.385131927,0.558375425,0.25,0.5,0,0.2,0.3,490075,DANVILLE REGIONAL MEDICAL CENTER
0.644881846,0.558375425,0.274727273,0.263636364,0,0.3,0.44,70010,BRIDGEPORT HOSPITAL
0.147549987,0.559669086,0.333,0.66,0.3,0.23,0.24,500036,YAKIMA VALLEY MEMORIAL HOSPITAL
0.790689271,0.560328277,0.370818182,0.809090909,0.1,0.27,0.36,140084,VISTA MEDICAL CENTER EAST
0.432373021,0.560987467,0.454363636,0.681818182,0.6,0.32,0.34,120001,THE QUEENS MEDICAL CENTER
0.074498376,0.561671377,0.597444444,0.722222222,0.3,0.71,0.6,10005,MARSHALL MEDICAL CENTER SOUTH
0.560213004,0.562239929,0.449818182,0.809090909,0,0.44,0.52,280060,CHI HEALTH BERGAN MERCY
0.743918369,0.562923839,0.429818182,0.709090909,0,0.46,0.5,100176,PALM BEACH GARDENS MEDICAL CENTER
0.34489673,0.563566549,0.487,0.85,0.1,0.57,0.42,490093,SENTARA CAREPLEX HOSPITAL
0.238693545,0.564242219,0.443545455,0.672727273,0,0.39,0.64,390045,WILLIAMSPORT REGIONAL MEDICAL CENTER
0.23097199,0.56491789,0.307888889,0.244444444,0.2,0.35,0.38,420070,TUOMEY HEALTHCARE SYSTEM
0.888752536,0.56491789,0.521181818,0.690909091,0.1,0.67,0.54,50100,SHARP MEMORIAL HOSPITAL
0.874452145,0.56622803,0.494818182,0.609090909,0.5,0.13,0.78,50047,CALIFORNIA PACIFIC MEDICAL CTR-PACIFIC CAMPUS HOSP
0.882598331,0.56691194,0.390181818,0.690909091,0,0.46,0.38,50353,PROVIDENCE LITTLE COMPANY OF MARY MED CTR TORRANCE
0.628530103,0.56691194,0.378,0.8,0.1,0.36,0.3,450324,TEXOMA MEDICAL CENTER
0.545459237,0.568246801,0.428363636,0.481818182,0.1,0.46,0.58,360134,GOOD SAMARITAN HOSPITAL
0.472445613,0.568914231,0.427454545,0.527272727,0.5,0.22,0.52,380018,ASANTE ROGUE REGIONAL MEDICAL CENTER
0.927951776,0.568914231,0.210545455,0.572727273,0,0.12,0.2,310002,NEWARK BETH ISRAEL MEDICAL CENTER
0.256572428,0.570216132,0.303545455,0.572727273,0,0.35,0.28,40062,ST EDWARD MERCY MEDICAL CENTER
0.934427471,0.570891802,0.273272727,0.236363636,0.2,0.14,0.48,50174,SANTA ROSA MEMORIAL HOSPITAL
0.880823462,0.570891802,0.344545455,0.372727273,0,0.08,0.82,50043,ALTA BATES SUMMIT MEDICAL CENTER
0.310607917,0.572243142,0.41,0.64,0.3,0.48,0.26,110025,SOUTHEAST GEORGIA HEALTH SYSTEM- BRUNSWICK CAMPUS
0.335975697,0.572935292,0.343909091,0.354545455,0,0.41,0.5,360086,SPRINGFIELD REGIONAL MEDICAL CENTER
0.554188801,0.573586243,0.482318182,0.709090909,0,0.71,0.425,450044,UT SOUTHWESTERN UNIVERSITY HOSPITAL ST PAUL
0.88337656,0.574212474,0.365,0.41,0.2,0.19,0.62,100286,PHYSICIANS REGIONAL MEDICAL CENTER - PINE RIDGE
0.050074943,0.574863424,0.407,0.58,0,0.27,0.7,220175,METROWEST MEDICAL CENTER
0.405242973,0.575497895,0.284,0.26,0.2,0.26,0.38,110215,PIEDMONT FAYETTE HOSPITAL
0.757157358,0.576099406,0.304727273,0.563636364,0,0.32,0.32,390142,ALBERT EINSTEIN MEDICAL CENTER
0.135857348,0.576775076,0.321272727,0.336363636,0.1,0.54,0.24,360118,MEDCENTRAL HEALTH SYSTEM MANSFIELD HOSPITAL
0.883530258,0.576775076,0.409727273,0.863636364,0,0.21,0.58,450222,CONROE REGIONAL MEDICAL CENTER
0.168992511,0.578044017,0.458444444,0.822222222,0,0.32,0.66,70024,WILLIAM W BACKUS HOSPITAL
0.473558377,0.578653769,0.581818182,0.509090909,0.6,0.48,0.72,520089,MERITER HOSPITAL
0.442683405,0.579321199,0.202,0.2,0,0.16,0.38,330350,UNIVERSITY HOSPITAL OF BROOKLYN ( DOWNSTATE )
0.561308683,0.57991447,0.430363636,0.681818182,0,0.64,0.34,420071,SELF REGIONAL HEALTHCARE
0.692843251,0.58060662,0.368722222,0.211111111,0.8,0.18,0.375,50030,OROVILLE HOSPITAL
0.803018317,0.581125732,0.513,0.9,0,0.49,0.62,310054,HACKENSACK-UMC MOUNTAINSIDE
0.90686164,0.581768443,0.385,0.95,0,0.33,0.32,100191,MEDICAL CENTER OF TRINITY
0.617681737,0.582427633,0.570545455,0.772727273,0.1,0.66,0.66,390203,DOYLESTOWN HOSPITAL
0.826667597,0.583053864,0.239545455,0.372727273,0,0.33,0.22,290045,ST ROSE DOMINICAN HOSPITALS - SIENA CAMPUS
0.312244144,0.583754254,0.560545455,0.672727273,0,0.6,0.82,360008,SOUTHERN OHIO MEDICAL CENTER
0.058912093,0.583754254,0.41,0.55,0.3,0.45,0.35,230059,SAINT MARY'S HEALTH CARE
0.283581558,0.585064395,0.506181818,0.490909091,0,0.82,0.54,360056,MERCY HOSPITAL FAIRFIELD
0.483786682,0.585764784,0.296090909,0.445454545,0,0.27,0.42,390001,GEISINGER - COMMUNITY MEDICAL CENTER
0.334252785,0.586423975,0.215818182,0.209090909,0,0.32,0.26,10078,NORTHEAST ALABAMA REGIONAL MED CENTER
0.499604354,0.586423975,0.375454545,0.527272727,0,0.26,0.64,190019,CHRISTUS ST FRANCES CABRINI HOSPITAL
0.682213476,0.587742355,0.280727273,0.563636364,0,0.4,0.16,440156,PARKRIDGE MEDICAL CENTER
0.539196271,0.588418026,0.408,0.6,0,0.4,0.56,450723,METHODIST CHARLTON MEDICAL CENTER
0.69219625,0.589027777,0.360909091,0.654545455,0.1,0.22,0.48,30085,NORTHWEST MEDICAL CENTER
0.259213027,0.589686967,0.329,0.61,0,0.15,0.54,110076,DEKALB MEDICAL CENTER
0.652333724,0.590362637,0.450181818,0.590909091,0.1,0.52,0.52,340116,FRYE REGIONAL MEDICAL CENTER
0.991807127,0.590980628,0.271545455,0.372727273,0.1,0.11,0.48,50125,REGIONAL MEDICAL CENTER OF SAN JOSE
0.453870649,0.591573899,0.430111111,0.755555556,0,0.48,0.45,360143,MARYMOUNT HOSPITAL
0.72759957,0.59220837,0.289545455,0.372727273,0.4,0.19,0.26,260119,POPLAR BLUFF REGIONAL MEDICAL CENTER
0.596594427,0.59286756,0.356222222,0.311111111,0,0.28,0.7,330331,PLAINVIEW HOSPITAL
0.884346398,0.593518511,0.267,0.54,0,0.19,0.34,310034,RIVERVIEW MEDICAL CENTER
0.386119752,0.594218901,0.297909091,0.754545455,0,0.29,0.2,150018,ELKHART GENERAL HOSPITAL
0.444385709,0.594861611,0.425818182,0.509090909,0,0.5,0.58,10024,JACKSON HOSPITAL & CLINIC INC
0.243319469,0.595570241,0.352,0.7,0.1,0.34,0.3,10090,PROVIDENCE HOSPITAL
0.696583463,0.59629535,0.428454545,0.827272727,0.1,0.19,0.62,50290,PROVIDENCE SAINT JOHN'S HEALTH CENTER
0.077392504,0.596863902,0.503818182,0.509090909,0.3,0.58,0.56,40027,BAXTER REGIONAL MEDICAL CENTER
0.133671824,0.597514852,0.437,0.58,0,0.45,0.62,220063,LOWELL GENERAL HOSPITAL
0.878203237,0.598215242,0.270363636,0.481818182,0,0.28,0.3,450672,PLAZA MEDICAL CENTER OF FORT WORTH
0.203412482,0.598841473,0.429,0.45,0.3,0.43,0.5,330191,GLENS FALLS HOSPITAL
0.843912089,0.599525383,0.304333333,0.816666667,0,0.19,0.28,450029,LAREDO MEDICAL CENTER
0.789700128,0.600135134,0.419090909,0.745454545,0,0.44,0.46,390195,MAIN LINE HOSPITAL LANKENAU
0.994098006,0.600135134,0.273909091,0.554545455,0.2,0.27,0.14,50195,WASHINGTON HOSPITAL
0.235042284,0.601494714,0.525,0.46,0.5,0.37,0.74,160079,MERCY MEDICAL CENTER - CEDAR RAPIDS
0.808869616,0.602203344,0.462909091,0.654545455,0.1,0.26,0.78,140114,SWEDISH COVENANT HOSPITAL
0.264612982,0.602879014,0.185818182,0.209090909,0,0.34,0.14,40016,UAMS MEDICAL CENTER
0.445083079,0.603546444,0.419818182,0.709090909,0.1,0.46,0.4,110043,ST JOSEPH'S HOSPITAL - SAVANNAH
0.91531727,0.604238594,0.366272727,0.736363636,0,0.43,0.3,450647,MEDICAL CITY DALLAS HOSPITAL
0.343974431,0.604955463,0.391454545,0.727272727,0,0.4,0.42,150051,INDIANA UNIVERSITY HEALTH BLOOMINGTON HOSPITAL
0.594164721,0.605622894,0.288727273,0.363636364,0,0.36,0.36,30065,BANNER DESERT MEDICAL CENTER
0.359360807,0.606331523,0.484444444,0.622222222,0,0.54,0.66,220101,NEWTON-WELLESLEY HOSPITAL
0.458992738,0.606933035,0.413,0.34,0.3,0.45,0.5,60010,POUDRE VALLEY HOSPITAL
0.331010157,0.607542786,0.294,0.51,0,0.44,0.2,280020,CHI HEALTH ST ELIZABETH
0.673118937,0.607542786,0.251727273,0.463636364,0,0.31,0.22,330043,SOUTHSIDE HOSPITAL
0.358054458,0.608902366,0.681363636,0.681818182,0.4,0.85,0.7,30103,MAYO CLINIC HOSPITAL
0.455740466,0.609503877,0.359444444,0.822222222,0,0.25,0.4,330353,FOREST HILLS HOSPITAL
0.359045995,0.610113628,0.453454545,0.427272727,0.1,0.38,0.78,110078,EMORY UNIVERSITY HOSPITAL MIDTOWN
0.485450438,0.610113628,0.388,0.8,0,0.56,0.2,450686,UNIVERSITY MEDICAL CENTER
0.925085019,0.610113628,0.247,0.35,0,0.31,0.28,310110,ROBERT WOOD JOHNSON UNIVERSITY HOSPITAL HAMILTON
0.381883321,0.612206557,0.541,0.4,0.4,0.59,0.68,160045,ST LUKES HOSPITAL
0.37625143,0.612865748,0.340454545,0.427272727,0,0.43,0.42,280040,THE NEBRASKA METHODIST HOSPITAL
0.455763079,0.613533178,0.447111111,0.755555556,0.1,0.44,0.48,330208,ST JOHN'S RIVERSIDE HOSPITAL
0.839295996,0.61410173,0.223909091,0.254545455,0.1,0.35,0.16,50567,MISSION HOSPITAL REGIONAL MED CENTER
0.886838892,0.614818599,0.382545455,0.472727273,0,0.3,0.66,450119,SOUTH TEXAS HEALTH SYSTEM
0.720206447,0.615527229,0.321181818,0.390909091,0,0.37,0.44,360112,MERCY ST VINCENT MEDICAL CENTER
0.436074157,0.616186419,0.328,0.49,0.4,0.28,0.22,500088,VALLEY MEDICAL CENTER
0.627778569,0.616845609,0.330272727,0.336363636,0.1,0.35,0.46,450033,VHS HARLINGEN HOSPITAL COMPANY LLC
0.935466461,0.61751304,0.295,0.68,0,0.27,0.26,310081,INSPIRA MEDICAL CENTER WOODBURY
0.395776191,0.61815575,0.292,0.49,0.1,0.3,0.28,150074,COMMUNITY HOSPITAL EAST
0.888903534,0.618732542,0.453090909,0.645454545,0,0.18,0.9,100167,PLANTATION GENERAL HOSPITAL
0.618268389,0.619383492,0.388090909,0.745454545,0.1,0.35,0.38,240080,"UNIVERSITY OF MINNESOTA  MEDICAL CENTER, FAIRVIEW"
0.882364823,0.620050922,0.375666667,0.533333333,0.1,0.37,0.46,310047,SHORE MEDICAL CENTER
0.376308457,0.620718353,0.319909091,0.654545455,0,0.41,0.22,500058,KADLEC REGIONAL MEDICAL CENTER
0.767846589,0.621426982,0.307090909,0.345454545,0.2,0.36,0.3,60024,UNIVERSITY OF COLORADO HOSPITAL ANSCHUTZ INPATIENT
0.368433978,0.622135612,0.288272727,0.136363636,0,0.33,0.54,10023,BAPTIST MEDICAL CENTER SOUTH
0.404433236,0.622852481,0.228181818,0.290909091,0.1,0.28,0.22,250001,UNIVERSITY OF MISSISSIPPI MED CENTER
0.11459014,0.623569351,0.365,0.67,0.3,0.29,0.28,510006,UNITED HOSPITAL CENTER
0.932150666,0.624261501,0.503909091,0.754545455,0.1,0.37,0.74,50308,EL CAMINO HOSPITAL
0.853940043,0.624945411,0.270272727,0.436363636,0,0.27,0.34,140088,THE UNIVERSITY OF CHICAGO MEDICAL CENTER
0.261410084,0.625612841,0.283909091,0.354545455,0,0.21,0.5,230077,ST MARY'S OF MICHIGAN MEDICAL CENTER
0.835339656,0.62634619,0.458,0.84,0.1,0.38,0.52,310017,CHILTON MEDICAL CENTER
0.572108335,0.626972421,0.295777778,0.288888889,0.2,0.28,0.38,410009,KENT COUNTY MEMORIAL HOSPITAL
0.638286075,0.627639851,0.376909091,0.354545455,0,0.54,0.48,50396,SANTA BARBARA COTTAGE HOSPITAL
0.094577498,0.628315521,0.270909091,0.354545455,0.1,0.28,0.32,160110,ALLEN HOSPITAL
0.17103466,0.628991192,0.412909091,0.354545455,0.6,0.38,0.36,380004,PROVIDENCE ST VINCENT MEDICAL CENTER
0.557225885,0.629699821,0.327454545,0.527272727,0,0.26,0.48,50382,CITRUS VALLEY MEDICAL CENTER-IC CAMPUS
0.543505848,0.630350772,0.382454545,0.727272727,0,0.49,0.3,450869,DOCTORS HOSPITAL AT RENAISSANCE
0.807876793,0.630350772,0.488454545,0.927272727,0,0.47,0.54,100038,MEMORIAL REGIONAL HOSPITAL
0.27516607,0.631726832,0.294,0.6,0.3,0.36,0.02,520136,WHEATON FRANCISCAN ST JOSEPH
0.716631248,0.632402502,0.293363636,0.581818182,0,0.23,0.36,100035,MANATEE MEMORIAL HOSPITAL
0.470503236,0.633111131,0.446727273,0.763636364,0,0.52,0.46,360017,GRANT MEDICAL CENTER
0.033777394,0.633836241,0.530090909,0.745454545,0.6,0.65,0.22,10029,EAST ALABAMA MEDICAL CENTER
0.34237189,0.63454487,0.44,0.5,0.5,0.4,0.4,500030,PEACEHEALTH ST JOSEPH MEDICAL CENTER
0.163341209,0.6352535,0.429636364,0.718181818,0.2,0.48,0.34,520096,WHEATON FRANCISCAN HEALTHCARE ALL SAINTS
0.258820359,0.63592093,0.373,0.6,0.2,0.25,0.46,180102,LOURDES HOSPITAL
0.895113673,0.63592093,0.368181818,0.690909091,0.1,0.32,0.38,450651,MEDICAL CENTER OF PLANO
0.720418791,0.63732171,0.666727273,0.963636364,0.3,0.9,0.48,180044,PIKEVILLE MEDICAL CENTER
0.894469996,0.6379809,0.410636364,0.618181818,0.1,0.21,0.68,310029,OUR LADY OF LOURDES MEDICAL CENTER
0.155852261,0.63864009,0.428454545,0.627272727,0,0.49,0.52,440012,WELLMONT BRISTOL REGIONAL MEDICAL CENTER
0.171624621,0.639324,0.496,0.85,0.1,0.46,0.56,230089,"BEAUMONT HOSPITAL, GROSSE POINTE"
0.647125134,0.639983191,0.346272727,0.636363636,0,0.31,0.42,30087,SCOTTSDALE SHEA MEDICAL CENTER
0.93361041,0.640625901,0.27,0.6,0,0.12,0.38,50084,ST JOSEPHS MEDICAL CENTER OF STOCKTON
0.328864543,0.641359251,0.481181818,0.890909091,0,0.59,0.42,140186,RIVERSIDE MEDICAL CENTER
0.862389694,0.64206788,0.312272727,0.736363636,0,0.37,0.18,310014,COOPER UNIVERSITY HOSPITAL
0.478065892,0.642842429,0.408,0.6,0,0.42,0.54,390256,MILTON S HERSHEY MEDICAL CENTER
0.909383882,0.642842429,0.399090909,0.945454545,0,0.14,0.56,100246,LAWNWOOD REGIONAL MEDICAL CENTER & HEART INSTITUTE
0.759474238,0.644276168,0.305545455,0.572727273,0.1,0.23,0.34,50485,LONG BEACH MEMORIAL MEDICAL CENTER
0.714626187,0.644984797,0.338777778,0.688888889,0,0.13,0.54,330104,NYACK HOSPITAL
0.46113751,0.645594548,0.358636364,0.518181818,0,0.53,0.32,40004,WASHINGTON REGIONAL MED CTR AT NORTH HILLS
0.613733742,0.646212539,0.205363636,0.381818182,0,0.19,0.24,180132,LAKE CUMBERLAND REGIONAL HOSPITAL
0.158800682,0.64687997,0.293090909,0.345454545,0.1,0.24,0.44,220031,BOSTON MEDICAL CENTER CORPORATION
0.393111423,0.647621559,0.399909091,0.654545455,0.1,0.49,0.34,340155,DUKE REGIONAL HOSPITAL
0.349821996,0.648297229,0.466545455,0.772727273,0,0.58,0.46,100068,FLORIDA HOSPITAL MEMORIAL MEDICAL CENTER
0.668877643,0.648297229,0.350909091,0.454545455,0.1,0.42,0.38,140228,SWEDISH AMERICAN HOSPITAL
0.249887033,0.649656809,0.373272727,0.336363636,0,0.36,0.66,360172,MERCY REGIONAL MEDICAL CENTER
0.56253221,0.650348959,0.368,0.73,0,0.5,0.24,140179,LITTLE COMPANY OF MARY HOSPITAL
0.30089188,0.651008149,0.523818182,0.509090909,0.1,0.78,0.56,100151,MAYO CLINIC
0.942139166,0.65166734,0.281,0.3,0.1,0.29,0.38,10040,GADSDEN REGIONAL MEDICAL CENTER
0.493272301,0.65234301,0.328636364,0.518181818,0,0.31,0.44,390201,POCONO MEDICAL CENTER
0.630982753,0.65303516,0.469,0.62,0,0.35,0.8,30093,BANNER DEL E WEBB MEDICAL CENTER
0.790736093,0.653752029,0.339,0.3,0,0.21,0.72,330401,ST CATHERINE OF SIENA HOSPITAL
0.891202936,0.653752029,0.326545455,0.672727273,0,0.14,0.5,100110,OSCEOLA REGIONAL MEDICAL CENTER
0.391223585,0.655144569,0.516545455,0.572727273,0,0.48,0.86,300001,CONCORD HOSPITAL
0.244044647,0.655828479,0.325818182,0.309090909,0,0.6,0.28,250104,ANDERSON REGIONAL MEDICAL CTR
0.855766787,0.656528868,0.281909091,0.754545455,0.1,0.15,0.22,100256,REGIONAL MEDICAL CENTER BAYONET POINT
0.984155826,0.656528868,0.341,0.66,0.1,0.33,0.3,50180,JOHN MUIR MEDICAL CENTER - WALNUT CREEK CAMPUS
0.94630572,0.657929648,0.326545455,0.372727273,0,0.12,0.72,50761,PROVIDENCE TARZANA MEDICAL CENTER
0.211687493,0.658597078,0.429,0.87,0,0.39,0.46,40014,WHITE COUNTY MEDICAL CENTER
0.271612935,0.659248029,0.327090909,0.645454545,0,0.22,0.44,490040,INOVA ALEXANDRIA HOSPITAL
0.092404372,0.659940178,0.367333333,0.666666667,0,0.32,0.46,340010,WAYNE MEMORIAL HOSPITAL
0.103318053,0.659940178,0.486545455,0.572727273,0.3,0.68,0.36,460021,DIXIE REGIONAL MEDICAL CENTER
0.390076588,0.661316238,0.389722222,0.711111111,0,0.35,0.475,370013,"MERCY HOSPITAL OKLAHOMA CITY, INC"
0.724353054,0.661316238,0.272363636,0.581818182,0,0.08,0.44,330158,GOOD SAMARITAN HOSPITAL OF SUFFERN
0.259405705,0.662618139,0.199818182,0.309090909,0,0.26,0.2,390073,UPMC ALTOONA
0.340119224,0.663318529,0.447,0.44,0.1,0.29,0.84,110069,HOUSTON MEDICAL CENTER
0.751508755,0.664010679,0.314818182,0.409090909,0.1,0.29,0.42,500108,ST JOSEPH MEDICAL CENTER
0.769251195,0.664010679,0.343636364,0.218181818,0,0.36,0.64,390263,LEHIGH VALLEY HOSPITAL - MUHLENBERG
0.950502445,0.665436178,0.169,0.29,0,0.15,0.22,310039,RARITAN BAY MEDICAL CENTER
0.330736389,0.666128328,0.224,0.3,0.1,0.2,0.28,440104,ERLANGER MEDICAL CENTER
0.28129587,0.666803998,0.535363636,0.981818182,0,0.57,0.56,150034,ST MARY MEDICAL CENTER INC
0.115480799,0.666803998,0.367,0.47,0,0.31,0.6,150009,CLARK MEMORIAL HOSPITAL
0.596857655,0.668130619,0.315545455,0.572727273,0,0.23,0.44,100001,UF HEALTH JACKSONVILLE
0.410971711,0.668798049,0.372727273,0.663636364,0,0.46,0.34,140015,BLESSING HOSPITAL
0.81084853,0.669457239,0.200818182,0.409090909,0.1,0.13,0.2,50280,MERCY MEDICAL CENTER REDDING
0.504835488,0.670132909,0.444,0.48,0,0.48,0.68,410012,MIRIAM HOSPITAL
0.513006842,0.670841539,0.322181818,0.590909091,0,0.34,0.34,140233,SAINT ANTHONY MEDICAL CENTER
0.430277494,0.671558408,0.373454545,0.627272727,0.1,0.34,0.42,80007,BEEBE MEDICAL CENTER
0.132390698,0.672217599,0.365090909,0.445454545,0,0.4,0.52,360145,UNIVERSITY HOSPITALS - ELYRIA MEDICAL CENTER
0.705588902,0.672934468,0.317,0.51,0.1,0.31,0.34,310010,UNIV MEDICAL CENTER OF PRINCETON AT PLAINSBORO
0.388766574,0.673651338,0.369454545,0.527272727,0,0.68,0.2,520008,WAUKESHA MEMORIAL HOSPITAL
0.537761115,0.674376447,0.187454545,0.127272727,0,0.14,0.4,100023,CITRUS MEMORIAL HOSPITAL
0.253029651,0.675060357,0.441090909,0.745454545,0.5,0.28,0.36,380102,SACRED HEART MEDICAL CENTER - RIVERBEND
0.562708513,0.675736027,0.422,0.6,0.1,0.46,0.48,50224,HOAG MEMORIAL HOSPITAL PRESBYTERIAN
0.79704261,0.676395218,0.431181818,0.790909091,0,0.25,0.66,100034,MOUNT SINAI MEDICAL CENTER
0.204457502,0.677120327,0.436454545,0.427272727,0.3,0.35,0.62,140135,DECATUR MEMORIAL HOSPITAL
0.036143824,0.677828957,0.457,0.41,0.3,0.57,0.48,490077,MARTHA JEFFERSON HOSPITAL
0.82470733,0.678512867,0.433727273,0.563636364,0,0.29,0.78,50238,METHODIST HOSPITAL OF SOUTHERN CA
0.219277716,0.679180297,0.437090909,0.345454545,0.4,0.32,0.64,160064,MERCY MEDICAL CENTER-NORTH IOWA
0.283108664,0.679880687,0.464727273,0.263636364,0.5,0.26,0.78,390079,ROBERT PACKER HOSPITAL
0.35904365,0.679880687,0.442818182,0.409090909,0.2,0.53,0.54,450610,MEMORIAL HERMANN MEMORIAL CITY MEDICAL CENTER
0.966816447,0.681347385,0.391272727,0.636363636,0,0.34,0.54,50235,PROVIDENCE SAINT JOSEPH MEDICAL CTR
0.505713847,0.682047775,0.487090909,0.445454545,0.4,0.5,0.56,110168,REDMOND REGIONAL MEDICAL CENTER
0.758288655,0.682756404,0.368454545,0.327272727,0.6,0.11,0.5,50133,RIDEOUT MEMORIAL HOSPITAL
0.201956003,0.683456794,0.401727273,0.663636364,0.1,0.47,0.36,180104,BAPTIST HEALTH PADUCAH
0.910907841,0.684231343,0.363727273,0.863636364,0.1,0.31,0.26,50557,MEMORIAL  MEDICAL CENTER
0.57930802,0.684964692,0.262636364,0.518181818,0,0.17,0.36,60022,UNIVERSITY COLO HEALTH MEMORIAL HOSPITAL CENTRAL
0.316071015,0.685722761,0.299,0.19,0,0.49,0.38,440053,SAINT THOMAS RUTHERFORD HOSPITAL
0.548347098,0.686414911,0.315272727,0.736363636,0,0.3,0.26,100135,TALLAHASSEE MEMORIAL HOSPITAL
0.791042731,0.6871565,0.425454545,0.627272727,0,0.48,0.52,390139,MAIN LINE HOSPITAL BRYN MAWR CAMPUS
0.780598282,0.68786513,0.359909091,0.854545455,0,0.29,0.34,190026,RAPIDES REGIONAL MEDICAL CENTER
0.39283039,0.688590239,0.324363636,0.781818182,0,0.26,0.3,390004,HOLY SPIRIT HOSPITAL
0.952751605,0.689307109,0.433090909,0.845454545,0,0.2,0.68,50549,LOS ROBLES HOSPITAL & MEDICAL CENTER
0.109812724,0.690023978,0.464545455,0.472727273,0.2,0.58,0.52,440073,MAURY REGIONAL HOSPITAL
0.943680933,0.690707888,0.421954545,0.827272727,0,0.48,0.375,390111,HOSPITAL OF UNIV OF PENNSYLVANIA
0.043393817,0.691408278,0.430333333,0.866666667,0.1,0.35,0.44,220046,BERKSHIRE MEDICAL CENTER INC
0.404518088,0.692125147,0.202181818,0.290909091,0,0.26,0.22,420002,PIEDMONT MEDICAL CENTER
0.905665984,0.692866736,0.358454545,0.727272727,0,0.11,0.6,290003,SUNRISE HOSPITAL AND MEDICAL CENTER
0.160801515,0.693633045,0.373,0.43,0.4,0.21,0.48,330203,CROUSE HOSPITAL
0.470750098,0.694366394,0.322636364,0.718181818,0.1,0.35,0.18,150058,MEMORIAL HOSPITAL OF SOUTH BEND
0.238853521,0.695042065,0.444909091,0.354545455,0.1,0.5,0.68,420026,SISTERS OF CHARITY PROVIDENCE HOSPITALS
0.113020868,0.695042065,0.340181818,0.590909091,0,0.24,0.5,360041,PARMA COMMUNITY GENERAL HOSPITAL
0.903470709,0.696360445,0.397363636,0.581818182,0.1,0.47,0.4,10139,BROOKWOOD MEDICAL CENTER
0.398700598,0.697085555,0.265636364,0.618181818,0.2,0.26,0.08,330153,ELLIS HOSPITAL
0.524574158,0.697818904,0.407,0.7,0,0.57,0.32,100093,BAPTIST HOSPITAL
0.564998201,0.698544013,0.445545455,0.772727273,0,0.51,0.46,360079,KETTERING MEDICAL CENTER
0.226939654,0.699318562,0.355181818,0.590909091,0,0.47,0.32,440017,WELLMONT HOLSTON VALLEY MEDICAL CENTER
0.772225026,0.700084871,0.454777778,0.488888889,0,0.57,0.62,310111,CENTRASTATE MEDICAL CENTER
0.715890026,0.7007935,0.384,0.51,0,0.44,0.5,140290,ST ALEXIUS MEDICAL CENTER
0.569141041,0.70149389,0.287909091,0.554545455,0,0.23,0.36,70028,ST VINCENT'S MEDICAL CENTER
0.106524282,0.702235479,0.478545455,0.572727273,0.5,0.3,0.58,330125,ROCHESTER GENERAL HOSPITAL
0.58560824,0.702977068,0.293,0.49,0,0.15,0.5,110143,WELLSTAR COBB HOSPITAL
0.709916024,0.702977068,0.252545455,0.572727273,0,0.26,0.2,100173,FLORIDA HOSPITAL TAMPA
0.118401334,0.704435527,0.279454545,0.527272727,0,0.38,0.2,390110,MEMORIAL MEDICAL CENTER
0.212472159,0.704435527,0.367,0.8,0,0.45,0.24,40036,BAPTIST HEALTH MEDICAL CENTER NORTH LITTLE ROCK
0.841661478,0.705861026,0.345,0.81,0,0.17,0.44,310009,CLARA MAASS MEDICAL CENTER
0.260805483,0.706544936,0.387454545,0.527272727,0,0.3,0.64,230104,HARPER UNIVERSITY HOSPITAL
0.645730346,0.707187647,0.527818182,0.709090909,0.1,0.66,0.56,170104,SHAWNEE MISSION MEDICAL CENTER
0.730805791,0.707888037,0.486555556,0.677777778,0,0.47,0.7,330185,JOHN T MATHER MEMORIAL HOSPITAL  OF PORT JEFFERSON
0.359860095,0.708580186,0.326,0.6,0.1,0.24,0.38,100017,HALIFAX HEALTH MEDICAL CENTER
0.39986388,0.708580186,0.431,0.7,0,0.61,0.36,180103,BAPTIST HEALTH LEXINGTON
0.719482281,0.710013925,0.322272727,0.636363636,0,0.31,0.34,360052,GOOD SAMARITAN HOSPITAL
0.448761785,0.710747275,0.528,0.6,0,0.5,0.86,360077,FAIRVIEW HOSPITAL
0.673640193,0.710747275,0.307545455,0.472727273,0.3,0.15,0.36,500129,TACOMA GENERAL ALLENMORE HOSPITAL
0.535707465,0.712164534,0.402545455,0.472727273,0.1,0.58,0.38,450229,HENDRICK MEDICAL CENTER
0.458976737,0.712930843,0.307545455,0.472727273,0,0.35,0.36,430077,RAPID CITY REGIONAL HOSPITAL
0.311376008,0.713705391,0.284454545,0.227272727,0.4,0.19,0.34,230167,MCLAREN GREATER LANSING
0.659656186,0.71445522,0.344272727,0.536363636,0,0.41,0.38,150017,LUTHERAN HOSPITAL OF INDIANA
0.742891877,0.715205049,0.378363636,0.781818182,0,0.48,0.26,450713,ST DAVID'S SOUTH AUSTIN MEDICAL CENTER
0.248909555,0.715921919,0.448,0.49,0.4,0.3,0.6,390151,CHAMBERSBURG HOSPITAL
0.126685985,0.716605829,0.3395,0.6,0.4,0.29,0.175,490018,AUGUSTA HEALTH
0.685008751,0.717330938,0.506818182,0.809090909,0,0.43,0.72,140030,SHERMAN HOSPITAL
0.35640514,0.718039568,0.435454545,0.827272727,0,0.3,0.6,150012,SAINT JOSEPH REGIONAL MEDICAL CENTER
0.86571758,0.718739958,0.476,0.67,0,0.48,0.66,420091,CAROLINAS HOSPITAL SYSTEM
0.464131278,0.719456827,0.420181818,0.690909091,0,0.58,0.36,190125,ST FRANCIS MEDICAL CENTER
0.858642164,0.720148977,0.304454545,0.727272727,0,0.13,0.4,100243,BRANDON REGIONAL HOSPITAL
0.151186575,0.720898806,0.438181818,0.690909091,0,0.44,0.56,150048,REID HOSPITAL & HEALTH CARE SERVICES
0.598867164,0.721607436,0.390090909,0.545454545,0.1,0.45,0.42,140091,THE CARLE FOUNDATION HOSPITAL
0.991287355,0.722349025,0.430454545,0.627272727,0.1,0.49,0.46,50441,STANFORD HOSPITAL
0.078024839,0.723082374,0.283,0.59,0,0.23,0.32,230151,BOTSFORD HOSPITAL
0.350960774,0.723766284,0.341,0.6,0.1,0.11,0.56,330306,LUTHERAN MEDICAL CENTER
0.643262458,0.723766284,0.215636364,0.618181818,0.1,0.12,0.12,100022,JACKSON MEMORIAL HOSPITAL
0.012398255,0.725208263,0.351,0.5,0.1,0.11,0.66,220111,GOOD SAMARITAN MEDICAL CENTER
0.769842484,0.725208263,0.343,0.42,0.2,0.35,0.38,50309,SUTTER ROSEVILLE MEDICAL CENTER
0.918133709,0.726650242,0.488454545,0.627272727,0,0.49,0.72,50239,GLENDALE ADVENTIST MEDICAL CENTER
0.515218205,0.727400071,0.490818182,0.909090909,0,0.23,0.8,140191,INGALLS MEMORIAL HOSPITAL
0.886077584,0.728092221,0.389,0.46,0,0.35,0.64,490067,SOUTHSIDE REGIONAL MEDICAL CENTER
0.626721844,0.728767891,0.26,0.6,0.1,0.2,0.2,500039,HARRISON MEMORIAL HOSPITAL
0.362101271,0.729468281,0.421,0.86,0,0.61,0.22,330304,WHITE PLAINS HOSPITAL CENTER
0.635158703,0.73020163,0.366363636,0.681818182,0.1,0.16,0.54,140180,PRESENCE SAINTS MARY AND ELIZABETH MEDICAL CENTER
0.226940583,0.730803141,0.395818182,0.409090909,0.4,0.3,0.48,330394,"UNITED HEALTH SERVICES HOSPITALS, INC"
0.126377253,0.73155297,0.341,0.38,0.2,0.11,0.64,510070,RALEIGH GENERAL HOSPITAL
0.988349613,0.73225336,0.259090909,0.545454545,0,0.14,0.36,390180,CROZER CHESTER MEDICAL CENTER
0.797938672,0.732961989,0.420818182,0.909090909,0.1,0.33,0.4,100231,WEST FLORIDA HOSPITAL
0.091780636,0.733736538,0.482818182,0.409090909,0.4,0.41,0.66,490004,SENTARA RMH MEDICAL CENTER
0.615281176,0.734461647,0.385727273,0.663636364,0.2,0.29,0.42,150035,PORTER REGIONAL HOSPITAL
0.056782521,0.734461647,0.365,0.6,0.1,0.39,0.36,180012,HARDIN MEMORIAL HOSPITAL
0.764679746,0.735878907,0.343,0.53,0,0.17,0.62,310008,HOLY NAME MEDICAL CENTER
0.606996593,0.736562817,0.29,0.4,0,0.3,0.4,100067,ST ANTHONYS HOSPITAL
0.359919929,0.737271446,0.550818182,0.809090909,0.1,0.53,0.7,240078,FAIRVIEW SOUTHDALE HOSPITAL
0.17513776,0.738029515,0.328,0.26,0,0.26,0.66,70007,LAWRENCE & MEMORIAL HOSPITAL
0.10747485,0.738754625,0.369818182,0.709090909,0,0.38,0.38,360084,AULTMAN HOSPITAL
0.402618841,0.739471494,0.410181818,0.490909091,0.3,0.34,0.5,240001,NORTH MEMORIAL MEDICAL CENTER
0.910146083,0.739471494,0.338636364,0.418181818,0,0.19,0.66,310045,ENGLEWOOD HOSPITAL AND MEDICAL CENTER
0.43323538,0.740971152,0.457454545,0.527272727,0.5,0.3,0.54,500014,PROVIDENCE REGIONAL MEDICAL CENTER EVERETT
0.72313206,0.741663302,0.310363636,0.981818182,0,0.08,0.3,100070,VENICE REGIONAL MEDICAL CENTER - BAYFRONT HEALTH
0.796173018,0.742421371,0.315,0.45,0,0.31,0.44,310050,SAINT CLARE'S HOSPITAL
0.542625704,0.743097041,0.427,0.47,0,0.37,0.74,100265,MEASE COUNTRYSIDE HOSPITAL
0.890694075,0.74383863,0.379333333,0.966666667,0,0.18,0.44,100260,ST LUCIE MEDICAL CENTER
0.417329664,0.74454726,0.497363636,0.881818182,0,0.65,0.42,420087,ROPER HOSPITAL
0.102290952,0.74524765,0.383545455,0.572727273,0.1,0.51,0.32,190065,BATON ROUGE GENERAL MEDICAL CENTER
0.617973032,0.745964519,0.483363636,0.781818182,0,0.41,0.68,100073,HOLY CROSS HOSPITAL INC
0.304377707,0.746689628,0.48,0.6,0.3,0.58,0.42,130006,ST LUKE'S REGIONAL MEDICAL CENTER
0.297720108,0.747439457,0.297909091,0.154545455,0.3,0.39,0.3,110082,"SAINT JOSEPH'S HOSPITAL OF ATLANTA, INC"
0.507675922,0.748156327,0.295636364,0.418181818,0.1,0.18,0.46,140276,LOYOLA UNIVERSITY MEDICAL CENTER
0.874446231,0.748889676,0.324181818,0.590909091,0.1,0.16,0.46,100029,NORTH SHORE MEDICAL CENTER
0.211830237,0.749515907,0.332090909,0.245454545,0.2,0.37,0.44,240002,ESSENTIA HEALTH ST MARY'S MEDICAL CENTER
0.19223749,0.750273976,0.384363636,0.681818182,0.1,0.34,0.42,490052,RIVERSIDE REGIONAL MEDICAL CENTER
0.327531867,0.751040285,0.288818182,0.709090909,0,0.25,0.24,30006,TUCSON MEDICAL CENTER
0.235740523,0.751823073,0.217090909,0.545454545,0,0.26,0.1,80004,BAYHEALTH - KENT GENERAL HOSPITAL
0.643091378,0.752548183,0.404727273,0.363636364,0.1,0.24,0.8,100090,FLAGLER HOSPITAL
0.843952386,0.753314491,0.518909091,0.754545455,0.1,0.32,0.84,330214,NYU HOSPITALS CENTER
0.602324131,0.753998401,0.406272727,0.636363636,0,0.43,0.5,450034,CHRISTUS HOSPITAL
0.261553858,0.754707031,0.374363636,0.281818182,0,0.56,0.5,450042,PROVIDENCE HEALTH CENTER
0.925319713,0.755407421,0.285636364,0.818181818,0.1,0.16,0.18,290039,MOUNTAINVIEW HOSPITAL
0.885248453,0.75617373,0.269555556,0.777777778,0,0.18,0.2,310032,INSPIRA MEDICAL CENTER VINELAND
0.70027489,0.756898839,0.434090909,0.745454545,0,0.53,0.42,440161,TRISTAR CENTENNIAL MEDICAL CENTER
0.384026489,0.757681628,0.491909091,0.854545455,0,0.51,0.56,10056,ST VINCENT'S BIRMINGHAM
0.495039407,0.758398497,0.338454545,0.627272727,0,0.23,0.48,160058,UNIVERSITY OF IOWA HOSPITAL & CLINICS
0.866625961,0.759173046,0.441090909,0.645454545,0.3,0.28,0.56,50108,SUTTER GENERAL HOSPITAL
0.687707784,0.759939354,0.458090909,0.745454545,0,0.27,0.76,140117,PRESENCE RESURRECTION MEDICAL CENTER
0.842647398,0.760623264,0.409545455,0.372727273,0.4,0.25,0.6,50516,MERCY SAN JUAN MEDICAL CENTER
0.386917961,0.761356614,0.388636364,0.618181818,0.2,0.69,0.06,110010,EMORY UNIVERSITY HOSPITAL
0.633317298,0.761356614,0.385,0.4,0.4,0.31,0.44,500024,PROVIDENCE ST PETER HOSPITAL
0.162906279,0.762815072,0.369818182,0.609090909,0.1,0.32,0.44,140280,TRINITY ROCK ISLAND
0.961043986,0.763564901,0.354,0.57,0,0.32,0.48,310048,ROBERT WOOD JOHNSON UNIVERSITY HOSPITAL SOMERSET
0.800148908,0.764306491,0.228090909,0.345454545,0,0.37,0.16,450056,SETON MEDICAL CENTER AUSTIN
0.606865009,0.76505632,0.296272727,0.436363636,0.1,0.13,0.5,370001,HILLCREST MEDICAL CENTER
0.214412562,0.765830868,0.446,0.52,0,0.42,0.72,490120,CHESAPEAKE GENERAL HOSPITAL
0.887026115,0.766547738,0.484181818,0.890909091,0,0.24,0.78,100236,FAWCETT MEMORIAL HOSPITAL
0.262016883,0.767314047,0.374090909,0.445454545,0,0.65,0.3,150044,FLOYD MEMORIAL HOSPITAL AND HEALTH SERVICES
0.200926865,0.768063876,0.256545455,0.372727273,0.1,0.22,0.32,510058,CAMDEN CLARK MEDICAL CENTER
0.432999174,0.768805465,0.39,0.7,0.2,0.36,0.34,490069,BON SECOURS MEMORIAL REGIONAL MEDICAL CENTER
0.668787785,0.769505854,0.427727273,0.563636364,0,0.47,0.58,450011,ST JOSEPH REGIONAL HEALTH CENTER
0.973487938,0.770272163,0.317909091,0.354545455,0.2,0.23,0.46,50599,UNIVERSITY OF CALIFORNIA DAVIS MEDICAL CENTER
0.746433644,0.771054952,0.265818182,0.309090909,0,0.22,0.46,100002,BETHESDA HOSPITAL EAST
0.734589928,0.771804781,0.407727273,0.463636364,0,0.47,0.58,140200,ELMHURST MEMORIAL HOSPITAL
0.596904506,0.77254637,0.345454545,0.427272727,0.1,0.34,0.46,60031,CENTURA HEALTH-PENROSE ST FRANCIS HEALTH SERVICES
0.254927642,0.773287959,0.253181818,0.290909091,0,0.35,0.3,100025,SACRED HEART HOSPITAL
0.088451879,0.774070748,0.246181818,0.590909091,0.1,0.14,0.22,230227,MCLAREN MACOMB
0.471376043,0.774762897,0.381636364,0.618181818,0,0.28,0.58,360155,SOUTHWEST GENERAL HEALTH CENTER
0.314382022,0.775504487,0.529363636,0.781818182,0.2,0.65,0.46,340061,UNIVERSITY OF NORTH CAROLINA HOSPITAL
0.49921345,0.775504487,0.428545455,0.672727273,0,0.58,0.4,450010,UNITED REGIONAL HEALTH CARE SYSTEM
0.901031022,0.776962945,0.359,0.64,0,0.15,0.62,310057,VIRTUA MEMORIAL HOSPITAL OF BURLINGTON COUNTY
0.723640335,0.777729254,0.344363636,0.481818182,0.1,0.22,0.54,390115,ARIA HEALTH
0.317861625,0.778503803,0.389727273,0.463636364,0.3,0.59,0.2,230017,BRONSON METHODIST HOSPITAL
0.254189297,0.779237152,0.333666667,0.633333333,0,0.41,0.28,340147,NASH GENERAL HOSPITAL
0.324942958,0.779912822,0.437818182,0.809090909,0,0.58,0.34,150002,METHODIST HOSPITALS INC
0.489452782,0.779912822,0.259444444,0.622222222,0,0.19,0.26,100244,CAPE CORAL HOSPITAL
0.84885524,0.781330081,0.314181818,0.490909091,0,0.26,0.46,100009,UNIVERSITY OF MIAMI HOSPITAL
0.361140221,0.782055191,0.329454545,0.527272727,0.1,0.5,0.18,520177,FROEDTERT MEMORIAL LUTHERAN HOSPITAL
0.462616628,0.782055191,0.458818182,0.509090909,0,0.85,0.34,190002,LAFAYETTE GENERAL MEDICAL CENTER
0.068025374,0.783505409,0.375272727,0.336363636,0.1,0.56,0.4,440059,COOKEVILLE REGIONAL MEDICAL CENTER
0.081367977,0.784263478,0.345636364,0.418181818,0.2,0.52,0.22,230021,"LAKELAND HOSPITAL, ST JOSEPH"
0.497579695,0.784963868,0.453454545,0.627272727,0.5,0.4,0.36,240115,MERCY HOSPITAL
0.623091637,0.785721937,0.443727273,0.563636364,0.2,0.17,0.8,50057,KAWEAH DELTA MEDICAL CENTER
0.566196682,0.786480006,0.432181818,0.690909091,0,0.52,0.46,140288,ADVOCATE GOOD SAMARITAN HOSPITAL
0.823087324,0.787238075,0.332,0.58,0,0.12,0.6,330286,GOOD SAMARITAN HOSPITAL MEDICAL CENTER
0.835745094,0.787238075,0.403818182,0.909090909,0,0.5,0.24,100008,BAPTIST HOSPITAL OF MIAMI INC
0.754193626,0.788696533,0.236727273,0.763636364,0,0.14,0.14,100213,BLAKE MEDICAL CENTER
0.119507309,0.789479322,0.566909091,0.654545455,0.2,0.72,0.6,490050,VIRGINIA HOSPITAL CENTER
0.165100677,0.790196192,0.365272727,0.536363636,0.3,0.18,0.48,360039,GENESIS HEALTHCARE SYSTEM
0.653977069,0.790937781,0.249181818,0.390909091,0,0.31,0.26,100052,WINTER HAVEN HOSPITAL
0.557747271,0.79167937,0.338,0.5,0.2,0.28,0.38,240038,UNITED HOSPITAL
0.908000263,0.792478638,0.335090909,0.745454545,0,0.22,0.4,450107,LAS PALMAS MEDICAL CENTER
0.6531943,0.793244947,0.362111111,0.655555556,0.3,0.32,0.25,500027,SWEDISH MEDICAL CENTER
0.371416018,0.793862938,0.491181818,0.490909091,0.3,0.31,0.8,330057,ST PETER'S HOSPITAL
0.515012147,0.794604527,0.288636364,0.218181818,0.1,0.19,0.56,330241,UNIVERSITY HOSPITAL S U N Y HEALTH SCIENCE CENTER
0.592512754,0.795362596,0.375909091,0.654545455,0.1,0.15,0.6,330013,ALBANY MEDICAL CENTER HOSPITAL
0.56123445,0.796145384,0.377636364,0.418181818,0.6,0.34,0.24,500050,PEACEHEALTH SOUTHWEST MEDICAL CENTER
0.731008166,0.796919933,0.398909091,0.254545455,0,0.54,0.62,360068,TOLEDO HOSPITAL THE
0.574706791,0.797702722,0.288090909,0.245454545,0.1,0.27,0.46,110083,PIEDMONT HOSPITAL
0.847829041,0.798427831,0.505181818,0.790909091,0.1,0.27,0.82,100131,AVENTURA HOSPITAL AND MEDICAL CENTER
0.868634938,0.79917766,0.300909091,0.754545455,0,0.18,0.32,100248,LARGO MEDICAL CENTER
0.437067669,0.799976928,0.287,0.4,0,0.35,0.34,490059,BON SECOURS ST MARYS HOSPITAL
0.847078832,0.800743237,0.447,0.78,0,0.23,0.74,50739,CENTINELA HOSPITAL MEDICAL CENTER
0.725599652,0.801377708,0.423272727,0.736363636,0,0.4,0.52,140202,ADVOCATE CONDELL MEDICAL CENTER
0.887445385,0.802135777,0.414636364,0.818181818,0.1,0.25,0.52,100264,OAK HILL HOSPITAL
0.406449846,0.802877366,0.581636364,0.818181818,0.2,0.6,0.66,490057,SENTARA VIRGINIA BEACH GENERAL HOSPITAL
0.940325758,0.803602475,0.427,1,0.1,0.25,0.44,100226,ORANGE PARK MEDICAL CENTER
0.486357108,0.803602475,0.237636364,0.518181818,0.1,0.2,0.18,250141,BAPTIST MEMORIAL HOSPITAL DESOTO
0.659238312,0.805093893,0.368444444,0.522222222,0,0.46,0.42,70020,MIDDLESEX HOSPITAL
0.405710801,0.805810763,0.423363636,0.481818182,0,0.37,0.72,360066,ST RITA'S MEDICAL CENTER
0.741037486,0.806601791,0.43,0.47,0.3,0.36,0.56,500079,MULTICARE GOOD SAMARITAN HOSPITAL
0.406453025,0.807302181,0.335727273,0.263636364,0.2,0.17,0.64,190036,OCHSNER MEDICAL CENTER
0.395089245,0.808019051,0.456727273,0.563636364,0.1,0.32,0.76,360027,AKRON GENERAL MEDICAL CENTER
0.450548045,0.8087524,0.303181818,0.390909091,0,0.27,0.48,360179,BETHESDA NORTH
0.289761894,0.809485749,0.193727273,0.263636364,0,0.19,0.28,230041,MCLAREN BAY REGION
0.807459352,0.809485749,0.347545455,0.472727273,0.2,0.43,0.28,50039,ENLOE MEDICAL CENTER
0.079710824,0.809485749,0.242,0.44,0.2,0.12,0.26,230146,HENRY FORD WYANDOTTE HOSPITAL
0.740849972,0.811809395,0.353090909,0.445454545,0,0.62,0.26,420018,PALMETTO HEALTH RICHLAND
0.869165642,0.811809395,0.259636364,0.518181818,0,0.16,0.36,50077,SCRIPPS MERCY HOSPITAL
0.289663997,0.813383212,0.599454545,0.627272727,0.3,0.66,0.72,260179,ST LUKES HOSPITAL
0.322299155,0.814124801,0.443,0.73,0,0.63,0.36,490046,SENTARA LEIGH HOSPITAL
0.346520457,0.814833431,0.385363636,0.981818182,0,0.09,0.54,40055,SPARKS REGIONAL MEDICAL CENTER
0.379049199,0.814833431,0.392636364,0.518181818,0.2,0.57,0.26,440015,THE UNIVERSITY OF TN MEDICAL CENTER
0.666194884,0.816316609,0.369272727,0.436363636,0,0.36,0.58,420073,LEXINGTON MEDICAL CENTER
0.214719392,0.817091158,0.210818182,0.409090909,0,0.11,0.32,230024,SINAI-GRACE HOSPITAL
0.169839073,0.817783308,0.354545455,0.272727273,0,0.26,0.74,180010,SAINT JOSEPH HOSPITAL
0.592975978,0.818533137,0.402636364,0.618181818,0.3,0.49,0.24,30061,BANNER BOSWELL MEDICAL CENTER
0.701165616,0.819324165,0.436909091,0.654545455,0,0.54,0.48,420023,ST FRANCIS-DOWNTOWN
0.394191453,0.820041035,0.263636364,0.318181818,0.1,0.26,0.34,440120,TENNOVA HEALTHCARE
0.058636135,0.820790864,0.209545455,0.372727273,0,0.11,0.34,100105,INDIAN RIVER MEDICAL CENTER
0.739689102,0.821557172,0.462909091,0.654545455,0.1,0.62,0.42,170040,UNIVERSITY OF KANSAS HOSPITAL
0.650835612,0.822323481,0.409909091,0.654545455,0,0.43,0.5,330023,VASSAR BROTHERS MEDICAL CENTER
0.414081879,0.823040351,0.348272727,0.736363636,0,0.17,0.5,340053,NOVANT HEALTH PRESBYTERIAN MEDICAL CENTER
0.161999946,0.8237737,0.567090909,0.445454545,0.5,0.54,0.72,340131,CAROLINA EAST MEDICAL CENTER
0.740882895,0.824490569,0.412454545,0.427272727,0,0.49,0.6,370028,INTEGRIS BAPTIST MEDICAL CENTER
0.192642175,0.825232159,0.445727273,0.663636364,0.2,0.57,0.34,440173,PARKWEST MEDICAL CENTER
0.878383848,0.825940788,0.271363636,0.681818182,0,0.15,0.3,100179,MEMORIAL HOSPITAL JACKSONVILLE
0.68295532,0.826715337,0.405,0.7,0.2,0.39,0.36,250040,SINGING RIVER HOSPITAL
0.3721757,0.827506365,0.474090909,0.645454545,0,0.47,0.68,360230,HILLCREST HOSPITAL
0.489993058,0.828239715,0.549545455,0.572727273,0,0.71,0.74,360163,CHRIST HOSPITAL
0.729648978,0.828989544,0.212818182,0.509090909,0,0.27,0.1,50060,COMMUNITY REGIONAL MEDICAL CENTER
0.497570765,0.829755852,0.487,0.7,0.1,0.65,0.44,490007,SENTARA NORFOLK GENERAL HOSPITAL
0.194343432,0.830480962,0.377818182,0.709090909,0.1,0.3,0.42,160033,GENESIS MEDICAL CENTER-DAVENPORT
0.489786551,0.831239031,0.327454545,0.627272727,0.2,0.34,0.2,240106,REGIONS HOSPITAL
0.584764199,0.832005339,0.443727273,0.963636364,0.1,0.23,0.54,490048,LEWISGALE MEDICAL CENTER
0.398900589,0.832796368,0.475454545,0.627272727,0.1,0.42,0.68,150023,UNION HOSPITAL INC
0.235498876,0.833554437,0.362727273,0.463636364,0,0.24,0.66,470003,UNIVERSITY OF VERMONT MEDICAL CENTER
0.858701649,0.834353705,0.286,0.56,0,0.28,0.3,310052,OCEAN MEDICAL CENTER
0.855040082,0.835128254,0.282222222,0.211111111,0,0.14,0.66,330141,BROOKHAVEN MEMORIAL HOSPITAL MEDICAL CENTER
0.46308279,0.835828643,0.373727273,0.563636364,0,0.45,0.42,450037,GOOD SHEPHERD MEDICAL CENTER
0.802668869,0.836603192,0.391909091,0.654545455,0,0.51,0.36,390006,GEISINGER MEDICAL CENTER
0.656011091,0.8374107,0.369363636,0.781818182,0,0.19,0.52,420085,GRAND STRAND REGIONAL MEDICAL CENTER
0.353723674,0.838185249,0.233272727,0.536363636,0,0.18,0.24,70033,DANBURY HOSPITAL
0.875714113,0.838951558,0.388272727,0.636363636,0,0.31,0.56,310076,SAINT BARNABAS MEDICAL CENTER
0.376916357,0.839717867,0.301272727,0.336363636,0,0.5,0.28,150021,PARKVIEW REGIONAL MEDICAL CENTER
0.205485794,0.840484175,0.369363636,0.781818182,0,0.37,0.34,200033,EASTERN MAINE MEDICAL CENTER
0.460393892,0.841266964,0.333,0.9,0,0.31,0.2,100057,FLORIDA HOSPITAL WATERMAN
0.796493175,0.841992073,0.317636364,0.218181818,0.2,0.16,0.62,330119,LENOX HILL HOSPITAL
0.340464071,0.842758382,0.363636364,0.418181818,0.2,0.36,0.44,110087,GWINNETT MEDICAL CENTER
0.371893418,0.843541171,0.384,0.39,0,0.4,0.62,140213,SILVER CROSS HOSPITAL  AND MEDICAL CENTERS
0.665938143,0.844291,0.323363636,0.581818182,0,0.37,0.32,150089,INDIANA UNIVERSITY HEALTH BALL MEMORIAL HOSPITAL
0.616781424,0.845082028,0.333,0.3,0,0.35,0.56,330045,HUNTINGTON HOSPITAL
0.303985922,0.845798898,0.395272727,0.336363636,0.2,0.36,0.6,180013,THE MEDICAL CENTER AT BOWLING GREEN
0.356738172,0.846548727,0.294636364,0.518181818,0.1,0.31,0.26,40007,ST VINCENT INFIRMARY MEDICAL CENTER
0.611992369,0.847315035,0.390818182,0.409090909,0,0.29,0.74,140231,EDWARD HOSPITAL
0.574847242,0.848089584,0.425636364,0.618181818,0.1,0.38,0.56,360137,UNIVERSITY HOSPITALS CASE MEDICAL CENTER
0.839402587,0.848855893,0.38,0.7,0,0.28,0.52,50026,GROSSMONT HOSPITAL
0.109462898,0.849655161,0.378454545,0.827272727,0,0.15,0.56,230029,ST JOSEPH MERCY OAKLAND
0.350120158,0.85042147,0.416181818,0.590909091,0.2,0.38,0.48,360098,LAKE HEALTH
0.619656464,0.851212498,0.273636364,0.618181818,0,0.36,0.14,450462,TEXAS HEALTH PRESBYTERIAN HOSPITAL  DALLAS
0.205177133,0.851970567,0.364454545,0.627272727,0.1,0.55,0.18,190064,OUR LADY OF THE LAKE REGIONAL MEDICAL CENTER
0.728100106,0.852753356,0.536,0.81,0.1,0.6,0.58,330126,ORANGE REGIONAL MEDICAL CENTER
0.33106574,0.853536144,0.385090909,0.545454545,0,0.26,0.66,100026,BAY MEDICAL CENTER SACRED HEART HEALTH SYSTEM
0.865829551,0.854302453,0.498545455,0.872727273,0,0.36,0.72,490118,HENRICO DOCTORS' HOSPITAL
0.770422886,0.854302453,0.484272727,0.336363636,0,0.61,0.78,330182,"ST FRANCIS HOSPITAL, ROSLYN"
0.492675648,0.855769152,0.408727273,0.563636364,0.1,0.3,0.62,420078,GHS GREENVILLE MEMORIAL HOSPITAL
0.808003528,0.85655194,0.452181818,0.790909091,0,0.44,0.54,420027,ANMED HEALTH
0.684155755,0.857318249,0.444909091,0.754545455,0,0.4,0.58,390258,ST MARY MEDICAL CENTER
0.44284801,0.858092798,0.302272727,0.436363636,0.1,0.11,0.54,100084,LEESBURG REGIONAL MEDICAL CENTER
0.353081666,0.858900306,0.313454545,0.427272727,0,0.24,0.52,320021,PRESBYTERIAN HOSPITAL
0.578356329,0.859691334,0.343,0.7,0.1,0.27,0.34,290001,RENOWN REGIONAL MEDICAL CENTER
0.416188205,0.860474123,0.369272727,0.536363636,0.2,0.38,0.36,230117,BORGESS MEDICAL CENTER
0.560734756,0.861248671,0.375272727,0.736363636,0,0.42,0.34,100127,MORTON PLANT HOSPITAL
0.411657778,0.8620397,0.364727273,0.563636364,0,0.54,0.3,280003,BRYAN MEDICAL CENTER
0.753730807,0.862806009,0.337363636,0.381818182,0,0.47,0.4,450193,CHI ST LUKE'S HEALTH BAYLOR COLLEGE OF MEDICINE ME
0.792989999,0.863580557,0.384181818,0.390909091,0,0.64,0.38,140242,CENTRAL DUPAGE HOSPITAL
0.715252063,0.864346866,0.530636364,0.718181818,0,0.41,0.88,140258,ALEXIAN BROTHERS MEDICAL CENTER 1
0.485375726,0.865104935,0.428727273,0.763636364,0,0.42,0.5,150162,FRANCISCAN ST FRANCIS HEALTH - INDIANAPOLIS
0.735512404,0.865887723,0.321909091,0.654545455,0.1,0.09,0.48,330046,ST LUKE'S ROOSEVELT HOSPITAL
0.042623294,0.866686992,0.528090909,0.545454545,0.4,0.31,0.82,240053,PARK NICOLLET METHODIST HOSPITAL
0.384675181,0.86746978,0.251272727,0.236363636,0,0.42,0.26,450231,BAPTIST ST ANTHONY'S HOSPITAL
0.259390777,0.868260809,0.348636364,0.418181818,0.2,0.21,0.54,230197,GENESYS REGIONAL MEDICAL CENTER - HEALTH PARK
0.762690087,0.868985918,0.433818182,0.909090909,0,0.24,0.6,170123,WESLEY MEDICAL CENTER
0.511784404,0.869776946,0.338727273,0.463636364,0,0.34,0.48,450237,CHRISTUS SANTA ROSA HOSPITAL
0.449212296,0.870543255,0.440181818,0.590909091,0.2,0.24,0.7,230092,ALLEGIANCE HEALTH
0.675056341,0.871309564,0.451363636,0.681818182,0,0.57,0.48,450431,ST DAVID'S MEDICAL CENTER
0.174873316,0.872108832,0.524909091,0.454545455,0.1,0.54,0.84,510007,ST MARY'S MEDICAL CENTER
0.545003307,0.872883381,0.320454545,0.627272727,0,0.45,0.2,140252,NORTHWEST COMMUNITY HOSPITAL 1
0.206733826,0.87365793,0.456272727,0.736363636,0,0.35,0.68,220086,BETH ISRAEL DEACONESS MEDICAL CENTER
0.65248249,0.874448958,0.530818182,0.709090909,0.1,0.55,0.68,140119,RUSH UNIVERSITY MEDICAL CENTER
0.529867193,0.875190547,0.383090909,0.445454545,0.3,0.4,0.38,160082,IOWA METHODIST MEDICAL CENTER
0.832917202,0.875190547,0.431454545,0.927272727,0,0.18,0.64,100258,DELRAY MEDICAL CENTER
0.084530217,0.876739645,0.424,0.52,0.1,0.3,0.7,230002,ST MARY MERCY HOSPITAL
0.594828711,0.877489474,0.161545455,0.372727273,0,0.23,0.06,440063,JOHNSON CITY MEDICAL CENTER
0.468155205,0.878296982,0.361363636,0.581818182,0.1,0.33,0.42,10001,SOUTHEAST ALABAMA MEDICAL CENTER
0.413815056,0.87907153,0.471272727,0.836363636,0.2,0.6,0.28,340098,CAROLINAS HEALTHCARE SYSTEM PINEVILLE
0.860518923,0.879829599,0.317181818,0.490909091,0,0.39,0.34,100128,TAMPA GENERAL HOSPITAL
0.389284468,0.880620628,0.584181818,0.590909091,0.2,0.84,0.58,520083,ST MARYS HOSPITAL
0.427055587,0.881403416,0.272818182,0.509090909,0,0.17,0.4,140172,FRANCISCAN ST JAMES HEALTH
0.076758083,0.882161485,0.335545455,0.672727273,0,0.15,0.52,230047,HENRY FORD MACOMB HOSPITAL
0.808217563,0.882960753,0.363181818,0.690909091,0,0.27,0.48,390049,ST LUKE'S HOSPITAL BETHLEHEM
0.796256495,0.883776502,0.380545455,0.672727273,0,0.24,0.58,420079,TRIDENT MEDICAL CENTER
0.31471162,0.88457577,0.431181818,0.690909091,0.1,0.51,0.4,110028,UNIVERSITY HOSPITAL
0.200568865,0.885333839,0.368,0.7,0,0.4,0.36,200009,MAINE MEDICAL CENTER
0.821076136,0.886108387,0.460909091,0.354545455,0,0.44,0.86,330195,LONG ISLAND JEWISH MEDICAL CENTER
0.644308122,0.886874696,0.484545455,0.772727273,0,0.46,0.64,360051,MIAMI VALLEY HOSPITAL
0.498332034,0.887673964,0.322909091,0.354545455,0,0.34,0.5,220035,NORTH SHORE MEDICAL CENTER
0.723602798,0.888440273,0.224,0.1,0,0.16,0.52,100044,MARTIN MEDICAL CENTER
0.428340199,0.889214822,0.287909091,0.254545455,0,0.17,0.62,330236,NEW YORK METHODIST HOSPITAL
0.238969229,0.889956411,0.481272727,0.736363636,0.2,0.64,0.34,340001,CAROLINAS MEDICAL CENTER-NORTHEAST
0.494478615,0.89071448,0.340272727,0.936363636,0,0.21,0.3,100168,BOCA RATON REGIONAL HOSPITAL
0.888452578,0.891472549,0.381454545,0.827272727,0,0.2,0.52,450083,EAST TEXAS MEDICAL CENTER
0.92775732,0.892280057,0.480272727,0.536363636,0.2,0.27,0.84,50573,EISENHOWER MEDICAL CENTER
0.269710356,0.893095805,0.512545455,0.972727273,0,0.5,0.56,180035,ST ELIZABETH MEDICAL CENTER
0.069181578,0.893878594,0.372818182,0.409090909,0,0.39,0.58,220012,CAPE COD HOSPITAL
0.854452013,0.894669622,0.359727273,0.463636364,0,0.17,0.72,330167,WINTHROP-UNIVERSITY HOSPITAL
0.466311043,0.894669622,0.411909091,0.554545455,0.2,0.49,0.38,420007,SPARTANBURG REGIONAL MEDICAL CENTER
0.664144638,0.896251679,0.329,0.79,0,0.21,0.36,330198,SOUTH NASSAU COMMUNITIES HOSPITAL
0.891577298,0.897034467,0.440363636,0.581818182,0,0.24,0.84,450617,CLEAR LAKE REGIONAL MEDICAL CENTER
0.686899499,0.897825496,0.270727273,0.363636364,0,0.2,0.46,330393,UNIVERSITY HOSPITAL ( STONY BROOK )
0.742997642,0.898624764,0.334363636,0.281818182,0.1,0.26,0.6,450046,CHRISTUS SPOHN HOSPITAL CORPUS CHRISTI
0.286839737,0.899391073,0.385818182,0.609090909,0,0.52,0.36,10113,MOBILE INFIRMARY
0.463779216,0.900190341,0.437727273,0.763636364,0,0.17,0.78,390044,READING HOSPITAL
0.481948338,0.90096489,0.468909091,0.654545455,0.1,0.48,0.58,170086,STORMONT-VAIL HEALTHCARE
0.956750169,0.901739439,0.264818182,0.709090909,0,0.21,0.2,310038,ROBERT WOOD JOHNSON UNIVERSITY HOSPITAL
0.548632145,0.902538707,0.387727273,0.663636364,0,0.27,0.58,330055,NEW YORK HOSPITAL MEDICAL CENTER OF QUEENS
0.395535515,0.903255576,0.405454545,0.527272727,0,0.52,0.48,440082,SAINT THOMAS WEST HOSPITAL
0.098729733,0.904030125,0.251272727,0.536363636,0,0.26,0.22,360035,MOUNT CARMEL WEST
0.446596123,0.904845873,0.406181818,0.590909091,0,0.68,0.28,250102,MISSISSIPPI BAPTIST MEDICAL CENTER
0.164686699,0.905620422,0.342181818,0.690909091,0,0.22,0.46,390046,YORK HOSPITAL
0.888051717,0.90641145,0.407363636,0.281818182,0,0.51,0.66,450040,COVENANT MEDICAL CENTER
0.420758713,0.907210718,0.305,0.52,0,0.19,0.48,100290,"VILLAGES REGIONAL HOSPITAL, THE"
0.811932174,0.908001747,0.381636364,0.618181818,0,0.3,0.56,390231,ABINGTON MEMORIAL HOSPITAL
0.523576418,0.908801015,0.397272727,0.636363636,0,0.52,0.38,340113,CAROLINAS MEDICAL CENTER/BEHAV HEALTH
0.56546321,0.909608523,0.375545455,0.572727273,0,0.35,0.52,230046,UNIVERSITY OF MICHIGAN HEALTH SYSTEM
0.57145323,0.910416032,0.368181818,0.490909091,0,0.46,0.44,100075,ST JOSEPHS HOSPITAL
0.894745346,0.9112153,0.267545455,0.572727273,0,0.13,0.38,310019,ST JOSEPH'S REGIONAL MEDICAL CENTER
0.276057174,0.912014568,0.631363636,0.881818182,0.4,0.51,0.74,340032,CAROMONT REGIONAL MEDICAL CENTER
0.215285979,0.912813836,0.498363636,0.681818182,0.1,0.34,0.8,180009,KING'S DAUGHTERS' MEDICAL CENTER
0.286338064,0.913604865,0.412727273,0.463636364,0.4,0.26,0.54,260040,COX MEDICAL CENTERS
0.754561121,0.914395893,0.437,0.7,0,0.49,0.5,220110,BRIGHAM AND WOMEN'S HOSPITAL
0.439098313,0.915219881,0.271636364,0.518181818,0,0.18,0.38,110107,MEDICAL CENTER OF CENTRAL GEORGIA
0.632968025,0.916043869,0.456181818,0.590909091,0.1,0.62,0.44,420051,MCLEOD REGIONAL MEDICAL CENTER-PEE DEE
0.451224144,0.916851377,0.420272727,0.636363636,0.1,0.31,0.6,490022,"MARY WASHINGTON HOSPITAL, INC"
0.589752649,0.917667125,0.459090909,0.645454545,0,0.34,0.76,140062,PALOS COMMUNITY HOSPITAL
0.11867008,0.918425194,0.555,0.52,0.2,0.61,0.76,220100,SOUTH SHORE HOSPITAL
0.696772948,0.919216223,0.291181818,0.390909091,0,0.35,0.36,450102,MOTHER FRANCES HOSPITAL
0.28358688,0.920015491,0.369909091,0.354545455,0.1,0.43,0.5,250048,ST DOMINIC-JACKSON MEMORIAL HOSPITAL
0.271877307,0.920822999,0.251636364,0.418181818,0,0.2,0.36,230053,HENRY FORD HOSPITAL
0.347786076,0.921605788,0.470636364,0.418181818,0.3,0.63,0.46,240036,ST CLOUD HOSPITAL
0.661167692,0.922413296,0.296909091,0.854545455,0,0.1,0.32,330160,STATEN ISLAND UNIVERSITY HOSPITAL
0.576352739,0.923187845,0.316545455,0.772727273,0,0.2,0.34,100019,HOLMES REGIONAL MEDICAL CENTER
0.256192411,0.924011832,0.589636364,0.618181818,0.5,0.68,0.54,230097,MUNSON MEDICAL CENTER
0.49815327,0.924811101,0.490818182,0.609090909,0,0.51,0.72,140223,ADVOCATE LUTHERAN GENERAL HOSPITAL
0.66258243,0.925610369,0.283454545,0.427272727,0,0.32,0.34,50093,SAINT AGNES MEDICAL CENTER
0.582903394,0.926401397,0.287909091,0.554545455,0,0.35,0.24,150084,ST VINCENT HOSPITAL & HEALTH SERVICES
0.666740361,0.927217146,0.318181818,0.290909091,0.1,0.32,0.48,100088,BAPTIST MEDICAL CENTER
0.248473838,0.928024654,0.288818182,0.609090909,0.1,0.21,0.28,230141,MCLAREN FLINT
0.337291777,0.928823922,0.466272727,0.636363636,0,0.57,0.56,150125,COMMUNITY HOSPITAL
0.273315741,0.929598471,0.465454545,0.527272727,0.3,0.6,0.4,340114,REX HOSPITAL
0.481511021,0.930414219,0.339454545,0.327272727,0.2,0.32,0.46,230230,EDWARD W SPARROW HOSPITAL
0.836253074,0.931229967,0.449,0.7,0,0.39,0.64,390174,THOMAS JEFFERSON UNIVERSITY HOSPITAL
0.175664941,0.932037475,0.299454545,0.527272727,0.1,0.2,0.38,370114,"ST JOHN MEDICAL CENTER, INC"
0.530017124,0.932844983,0.258363636,0.181818182,0,0.18,0.56,100062,MUNROE REGIONAL MEDICAL CENTER
0.307770177,0.933660731,0.382090909,0.745454545,0.1,0.41,0.3,40114,BAPTIST HEALTH MEDICAL CENTER-LITTLE ROCK
0.576156937,0.934476479,0.246181818,0.690909091,0,0.2,0.16,100220,GULF COAST MEDICAL CENTER LEE MEM HEALTH SYSTEM
0.216077435,0.935300467,0.384363636,0.481818182,0.3,0.14,0.62,330005,KALEIDA HEALTH
0.693242637,0.936116215,0.389363636,0.581818182,0,0.23,0.68,140007,PRESENCE SAINT JOSEPH MEDICAL CENTER
0.206650867,0.936899004,0.311818182,0.809090909,0,0.14,0.36,230165,ST JOHN HOSPITAL AND MEDICAL CENTER
0.527212228,0.937673552,0.510636364,0.418181818,0.5,0.41,0.68,110029,"NORTHEAST GEORGIA MEDICAL CENTER, INC"
0.744050302,0.938464581,0.352909091,0.354545455,0,0.12,0.82,330194,MAIMONIDES MEDICAL CENTER
0.136109984,0.938464581,0.335545455,0.372727273,0,0.21,0.66,490005,WINCHESTER MEDICAL CENTER
0.577316114,0.940063117,0.379545455,0.672727273,0.1,0.49,0.26,450135,TEXAS HEALTH HARRIS METHODIST FORT WORTH
0.466887871,0.940870626,0.29,0.58,0,0.42,0.16,450021,BAYLOR UNIVERSITY MEDICAL CENTER
0.889576898,0.940870626,0.290818182,0.809090909,0,0.23,0.2,490112,CJW MEDICAL CENTER
0.920177581,0.942436203,0.366181818,0.390909091,0,0.42,0.54,310001,HACKENSACK UNIVERSITY MEDICAL CENTER
0.209418408,0.943251951,0.580818182,0.809090909,0.1,0.77,0.56,250004,NORTH MISSISSIPPI MEDICAL CENTER
0.490286984,0.944067699,0.332818182,0.409090909,0.1,0.27,0.5,70002,ST FRANCIS HOSPITAL & MEDICAL CENTER
0.533418618,0.944883447,0.374363636,0.581818182,0,0.56,0.3,340069,"WAKEMED, RALEIGH CAMPUS"
0.329633079,0.945699195,0.481363636,0.681818182,0.3,0.31,0.64,450054,SCOTT & WHITE MEMORIAL HOSPITAL
0.31731602,0.946481984,0.336,0.5,0.1,0.36,0.36,230070,COVENANT MEDICAL CENTER
0.195367769,0.947297732,0.501909091,0.654545455,0.1,0.61,0.56,180130,BAPTIST HEALTH LOUISVILLE
0.142346466,0.948097,0.503181818,0.490909091,0.3,0.45,0.7,330140,ST JOSEPH'S HOSPITAL HEALTH CENTER
0.951266767,0.948904508,0.362272727,0.536363636,0,0.33,0.52,310064,ATLANTICARE REGIONAL MEDICAL CENTER - CITY DIV
0.464672336,0.949712016,0.390363636,0.681818182,0.1,0.22,0.56,100040,ST VINCENT'S MEDICAL CENTER
0.425728282,0.950503045,0.459727273,0.563636364,0.1,0.53,0.56,100087,SARASOTA MEMORIAL HOSPITAL
0.316964918,0.951310553,0.549636364,0.618181818,0.3,0.74,0.48,240010,MAYO CLINIC HOSPITAL ROCHESTER
0.388295774,0.952126301,0.249909091,0.454545455,0.3,0.21,0.12,160083,MERCY MEDICAL CENTER-DES MOINES
0.907302854,0.952950289,0.464818182,0.809090909,0,0.31,0.7,390164,UPMC PRESBYTERIAN SHADYSIDE
0.580019527,0.953766037,0.423636364,0.618181818,0.3,0.34,0.46,240057,ABBOTT NORTHWESTERN HOSPITAL
0.785012557,0.953766037,0.207,0.3,0,0.23,0.26,100006,ORLANDO HEALTH
0.327337266,0.955414013,0.349363636,0.581818182,0.1,0.27,0.44,390100,LANCASTER GENERAL HOSPITAL
0.236432469,0.956221521,0.374090909,0.945454545,0.1,0.15,0.4,340014,NOVANT HEALTH FORSYTH MEDICAL CENTER
0.495970371,0.957045509,0.372272727,0.436363636,0,0.49,0.46,190111,WILLIS KNIGHTON MEDICAL CENTER
0.570791564,0.957045509,0.343181818,0.490909091,0.1,0.33,0.42,110035,WELLSTAR KENNESTONE HOSPITAL
0.367636803,0.958685245,0.330818182,0.409090909,0,0.31,0.52,230020,OAKWOOD HOSPITAL - DEARBORN
0.546008175,0.959492753,0.500454545,0.627272727,0,0.45,0.8,140208,ADVOCATE CHRIST HOSPITAL & MEDICAL CENTER
0.62098302,0.960308501,0.288090909,0.545454545,0.1,0.25,0.28,100157,LAKELAND REGIONAL MEDICAL CENTER
0.519448117,0.961116009,0.354,0.3,0,0.36,0.62,100012,LEE MEMORIAL HOSPITAL
0.774271583,0.961939997,0.415454545,0.427272727,0,0.46,0.64,450358,"METHODIST HOSPITAL,THE"
0.546060694,0.962747505,0.256272727,0.636363636,0,0.19,0.24,170122,"VIA CHRISTI HOSPITALS WICHITA, INC"
0.148940551,0.963555014,0.429090909,0.645454545,0,0.26,0.74,220077,BAYSTATE MEDICAL CENTER
0.247453121,0.964362522,0.224181818,0.290909091,0.2,0.34,0.08,370091,"SAINT FRANCIS HOSPITAL, INC"
0.900420319,0.96518651,0.444777778,0.588888889,0,0.29,0.8,310086,KENNEDY UNIVERSITY HOSPITAL - STRATFORD DIV
0.704857311,0.965911619,0.455636364,0.718181818,0,0.62,0.42,310012,VALLEY HOSPITAL
0.879519242,0.966719127,0.461454545,0.927272727,0,0.18,0.74,100204,NORTH FLORIDA REGIONAL MEDICAL CENTER
0.448423001,0.967526635,0.372545455,0.572727273,0,0.44,0.42,10092,D C H REGIONAL MEDICAL CENTER
0.299456619,0.968350623,0.242909091,0.454545455,0.1,0.2,0.24,490024,CARILION ROANOKE MEMORIAL HOSPITAL
0.326484946,0.969166371,0.484727273,0.463636364,0.1,0.66,0.58,440091,"MEMORIAL HEALTHCARE SYSTEM, INC"
0.65417934,0.96997388,0.293818182,0.509090909,0,0.34,0.3,150056,INDIANA UNIVERSITY HEALTH
0.068006836,0.970773148,0.399727273,0.463636364,0.2,0.53,0.36,490021,"CENTRA  HEALTH, INC"
0.203186986,0.971572416,0.202272727,0.636363636,0,0.11,0.14,230195,ST JOHN MACOMB-OAKLAND HOSPITAL-MACOMB CENTER
0.375901393,0.972371684,0.339272727,0.336363636,0.1,0.3,0.54,510022,CHARLESTON AREA MEDICAL CENTER
0.475474162,0.973170953,0.415272727,0.636363636,0,0.42,0.54,360006,RIVERSIDE METHODIST HOSPITAL
0.236647407,0.973994941,0.706,0.5,0.3,0.88,0.94,340115,FIRSTHEALTH MOORE REGIONAL HOSPITAL
0.795170128,0.974810689,0.364727273,0.563636364,0,0.4,0.44,390133,LEHIGH VALLEY HOSPITAL
0.365584478,0.975618197,0.472272727,0.936363636,0,0.25,0.7,230269,"BEAUMONT HOSPITAL, TROY"
0.589614584,0.976433945,0.313272727,0.636363636,0,0.28,0.34,440048,BAPTIST MEMORIAL HOSPITAL
0.109689676,0.977233213,0.413636364,0.418181818,0,0.5,0.6,440002,JACKSON-MADISON COUNTY GENERAL HOSPITAL
0.309124012,0.978024242,0.270090909,0.245454545,0.1,0.33,0.34,180040,JEWISH HOSPITAL & ST MARY'S HEALTHCARE
0.142859176,0.97883999,0.405636364,0.518181818,0.1,0.44,0.5,230038,SPECTRUM HEALTH - BUTTERWORTH CAMPUS
0.218777365,0.979663978,0.374727273,0.663636364,0.1,0.22,0.52,230019,PROVIDENCE HOSPITAL AND MEDICAL CENTERS
0.610581911,0.980479726,0.308,0.21,0.1,0.16,0.66,90011,MEDSTAR WASHINGTON HOSPITAL CENTER
0.825686504,0.981278994,0.321,0.63,0,0.21,0.44,310041,COMMUNITY MEDICAL CENTER
0.760680085,0.982086502,0.460727273,0.563636364,0,0.58,0.58,220071,MASSACHUSETTS GENERAL HOSPITAL
0.100755649,0.98290225,0.491545455,0.772727273,0.2,0.41,0.58,340091,"MOSES H CONE MEMORIAL HOSPITAL, THE"
0.552217035,0.983726238,0.453545455,0.572727273,0,0.29,0.84,140010,EVANSTON HOSPITAL
0.457520195,0.984525507,0.274909091,0.354545455,0,0.24,0.44,100018,NAPLES COMMUNITY HOSPITAL
0.511608212,0.985341255,0.395636364,0.318181818,0.1,0.4,0.64,330024,MOUNT SINAI HOSPITAL
0.911199976,0.986157003,0.471,0.69,0,0.53,0.58,310022,VIRTUA WEST JERSEY HOSPITALS BERLIN
0.761129038,0.986956271,0.312181818,0.690909091,0,0.18,0.4,330169,BETH ISRAEL MEDICAL CENTER
0.856970207,0.987763779,0.369727273,0.363636364,0,0.43,0.56,330106,NORTH SHORE UNIVERSITY HOSPITAL
0.985435996,0.988571287,0.470363636,0.581818182,0,0.4,0.78,50625,CEDARS-SINAI MEDICAL CENTER
0.630106434,0.989387035,0.378454545,0.527272727,0,0.47,0.44,10039,HUNTSVILLE HOSPITAL
0.864276789,0.990202783,0.317818182,0.109090909,0.1,0.2,0.72,330059,MONTEFIORE MEDICAL CENTER
0.600429248,0.991002052,0.497090909,0.645454545,0.1,0.44,0.72,520138,AURORA ST LUKES MEDICAL CENTER
0.746471992,0.99180132,0.343727273,0.563636364,0,0.31,0.46,450058,BAPTIST MEDICAL CENTER
0.425375775,0.992625308,0.372818182,0.409090909,0,0.39,0.58,450184,MEMORIAL HERMANN HOSPITAL SYSTEM
0.203095732,0.993441056,0.449363636,0.781818182,0.1,0.79,0.12,340141,NEW HANOVER REGIONAL MEDICAL CENTER
0.239793225,0.994265044,0.548090909,0.645454545,0.1,0.67,0.66,340002,MEMORIAL MISSION HOSPITAL AND ASHEVILLE SURGERY CE
0.559102357,0.995080792,0.330363636,0.481818182,0,0.26,0.52,180088,NORTON HOSPITAL/NORTON MEDICAL PAVILIONS/KOSAIR CH
0.465135784,0.99590478,0.432636364,0.618181818,0,0.47,0.56,440049,METHODIST HEALTHCARE MEMPHIS HOSPITALS
0.74442314,0.996720528,0.298636364,0.518181818,0,0.33,0.32,450388,METHODIST HOSPITAL
0.331576503,0.997536276,0.446636364,0.718181818,0,0.27,0.74,230130,"BEAUMONT HOSPITAL, ROYAL OAK"
0.719617069,0.998360264,0.491909091,0.654545455,0.2,0.23,0.84,330101,NEW YORK-PRESBYTERIAN HOSPITAL
0.755936326,0.999184252,0.378363636,0.781818182,0,0.6,0.14,100007,FLORIDA HOSPITAL
