cost,discharge,quality,quality_care,quality_efficiency,patexp,outcome,provider_id,provider
0.002919387,2334,0.346611111,0.255555556,0.3,0.11,0.675,220073,MORTON HOSPITAL
0.005559412,2939,0.510777778,0.588888889,0,0.55,0.76,220105,WINCHESTER HOSPITAL
0.012398255,4134,0.351,0.5,0.1,0.11,0.66,220111,GOOD SAMARITAN MEDICAL CENTER
0.016446513,3038,0.37,0.58,0.1,0.18,0.6,220126,NORWOOD HOSPITAL
0.029694523,2259,0.496888889,0.744444444,0.6,0.46,0.3,330164,HIGHLAND HOSPITAL
0.033777394,3601,0.530090909,0.745454545,0.6,0.65,0.22,10029,EAST ALABAMA MEDICAL CENTER
0.036143824,3829,0.457,0.41,0.3,0.57,0.48,490077,MARTHA JEFFERSON HOSPITAL
0.037025232,2935,0.259777778,0.388888889,0.1,0.18,0.36,220060,BETH ISRAEL DEACONESS HOSPITAL - PLYMOUTH
0.039108362,2140,0.338666667,0.433333333,0,0.38,0.46,70011,CHARLOTTE HUNGERFORD HOSPITAL
0.039252657,2797,0.309181818,0.390909091,0,0.23,0.54,360070,MERCY MEDICAL CENTER
0.042623294,5554,0.528090909,0.545454545,0.4,0.31,0.82,240053,PARK NICOLLET METHODIST HOSPITAL
0.043393817,3921,0.430333333,0.866666667,0.1,0.35,0.44,220046,BERKSHIRE MEDICAL CENTER INC
0.043844542,2659,0.356444444,0.822222222,0,0.24,0.4,220135,FALMOUTH HOSPITAL
0.047953476,2867,0.363636364,0.618181818,0,0.3,0.5,220176,ST VINCENT HOSPITAL
0.050074943,3214,0.407,0.58,0,0.27,0.7,220175,METROWEST MEDICAL CENTER
0.053713977,3045,0.467722222,0.511111111,0.2,0.51,0.575,10085,DECATUR MORGAN HOSPITAL-DECATUR CAMPUS
0.056782521,4197,0.365,0.6,0.1,0.39,0.36,180012,HARDIN MEMORIAL HOSPITAL
0.058636135,4978,0.209545455,0.372727273,0,0.11,0.34,100105,INDIAN RIVER MEDICAL CENTER
0.058912093,3262,0.41,0.55,0.3,0.45,0.35,230059,SAINT MARY'S HEALTH CARE
0.061360341,2487,0.338181818,0.490909091,0,0.46,0.34,360072,FAIRFIELD MEDICAL CENTER
0.061703603,2167,0.425111111,0.655555556,0,0.38,0.6,510046,PRINCETON COMMUNITY HOSPITAL
0.064904074,2105,0.437444444,0.522222222,0.6,0.61,0.1,340142,CARTERET GENERAL HOSPITAL
0.067260174,3012,0.446222222,0.711111111,0.5,0.3,0.38,330011,"OUR LADY OF LOURDES MEMORIAL HOSPITAL, INC"
0.067545522,2662,0.239,0.43,0,0.35,0.16,230244,GARDEN CITY HOSPITAL
0.068006836,8757,0.399727273,0.463636364,0.2,0.53,0.36,490021,"CENTRA  HEALTH, INC"
0.068025374,4620,0.375272727,0.336363636,0.1,0.56,0.4,440059,COOKEVILLE REGIONAL MEDICAL CENTER
0.069181578,6096,0.372818182,0.409090909,0,0.39,0.58,220012,CAPE COD HOSPITAL
0.074498376,3135,0.597444444,0.722222222,0.3,0.71,0.6,10005,MARSHALL MEDICAL CENTER SOUTH
0.076758083,5775,0.335545455,0.672727273,0,0.15,0.52,230047,HENRY FORD MACOMB HOSPITAL
0.077392504,3363,0.503818182,0.509090909,0.3,0.58,0.56,40027,BAXTER REGIONAL MEDICAL CENTER
0.078024839,4129,0.283,0.59,0,0.23,0.32,230151,BOTSFORD HOSPITAL
0.079710824,4830,0.242,0.44,0.2,0.12,0.26,230146,HENRY FORD WYANDOTTE HOSPITAL
0.080431453,2653,0.244454545,0.427272727,0,0.41,0.12,360211,TRINITY MEDICAL CTR EAST &TRINITY MEDICAL CTR WEST
0.081367977,4624,0.345636364,0.418181818,0.2,0.52,0.22,230021,"LAKELAND HOSPITAL, ST JOSEPH"
0.084530217,5655,0.424,0.52,0.1,0.3,0.7,230002,ST MARY MERCY HOSPITAL
0.088451879,4582,0.246181818,0.590909091,0.1,0.14,0.22,230227,MCLAREN MACOMB
0.091352618,2642,0.441777778,0.288888889,0,0.6,0.68,220090,MILFORD REGIONAL MEDICAL CENTER
0.091780636,4194,0.482818182,0.409090909,0.4,0.41,0.66,490004,SENTARA RMH MEDICAL CENTER
0.092404372,3736,0.367333333,0.666666667,0,0.32,0.46,340010,WAYNE MEMORIAL HOSPITAL
0.094577498,3554,0.270909091,0.354545455,0.1,0.28,0.32,160110,ALLEN HOSPITAL
0.095472744,2602,0.415,0.82,0.1,0.35,0.42,220052,SIGNATURE HEALTHCARE BROCKTON HOSPITAL
0.096512562,2382,0.488555556,0.677777778,0.6,0.41,0.366666667,140032,ST ANTHONYS MEMORIAL HOSPITAL
0.096530804,2320,0.539454545,0.727272727,0.2,0.64,0.54,220002,MOUNT AUBURN HOSPITAL
0.098729733,6384,0.251272727,0.536363636,0,0.26,0.22,360035,MOUNT CARMEL WEST
0.100755649,9740,0.491545455,0.772727273,0.2,0.41,0.58,340091,"MOSES H CONE MEMORIAL HOSPITAL, THE"
0.102290952,4277,0.383545455,0.572727273,0.1,0.51,0.32,190065,BATON ROUGE GENERAL MEDICAL CENTER
0.103318053,3736,0.486545455,0.572727273,0.3,0.68,0.36,460021,DIXIE REGIONAL MEDICAL CENTER
0.103628817,2504,0.333,0.57,0,0.23,0.5,360012,MOUNT CARMEL ST ANN'S
0.106524282,3979,0.478545455,0.572727273,0.5,0.3,0.58,330125,ROCHESTER GENERAL HOSPITAL
0.10747485,4218,0.369818182,0.709090909,0,0.38,0.38,360084,AULTMAN HOSPITAL
0.109462898,5323,0.378454545,0.827272727,0,0.15,0.56,230029,ST JOSEPH MERCY OAKLAND
0.109689676,9154,0.413636364,0.418181818,0,0.5,0.6,440002,JACKSON-MADISON COUNTY GENERAL HOSPITAL
0.109812724,3913,0.464545455,0.472727273,0.2,0.58,0.52,440073,MAURY REGIONAL HOSPITAL
0.110771288,2786,0.442636364,0.618181818,0.2,0.57,0.36,200024,CENTRAL MAINE MEDICAL CENTER
0.113020868,3937,0.340181818,0.590909091,0,0.24,0.5,360041,PARMA COMMUNITY GENERAL HOSPITAL
0.113035509,2809,0.355,0.47,0,0.19,0.68,220080,HOLY FAMILY HOSPITAL
0.113672635,3014,0.692363636,0.981818182,0.5,0.88,0.44,40134,"ARKANSAS HEART HOSPITAL, LLC"
0.113788114,2753,0.441388889,0.744444444,0.3,0.4,0.375,340017,MARGARET R PARDEE MEMORIAL HOSPITAL
0.113821081,3039,0.348,0.54,0,0.22,0.58,300012,ELLIOT HOSPITAL
0.11459014,3517,0.365,0.67,0.3,0.29,0.28,510006,UNITED HOSPITAL CENTER
0.115480799,3771,0.367,0.47,0,0.31,0.6,150009,CLARK MEMORIAL HOSPITAL
0.118401334,3989,0.279454545,0.527272727,0,0.38,0.2,390110,MEMORIAL MEDICAL CENTER
0.11867008,6753,0.555,0.52,0.2,0.61,0.76,220100,SOUTH SHORE HOSPITAL
0.119507309,4652,0.566909091,0.654545455,0.2,0.72,0.6,490050,VIRGINIA HOSPITAL CENTER
0.126377253,4177,0.341,0.38,0.2,0.11,0.64,510070,RALEIGH GENERAL HOSPITAL
0.126685985,4073,0.3395,0.6,0.4,0.29,0.175,490018,AUGUSTA HEALTH
0.130833156,2379,0.481444444,0.422222222,0.2,0.59,0.6,340130,CAROLINAS HEALTHCARE SYSTEM UNION
0.131959497,2605,0.320090909,0.645454545,0.1,0.17,0.4,330279,MERCY HOSPITAL
0.132390698,3784,0.365090909,0.445454545,0,0.4,0.52,360145,UNIVERSITY HOSPITALS - ELYRIA MEDICAL CENTER
0.133671824,3365,0.437,0.58,0,0.45,0.62,220063,LOWELL GENERAL HOSPITAL
0.134878022,2336,0.454,0.5,0,0.58,0.6,510024,MONONGALIA COUNTY GENERAL HOSPITAL
0.135857348,3224,0.321272727,0.336363636,0.1,0.54,0.24,360118,MEDCENTRAL HEALTH SYSTEM MANSFIELD HOSPITAL
0.136109984,7276,0.335545455,0.372727273,0,0.21,0.66,490005,WINCHESTER MEDICAL CENTER
0.139294881,2186,0.265272727,0.336363636,0.3,0.2,0.26,330136,MARY IMOGENE BASSETT HOSPITAL
0.142346466,7680,0.503181818,0.490909091,0.3,0.45,0.7,330140,ST JOSEPH'S HOSPITAL HEALTH CENTER
0.142859176,9293,0.405636364,0.518181818,0.1,0.44,0.5,230038,SPECTRUM HEALTH - BUTTERWORTH CAMPUS
0.142987816,2797,0.488,0.6,0.1,0.66,0.5,150112,COLUMBUS REGIONAL HOSPITAL
0.146991415,2906,0.422636364,0.518181818,0.2,0.39,0.54,230105,MCLAREN - NORTHERN MICHIGAN
0.147549987,3130,0.333,0.66,0.3,0.23,0.24,500036,YAKIMA VALLEY MEMORIAL HOSPITAL
0.148940551,8427,0.429090909,0.645454545,0,0.26,0.74,220077,BAYSTATE MEDICAL CENTER
0.149329349,2665,0.428363636,0.481818182,0.4,0.22,0.62,330090,ARNOT OGDEN MEDICAL CENTER
0.149919152,2589,0.55,0.68,0,0.84,0.54,150042,GOOD SAMARITAN HOSPITAL
0.150960346,2322,0.55,0.74,0,0.62,0.72,130002,ST LUKE'S MAGIC VALLEY RMC
0.1511245,2301,0.393909091,0.254545455,0.5,0.45,0.36,270014,ST PATRICK HOSPITAL
0.151186575,4115,0.438181818,0.690909091,0,0.44,0.56,150048,REID HOSPITAL & HEALTH CARE SERVICES
0.151809974,2550,0.430545455,0.672727273,0.4,0.22,0.5,180093,BAPTIST HEALTH MADISONVILLE
0.155852261,3623,0.428454545,0.627272727,0,0.49,0.52,440012,WELLMONT BRISTOL REGIONAL MEDICAL CENTER
0.158800682,3676,0.293090909,0.345454545,0.1,0.24,0.44,220031,BOSTON MEDICAL CENTER CORPORATION
0.159654187,2908,0.510818182,0.509090909,0.5,0.53,0.5,160069,MERCY MEDICAL CENTER-DUBUQUE
0.160801515,3933,0.373,0.43,0.4,0.21,0.48,330203,CROUSE HOSPITAL
0.161859414,2575,0.414545455,0.472727273,0.4,0.42,0.38,380061,PROVIDENCE PORTLAND MEDICAL CENTER
0.161999946,4997,0.567090909,0.445454545,0.5,0.54,0.72,340131,CAROLINA EAST MEDICAL CENTER
0.162906279,4421,0.369818182,0.609090909,0.1,0.32,0.44,140280,TRINITY ROCK ISLAND
0.163341209,3603,0.429636364,0.718181818,0.2,0.48,0.34,520096,WHEATON FRANCISCAN HEALTHCARE ALL SAINTS
0.164621405,2226,0.555111111,0.455555556,0.4,0.8,0.48,140034,ST MARYS HOSPITAL
0.164686699,6432,0.342181818,0.690909091,0,0.22,0.46,390046,YORK HOSPITAL
0.164765673,2554,0.446454545,0.427272727,0.5,0.39,0.48,350002,ST ALEXIUS MEDICAL CENTER
0.165100677,4653,0.365272727,0.536363636,0.3,0.18,0.48,360039,GENESIS HEALTHCARE SYSTEM
0.165579678,2157,0.319636364,0.518181818,0,0.34,0.38,10144,SPRINGHILL MEMORIAL HOSPITAL
0.167690763,2782,0.272,0.7,0,0.24,0.2,70016,SAINT MARYS HOSPITAL
0.168992511,3226,0.458444444,0.822222222,0,0.32,0.66,70024,WILLIAM W BACKUS HOSPITAL
0.169839073,4888,0.354545455,0.272727273,0,0.26,0.74,180010,SAINT JOSEPH HOSPITAL
0.17103466,3556,0.412909091,0.354545455,0.6,0.38,0.36,380004,PROVIDENCE ST VINCENT MEDICAL CENTER
0.171624621,3634,0.496,0.85,0.1,0.46,0.56,230089,"BEAUMONT HOSPITAL, GROSSE POINTE"
0.174873316,5619,0.524909091,0.454545455,0.1,0.54,0.84,510007,ST MARY'S MEDICAL CENTER
0.17513776,4214,0.328,0.26,0,0.26,0.66,70007,LAWRENCE & MEMORIAL HOSPITAL
0.175664941,6974,0.299454545,0.527272727,0.1,0.2,0.38,370114,"ST JOHN MEDICAL CENTER, INC"
0.176938957,2548,0.327555556,0.677777778,0,0.18,0.46,220066,MERCY MEDICAL CENTER
0.177084254,2825,0.333909091,0.354545455,0.1,0.37,0.44,330245,ST ELIZABETH MEDICAL CENTER
0.177785504,3113,0.422909091,0.654545455,0.2,0.56,0.28,440034,METHODIST MEDICAL CENTER OF OAK RIDGE
0.177862693,2980,0.346545455,0.572727273,0.2,0.3,0.34,350019,ALTRU HOSPITAL
0.178065492,2909,0.261636364,0.618181818,0,0.16,0.3,360059,METROHEALTH SYSTEM
0.178270882,3120,0.424727273,0.563636364,0.6,0.38,0.26,380051,SALEM HOSPITAL
0.178717758,2624,0.421090909,0.645454545,0.2,0.52,0.32,460004,MCKAY DEE HOSPITAL
0.178841537,2454,0.410909091,0.454545455,0.1,0.64,0.36,140046,GOOD SAMARITAN REGIONAL HLTH CENTER
0.184845251,2591,0.294777778,0.388888889,0.2,0.23,0.36,490101,INOVA FAIR OAKS HOSPITAL
0.18513125,2720,0.295727273,0.463636364,0.1,0.27,0.34,360090,ST LUKE'S HOSPITAL
0.18569827,2687,0.340090909,0.545454545,0,0.25,0.52,160153,MERCY MEDICAL CENTER-SIOUX CITY
0.19123769,2391,0.233,0.3,0.1,0.23,0.28,490043,INOVA LOUDOUN HOSPITAL
0.19223749,4335,0.384363636,0.681818182,0.1,0.34,0.42,490052,RIVERSIDE REGIONAL MEDICAL CENTER
0.192467955,2868,0.493090909,0.445454545,0.4,0.48,0.6,370056,COMANCHE COUNTY MEMORIAL HOSPITAL
0.192642175,5002,0.445727273,0.663636364,0.2,0.57,0.34,440173,PARKWEST MEDICAL CENTER
0.194343432,5058,0.377818182,0.709090909,0.1,0.3,0.42,160033,GENESIS MEDICAL CENTER-DAVENPORT
0.195367769,7662,0.501909091,0.654545455,0.1,0.61,0.56,180130,BAPTIST HEALTH LOUISVILLE
0.200568865,5831,0.368,0.7,0,0.4,0.36,200009,MAINE MEDICAL CENTER
0.200926865,4474,0.256545455,0.372727273,0.1,0.22,0.32,510058,CAMDEN CLARK MEDICAL CENTER
0.201132193,2292,0.394727273,0.663636364,0.2,0.42,0.32,40010,MERCY HOSPITAL NORTHWEST ARKANSAS
0.201956003,3870,0.401727273,0.663636364,0.1,0.47,0.36,180104,BAPTIST HEALTH PADUCAH
0.202317966,2333,0.289,0.5,0,0.33,0.3,390145,EXCELA HEALTH WESTMORELAND HOSPITAL
0.203095732,11316,0.449363636,0.781818182,0.1,0.79,0.12,340141,NEW HANOVER REGIONAL MEDICAL CENTER
0.203186986,8773,0.202272727,0.636363636,0,0.11,0.14,230195,ST JOHN MACOMB-OAKLAND HOSPITAL-MACOMB CENTER
0.203412482,3372,0.429,0.45,0.3,0.43,0.5,330191,GLENS FALLS HOSPITAL
0.204457502,3828,0.436454545,0.427272727,0.3,0.35,0.62,140135,DECATUR MEMORIAL HOSPITAL
0.205177133,5375,0.364454545,0.627272727,0.1,0.55,0.18,190064,OUR LADY OF THE LAKE REGIONAL MEDICAL CENTER
0.205485794,5216,0.369363636,0.781818182,0,0.37,0.34,200033,EASTERN MAINE MEDICAL CENTER
0.205750625,2439,0.402363636,0.481818182,0.3,0.52,0.3,520030,ASPIRUS WAUSAU HOSPITAL
0.206650867,7220,0.311818182,0.809090909,0,0.14,0.36,230165,ST JOHN HOSPITAL AND MEDICAL CENTER
0.206733826,5629,0.456272727,0.736363636,0,0.35,0.68,220086,BETH ISRAEL DEACONESS MEDICAL CENTER
0.208033739,2384,0.409454545,0.727272727,0,0.62,0.26,390228,ST CLAIR MEMORIAL HOSPITAL
0.208450889,2529,0.294,0.41,0.1,0.26,0.38,360147,MARIETTA MEMORIAL HOSPITAL
0.209418408,7529,0.580818182,0.809090909,0.1,0.77,0.56,250004,NORTH MISSISSIPPI MEDICAL CENTER
0.211687493,3733,0.429,0.87,0,0.39,0.46,40014,WHITE COUNTY MEDICAL CENTER
0.211830237,4330,0.332090909,0.245454545,0.2,0.37,0.44,240002,ESSENTIA HEALTH ST MARY'S MEDICAL CENTER
0.212472159,3989,0.367,0.8,0,0.45,0.24,40036,BAPTIST HEALTH MEDICAL CENTER NORTH LITTLE ROCK
0.214412562,4469,0.446,0.52,0,0.42,0.72,490120,CHESAPEAKE GENERAL HOSPITAL
0.214719392,4874,0.210818182,0.409090909,0,0.11,0.32,230024,SINAI-GRACE HOSPITAL
0.215285979,6600,0.498363636,0.681818182,0.1,0.34,0.8,180009,KING'S DAUGHTERS' MEDICAL CENTER
0.216077435,7092,0.384363636,0.481818182,0.3,0.14,0.62,330005,KALEIDA HEALTH
0.216685672,2119,0.512,0.7,0.3,0.34,0.7,330078,SISTERS OF CHARITY HOSPITAL
0.217667561,2337,0.392,0.5,0.5,0.44,0.2,160057,GREAT RIVER MEDICAL CENTER
0.218505643,2828,0.384272727,0.536363636,0.2,0.17,0.62,270012,BENEFIS HOSPITALS INC
0.218777365,9345,0.374727273,0.663636364,0.1,0.22,0.52,230019,PROVIDENCE HOSPITAL AND MEDICAL CENTERS
0.219277716,3840,0.437090909,0.345454545,0.4,0.32,0.64,160064,MERCY MEDICAL CENTER-NORTH IOWA
0.221955487,2715,0.271090909,0.545454545,0,0.16,0.38,130049,KOOTENAI HEALTH
0.22257183,2313,0.429,0.67,0.2,0.39,0.46,230277,HURON VALLEY-SINAI HOSPITAL
0.222656856,2330,0.398888889,0.644444444,0.3,0.25,0.45,490122,INOVA MOUNT VERNON HOSPITAL
0.224666794,3030,0.440818182,0.509090909,0.3,0.23,0.7,490017,BON SECOURS MARYVIEW MEDICAL CENTER
0.226939654,3964,0.355181818,0.590909091,0,0.47,0.32,440017,WELLMONT HOLSTON VALLEY MEDICAL CENTER
0.226940583,4173,0.395818182,0.409090909,0.4,0.3,0.48,330394,"UNITED HEALTH SERVICES HOSPITALS, INC"
0.227030793,3006,0.426090909,0.445454545,0.2,0.29,0.7,140158,MERCY HOSPITAL AND MEDICAL CENTER
0.227853919,2933,0.381,0.6,0,0.41,0.46,360123,ST JOHN MEDICAL CENTER
0.228726426,2602,0.419545455,0.872727273,0.1,0.63,0.12,440125,FORT SANDERS REGIONAL MEDICAL CENTER
0.23097199,3161,0.307888889,0.244444444,0.2,0.35,0.38,420070,TUOMEY HEALTHCARE SYSTEM
0.233461247,2284,0.536,0.78,0.1,0.58,0.62,10035,CULLMAN REGIONAL MEDICAL CENTER
0.23374653,2927,0.347545455,0.572727273,0.1,0.23,0.48,360159,ADENA REGIONAL MEDICAL CENTER
0.23378196,3047,0.450277778,0.788888889,0,0.2,0.775,330019,"NEW YORK COMMUNITY HOSPITAL OF BROOKLYN, INC."
0.235042284,3381,0.525,0.46,0.5,0.37,0.74,160079,MERCY MEDICAL CENTER - CEDAR RAPIDS
0.235498876,5086,0.362727273,0.463636364,0,0.24,0.66,470003,UNIVERSITY OF VERMONT MEDICAL CENTER
0.235740523,4345,0.217090909,0.545454545,0,0.26,0.1,80004,BAYHEALTH - KENT GENERAL HOSPITAL
0.236114746,2240,0.23,0.28,0,0.3,0.28,250082,DELTA REGIONAL MEDICAL CENTER
0.236432469,8009,0.374090909,0.945454545,0.1,0.15,0.4,340014,NOVANT HEALTH FORSYTH MEDICAL CENTER
0.236647407,8814,0.706,0.5,0.3,0.88,0.94,340115,FIRSTHEALTH MOORE REGIONAL HOSPITAL
0.23837991,2503,0.361090909,0.545454545,0.3,0.26,0.38,130007,ST ALPHONSUS REGIONAL MEDICAL CENTER
0.238693545,3159,0.443545455,0.672727273,0,0.39,0.64,390045,WILLIAMSPORT REGIONAL MEDICAL CENTER
0.238853521,3937,0.444909091,0.354545455,0.1,0.5,0.68,420026,SISTERS OF CHARITY PROVIDENCE HOSPITALS
0.238969229,5984,0.481272727,0.736363636,0.2,0.64,0.34,340001,CAROLINAS MEDICAL CENTER-NORTHEAST
0.239793225,11361,0.548090909,0.645454545,0.1,0.67,0.66,340002,MEMORIAL MISSION HOSPITAL AND ASHEVILLE SURGERY CE
0.240746072,3042,0.431818182,0.509090909,0,0.48,0.62,220116,TUFTS MEDICAL CENTER
0.243314566,2738,0.519,0.4,0.2,0.43,0.9,70017,MIDSTATE MEDICAL CENTER
0.243319469,3351,0.352,0.7,0.1,0.34,0.3,10090,PROVIDENCE HOSPITAL
0.244044647,3720,0.325818182,0.309090909,0,0.6,0.28,250104,ANDERSON REGIONAL MEDICAL CTR
0.246994459,2158,0.503333333,0.366666667,0.5,0.56,0.54,180036,OUR LADY OF BELLEFONTE HOSPITAL
0.247453121,8456,0.224181818,0.290909091,0.2,0.34,0.08,370091,"SAINT FRANCIS HOSPITAL, INC"
0.248464023,2486,0.381,0.32,0.1,0.37,0.62,230302,HENRY FORD WEST BLOOMFIELD HOSPITAL
0.248473838,6882,0.288818182,0.609090909,0.1,0.21,0.28,230141,MCLAREN FLINT
0.248909555,4058,0.448,0.49,0.4,0.3,0.6,390151,CHAMBERSBURG HOSPITAL
0.249887033,3691,0.373272727,0.336363636,0,0.36,0.66,360172,MERCY REGIONAL MEDICAL CENTER
0.253029651,3816,0.441090909,0.745454545,0.5,0.28,0.36,380102,SACRED HEART MEDICAL CENTER - RIVERBEND
0.254132194,2384,0.284,0.64,0,0.16,0.36,330014,JAMAICA HOSPITAL MEDICAL CENTER
0.254189297,4603,0.333666667,0.633333333,0,0.41,0.28,340147,NASH GENERAL HOSPITAL
0.254192874,2619,0.370454545,0.727272727,0,0.55,0.2,460001,UTAH VALLEY REGIONAL MEDICAL CENTER
0.254927642,4562,0.253181818,0.290909091,0,0.35,0.3,100025,SACRED HEART HOSPITAL
0.255380974,2744,0.265,0.5,0,0.23,0.32,260023,MERCY HOSPITAL JEFFERSON
0.256047387,2686,0.450909091,0.654545455,0.1,0.44,0.56,360001,MERCY HOSPITAL ANDERSON
0.256192411,6832,0.589636364,0.618181818,0.5,0.68,0.54,230097,MUNSON MEDICAL CENTER
0.256572428,3180,0.303545455,0.572727273,0,0.35,0.28,40062,ST EDWARD MERCY MEDICAL CENTER
0.257059921,2830,0.350272727,0.836363636,0,0.21,0.4,360025,FIRELANDS REGIONAL MEDICAL CENTER
0.258820359,3610,0.373,0.6,0.2,0.25,0.46,180102,LOURDES HOSPITAL
0.259213027,3304,0.329,0.61,0,0.15,0.54,110076,DEKALB MEDICAL CENTER
0.259278945,2676,0.417333333,0.466666667,0,0.28,0.8,230099,PROMEDICA MONROE REGIONAL HOSPITAL
0.259390777,5573,0.348636364,0.418181818,0.2,0.21,0.54,230197,GENESYS REGIONAL MEDICAL CENTER - HEALTH PARK
0.259405705,3755,0.199818182,0.309090909,0,0.26,0.2,390073,UPMC ALTOONA
0.260805483,3993,0.387454545,0.527272727,0,0.3,0.64,230104,HARPER UNIVERSITY HOSPITAL
0.261410084,3532,0.283909091,0.354545455,0,0.21,0.5,230077,ST MARY'S OF MICHIGAN MEDICAL CENTER
0.261553858,4359,0.374363636,0.281818182,0,0.56,0.5,450042,PROVIDENCE HEALTH CENTER
0.261624389,2239,0.386444444,0.522222222,0,0.44,0.5,10019,HELEN KELLER MEMORIAL HOSPITAL
0.261779285,2140,0.356,0.41,0.2,0.22,0.56,510029,THOMAS MEMORIAL HOSPITAL
0.262016883,4472,0.374090909,0.445454545,0,0.65,0.3,150044,FLOYD MEMORIAL HOSPITAL AND HEALTH SERVICES
0.264612982,3387,0.185818182,0.209090909,0,0.34,0.14,40016,UAMS MEDICAL CENTER
0.264660976,2153,0.501181818,0.690909091,0.3,0.41,0.6,520087,GUNDERSEN LUTHERAN MEDICAL CENTER
0.265341156,2464,0.384,0.48,0,0.42,0.54,230142,OAKWOOD HOSPITAL - WAYNE
0.26742197,2367,0.4235,0.7,0,0.52,0.425,140011,HERRIN HOSPITAL
0.267634403,2155,0.511,0.46,0.1,0.55,0.78,300023,EXETER HOSPITAL INC
0.26887821,2557,0.359181818,0.490909091,0,0.37,0.5,240047,ST LUKES HOSPITAL
0.269710356,6093,0.512545455,0.972727273,0,0.5,0.56,180035,ST ELIZABETH MEDICAL CENTER
0.271612935,3735,0.327090909,0.645454545,0,0.22,0.44,490040,INOVA ALEXANDRIA HOSPITAL
0.271877307,6773,0.251636364,0.418181818,0,0.2,0.36,230053,HENRY FORD HOSPITAL
0.273315741,6903,0.465454545,0.527272727,0.3,0.6,0.4,340114,REX HOSPITAL
0.273435048,2247,0.540818182,0.809090909,0.5,0.59,0.34,260011,SSM HEALTH ST. MARY'S HOSPITAL - JEFFERSON CITY
0.27516607,3586,0.294,0.6,0.3,0.36,0.02,520136,WHEATON FRANCISCAN ST JOSEPH
0.276057174,6594,0.631363636,0.881818182,0.4,0.51,0.74,340032,CAROMONT REGIONAL MEDICAL CENTER
0.277367864,2241,0.338222222,0.611111111,0,0.52,0.2,360276,ST ELIZABETH BOARDMAN HEALTH CENTER
0.278861248,2945,0.371090909,0.745454545,0,0.4,0.34,140164,MEMORIAL HOSPITAL OF CARBONDALE
0.279712383,2617,0.333555556,0.277777778,0.1,0.21,0.65,90006,PROVIDENCE HOSPITAL
0.281282284,2254,0.274090909,0.445454545,0.1,0.11,0.44,450196,PARIS REGIONAL MEDICAL CENTER
0.28129587,3771,0.535363636,0.981818182,0,0.57,0.56,150034,ST MARY MEDICAL CENTER INC
0.283108664,3847,0.464727273,0.263636364,0.5,0.26,0.78,390079,ROBERT PACKER HOSPITAL
0.283324202,2204,0.582,0.78,0.3,0.6,0.62,160030,MARY GREELEY MEDICAL CENTER
0.283581558,3270,0.506181818,0.490909091,0,0.82,0.54,360056,MERCY HOSPITAL FAIRFIELD
0.28358688,6765,0.369909091,0.354545455,0.1,0.43,0.5,250048,ST DOMINIC-JACKSON MEMORIAL HOSPITAL
0.286338064,6601,0.412727273,0.463636364,0.4,0.26,0.54,260040,COX MEDICAL CENTERS
0.286839737,6264,0.385818182,0.609090909,0,0.52,0.36,10113,MOBILE INFIRMARY
0.289663997,4849,0.599454545,0.627272727,0.3,0.66,0.72,260179,ST LUKES HOSPITAL
0.289761894,4830,0.193727273,0.263636364,0,0.19,0.28,230041,MCLAREN BAY REGION
0.291387543,2953,0.361727273,0.563636364,0,0.71,0.12,190102,"OUR LADY OF LOURDES REGIONAL MEDICAL CENTER, INC"
0.294046977,2559,0.357,0.79,0.2,0.15,0.38,340015,NOVANT HEALTH ROWAN MEDICAL CENTER
0.294247097,2272,0.522222222,0.511111111,0.4,0.4,0.733333333,340071,BETSY JOHNSON REGIONAL  HOSPITAL
0.294572858,2149,0.314222222,0.311111111,0,0.54,0.3,420009,GHS OCONEE MEMORIAL  HOSPITAL
0.29651958,2824,0.393222222,0.711111111,0.4,0.37,0.2,200039,MAINEGENERAL MEDICAL CENTER
0.296691893,2760,0.545,0.53,0.5,0.58,0.55,490066,SENTARA WILLIAMSBURG REGIONAL MEDICAL CENTER
0.297210898,2325,0.430454545,0.727272727,0,0.39,0.56,170016,ST FRANCIS HEALTH CENTER INC
0.297720108,4300,0.297909091,0.154545455,0.3,0.39,0.3,110082,"SAINT JOSEPH'S HOSPITAL OF ATLANTA, INC"
0.299456619,8641,0.242909091,0.454545455,0.1,0.2,0.24,490024,CARILION ROANOKE MEMORIAL HOSPITAL
0.300116762,2898,0.571,0.8,0.3,0.81,0.36,340021,CAROLINAS HEALTHCARE SYSTEM CLEVELAND
0.30089188,3701,0.523818182,0.509090909,0.1,0.78,0.56,100151,MAYO CLINIC
0.303460191,2818,0.461,0.63,0.1,0.53,0.52,110038,JOHN D ARCHBOLD MEMORIAL HOSPITAL
0.303985922,5280,0.395272727,0.336363636,0.2,0.36,0.6,180013,THE MEDICAL CENTER AT BOWLING GREEN
0.304377707,4298,0.48,0.6,0.3,0.58,0.42,130006,ST LUKE'S REGIONAL MEDICAL CENTER
0.305014111,2529,0.467818182,0.409090909,0.1,0.38,0.84,360016,"JEWISH HOSPITAL, LLC"
0.307770177,7011,0.382090909,0.745454545,0.1,0.41,0.3,40114,BAPTIST HEALTH MEDICAL CENTER-LITTLE ROCK
0.308993078,2747,0.506,0.5,0.2,0.46,0.76,370047,"MERCY HOSPITAL ARDMORE, INC"
0.309124012,9209,0.270090909,0.245454545,0.1,0.33,0.34,180040,JEWISH HOSPITAL & ST MARY'S HEALTHCARE
0.309488076,2643,0.475545455,0.472727273,0.3,0.53,0.54,500005,VIRGINIA MASON MEDICAL CENTER
0.310560638,2114,0.477777778,0.488888889,0.4,0.28,0.72,230193,MCLAREN LAPEER REGION
0.310607917,3198,0.41,0.64,0.3,0.48,0.26,110025,SOUTHEAST GEORGIA HEALTH SYSTEM- BRUNSWICK CAMPUS
0.310889038,2202,0.237090909,0.745454545,0.2,0.1,0.06,170020,HUTCHINSON REGIONAL MEDICAL CENTER INC
0.311376008,4044,0.284454545,0.227272727,0.4,0.19,0.34,230167,MCLAREN GREATER LANSING
0.312244144,3262,0.560545455,0.672727273,0,0.6,0.82,360008,SOUTHERN OHIO MEDICAL CENTER
0.312391175,2533,0.442111111,0.455555556,0.6,0.32,0.45,240210,HEALTHEAST ST JOHN'S HOSPITAL
0.314382022,4588,0.529363636,0.781818182,0.2,0.65,0.46,340061,UNIVERSITY OF NORTH CAROLINA HOSPITAL
0.314624024,2257,0.577,0.83,0.6,0.47,0.5,240207,FAIRVIEW RIDGES HOSPITAL
0.31471162,5820,0.431181818,0.690909091,0.1,0.51,0.4,110028,UNIVERSITY HOSPITAL
0.316071015,3877,0.299,0.19,0,0.49,0.38,440053,SAINT THOMAS RUTHERFORD HOSPITAL
0.316363246,2417,0.486777778,0.788888889,0.4,0.19,0.64,340171,PRESBYTERIAN HOSPITAL MATTHEWS
0.316563261,2310,0.618888889,0.544444444,0.6,0.48,0.82,140002,ALTON MEMORIAL HOSPITAL
0.316964918,7792,0.549636364,0.618181818,0.3,0.74,0.48,240010,MAYO CLINIC HOSPITAL ROCHESTER
0.31731602,7648,0.336,0.5,0.1,0.36,0.36,230070,COVENANT MEDICAL CENTER
0.317576475,2558,0.454181818,0.790909091,0.1,0.44,0.48,250034,BAPTIST MEMORIAL HOSPITAL NORTH MS
0.317861625,4602,0.389727273,0.463636364,0.3,0.59,0.2,230017,BRONSON METHODIST HOSPITAL
0.318771957,2994,0.413818182,0.709090909,0.1,0.56,0.28,190008,TERREBONNE GENERAL MEDICAL CENTER
0.322299155,4856,0.443,0.73,0,0.63,0.36,490046,SENTARA LEIGH HOSPITAL
0.324942958,4606,0.437818182,0.809090909,0,0.58,0.34,150002,METHODIST HOSPITALS INC
0.325387859,2203,0.305,0.58,0.3,0.11,0.32,320002,ST VINCENT HOSPITAL
0.326484946,8665,0.484727273,0.463636364,0.1,0.66,0.58,440091,"MEMORIAL HEALTHCARE SYSTEM, INC"
0.327337266,7916,0.349363636,0.581818182,0.1,0.27,0.44,390100,LANCASTER GENERAL HOSPITAL
0.327416861,2617,0.746,0.85,0.3,0.98,0.74,370215,OKLAHOMA HEART HOSPITAL
0.327531867,4337,0.288818182,0.709090909,0,0.25,0.24,30006,TUCSON MEDICAL CENTER
0.328302078,2567,0.444444444,0.522222222,0.2,0.68,0.32,490044,SENTARA OBICI HOSPITAL
0.328864543,3644,0.481181818,0.890909091,0,0.59,0.42,140186,RIVERSIDE MEDICAL CENTER
0.329633079,7603,0.481363636,0.681818182,0.3,0.31,0.64,450054,SCOTT & WHITE MEMORIAL HOSPITAL
0.330736389,3768,0.224,0.3,0.1,0.2,0.28,440104,ERLANGER MEDICAL CENTER
0.331010157,3412,0.294,0.51,0,0.44,0.2,280020,CHI HEALTH ST ELIZABETH
0.33106574,5402,0.385090909,0.545454545,0,0.26,0.66,100026,BAY MEDICAL CENTER SACRED HEART HEALTH SYSTEM
0.331443018,3057,0.328818182,0.609090909,0,0.23,0.46,230254,CRITTENTON HOSPITAL MEDICAL CENTER
0.334252785,3291,0.215818182,0.209090909,0,0.32,0.26,10078,NORTHEAST ALABAMA REGIONAL MED CENTER
0.334528375,2560,0.259111111,0.155555556,0,0.1,0.66,370025,EASTAR HEALTH SYSTEM
0.335975697,3202,0.343909091,0.354545455,0,0.41,0.5,360086,SPRINGFIELD REGIONAL MEDICAL CENTER
0.337291777,6884,0.466272727,0.636363636,0,0.57,0.56,150125,COMMUNITY HOSPITAL
0.339969734,3112,0.559090909,0.545454545,0.3,0.52,0.78,450571,SHANNON MEDICAL CENTER
0.340119224,3756,0.447,0.44,0.1,0.29,0.84,110069,HOUSTON MEDICAL CENTER
0.340464071,5249,0.363636364,0.418181818,0.2,0.36,0.44,110087,GWINNETT MEDICAL CENTER
0.340695801,2478,0.453555556,0.577777778,0.1,0.51,0.55,360144,SOUTH POINTE HOSPITAL
0.34237189,3602,0.44,0.5,0.5,0.4,0.4,500030,PEACEHEALTH ST JOSEPH MEDICAL CENTER
0.343974431,3398,0.391454545,0.727272727,0,0.4,0.42,150051,INDIANA UNIVERSITY HEALTH BLOOMINGTON HOSPITAL
0.344384441,2502,0.4115,0.3,0.4,0.43,0.475,140166,ST MARYS HOSPITAL
0.34489673,3150,0.487,0.85,0.1,0.57,0.42,490093,SENTARA CAREPLEX HOSPITAL
0.345028867,2165,0.406454545,0.427272727,0,0.61,0.46,190236,WILLIS KNIGHTON BOSSIER HEALTH CENTER
0.346520457,4866,0.385363636,0.981818182,0,0.09,0.54,40055,SPARKS REGIONAL MEDICAL CENTER
0.347006081,3059,0.439454545,0.727272727,0,0.62,0.36,520070,MAYO CLINIC HEALTH SYSTEM EAU CLAIRE HOSPITAL
0.34712829,2240,0.431454545,0.527272727,0.1,0.6,0.42,520013,SACRED HEART HOSPITAL
0.347786076,6789,0.470636364,0.418181818,0.3,0.63,0.46,240036,ST CLOUD HOSPITAL
0.348160947,2730,0.367636364,0.518181818,0,0.38,0.5,170049,OLATHE MEDICAL CENTER
0.348787867,2489,0.469277778,0.488888889,0.2,0.63,0.475,420098,WACCAMAW COMMUNITY HOSPITAL
0.349821996,3690,0.466545455,0.772727273,0,0.58,0.46,100068,FLORIDA HOSPITAL MEMORIAL MEDICAL CENTER
0.350120158,5329,0.416181818,0.590909091,0.2,0.38,0.48,360098,LAKE HEALTH
0.350462184,2372,0.443454545,0.627272727,0,0.36,0.7,520021,UNITED HOSPITAL SYSTEM
0.350960774,4130,0.341,0.6,0.1,0.11,0.56,330306,LUTHERAN MEDICAL CENTER
0.352818473,2915,0.352636364,0.518181818,0,0.41,0.42,150126,FRANCISCAN ST ANTHONY HEALTH - CROWN POINT
0.353028953,2872,0.431,0.34,0,0.53,0.68,230176,OAKWOOD HOSPITAL - SOUTHSHORE
0.353081666,5482,0.313454545,0.427272727,0,0.24,0.52,320021,PRESBYTERIAN HOSPITAL
0.353723674,5147,0.233272727,0.536363636,0,0.18,0.24,70033,DANBURY HOSPITAL
0.35640514,4079,0.435454545,0.827272727,0,0.3,0.6,150012,SAINT JOSEPH REGIONAL MEDICAL CENTER
0.356738172,5282,0.294636364,0.518181818,0.1,0.31,0.26,40007,ST VINCENT INFIRMARY MEDICAL CENTER
0.358054458,3414,0.681363636,0.681818182,0.4,0.85,0.7,30103,MAYO CLINIC HOSPITAL
0.35904365,3847,0.442818182,0.409090909,0.2,0.53,0.54,450610,MEMORIAL HERMANN MEMORIAL CITY MEDICAL CENTER
0.359045995,3423,0.453454545,0.427272727,0.1,0.38,0.78,110078,EMORY UNIVERSITY HOSPITAL MIDTOWN
0.359360807,3400,0.484444444,0.622222222,0,0.54,0.66,220101,NEWTON-WELLESLEY HOSPITAL
0.359860095,4012,0.326,0.6,0.1,0.24,0.38,100017,HALIFAX HEALTH MEDICAL CENTER
0.359919929,4213,0.550818182,0.809090909,0.1,0.53,0.7,240078,FAIRVIEW SOUTHDALE HOSPITAL
0.361140221,4617,0.329454545,0.527272727,0.1,0.5,0.18,520177,FROEDTERT MEMORIAL LUTHERAN HOSPITAL
0.362001847,2952,0.333545455,0.672727273,0.2,0.37,0.16,520037,MINISTRY SAINT JOSEPHS HOSPITAL
0.362070806,2425,0.479,0.41,0.2,0.63,0.56,360354,"WEST CHESTER HOSPITAL, LLC"
0.362101271,4148,0.421,0.86,0,0.61,0.22,330304,WHITE PLAINS HOSPITAL CENTER
0.365450053,3094,0.344090909,0.445454545,0,0.39,0.46,300034,CATHOLIC MEDICAL CENTER
0.365584478,8948,0.472272727,0.936363636,0,0.25,0.7,230269,"BEAUMONT HOSPITAL, TROY"
0.365960363,2575,0.487444444,0.322222222,0.3,0.57,0.64,340090,JOHNSTON HEALTH
0.367539188,2452,0.287,0.61,0,0.25,0.3,100118,FLORIDA HOSPITAL FLAGLER
0.367636803,8297,0.330818182,0.409090909,0,0.31,0.52,230020,OAKWOOD HOSPITAL - DEARBORN
0.368433978,3513,0.288272727,0.136363636,0,0.33,0.54,10023,BAPTIST MEDICAL CENTER SOUTH
0.369225925,2273,0.452727273,0.663636364,0.1,0.76,0.24,40118,NEA BAPTIST MEMORIAL HOSPITAL
0.3695303,2860,0.393,0.56,0.4,0.33,0.34,320005,SAN JUAN REGIONAL MEDICAL CENTER
0.369792415,2567,0.427,0.72,0.5,0.33,0.28,110001,HAMILTON MEDICAL CENTER
0.369935462,2279,0.289277778,0.588888889,0.1,0.23,0.275,500077,PROVIDENCE HOLY FAMILY HOSPITAL
0.371212433,3053,0.401,0.7,0,0.31,0.56,140116,CENTEGRA HEALTH SYSTEM - MC HENRY HOSPITAL
0.371416018,4675,0.491181818,0.490909091,0.3,0.31,0.8,330057,ST PETER'S HOSPITAL
0.371893418,5256,0.384,0.39,0,0.4,0.62,140213,SILVER CROSS HOSPITAL  AND MEDICAL CENTERS
0.3721757,5014,0.474090909,0.645454545,0,0.47,0.68,360230,HILLCREST HOSPITAL
0.375901393,8783,0.339272727,0.336363636,0.1,0.3,0.54,510022,CHARLESTON AREA MEDICAL CENTER
0.37625143,3431,0.340454545,0.427272727,0,0.43,0.42,280040,THE NEBRASKA METHODIST HOSPITAL
0.376308457,3500,0.319909091,0.654545455,0,0.41,0.22,500058,KADLEC REGIONAL MEDICAL CENTER
0.376916357,5191,0.301272727,0.336363636,0,0.5,0.28,150021,PARKVIEW REGIONAL MEDICAL CENTER
0.37786608,2509,0.275181818,0.490909091,0,0.23,0.36,530012,WYOMING MEDICAL CENTER
0.378320992,2134,0.245777778,0.388888889,0,0.1,0.46,330193,FLUSHING HOSPITAL MEDICAL CENTER
0.379049199,4866,0.392636364,0.518181818,0.2,0.57,0.26,440015,THE UNIVERSITY OF TN MEDICAL CENTER
0.381883321,3429,0.541,0.4,0.4,0.59,0.68,160045,ST LUKES HOSPITAL
0.383538165,2454,0.298454545,0.327272727,0.1,0.25,0.46,30012,YAVAPAI REGIONAL MEDICAL CENTER
0.384026489,4371,0.491909091,0.854545455,0,0.51,0.56,10056,ST VINCENT'S BIRMINGHAM
0.384675181,5555,0.251272727,0.236363636,0,0.42,0.26,450231,BAPTIST ST ANTHONY'S HOSPITAL
0.385131927,3122,0.25,0.5,0,0.2,0.3,490075,DANVILLE REGIONAL MEDICAL CENTER
0.386119752,3342,0.297909091,0.754545455,0,0.29,0.2,150018,ELKHART GENERAL HOSPITAL
0.38677762,2114,0.300909091,0.454545455,0,0.22,0.48,450101,HILLCREST BAPTIST MEDICAL CENTER
0.386917961,4419,0.388636364,0.618181818,0.2,0.69,0.06,110010,EMORY UNIVERSITY HOSPITAL
0.388295774,7797,0.249909091,0.454545455,0.3,0.21,0.12,160083,MERCY MEDICAL CENTER-DES MOINES
0.388348604,2744,0.424,0.5,0,0.76,0.32,260001,MERCY HOSPITAL JOPLIN
0.388422248,2274,0.5065,0.77,0.3,0.45,0.525,510055,CABELL HUNTINGTON HOSPITAL INC
0.388720309,2197,0.426444444,0.722222222,0,0.44,0.5,100072,FLORIDA HOSPITAL FISH MEMORIAL
0.388766574,3793,0.369454545,0.527272727,0,0.68,0.2,520008,WAUKESHA MEMORIAL HOSPITAL
0.389284468,5766,0.584181818,0.590909091,0.2,0.84,0.58,520083,ST MARYS HOSPITAL
0.390076588,3747,0.389722222,0.711111111,0,0.35,0.475,370013,"MERCY HOSPITAL OKLAHOMA CITY, INC"
0.39110976,2269,0.41,0.63,0.1,0.34,0.54,490113,SENTARA NORTHERN VIRGINIA MEDICAL CENTER
0.391223585,3716,0.516545455,0.572727273,0,0.48,0.86,300001,CONCORD HOSPITAL
0.39283039,3907,0.324363636,0.781818182,0,0.26,0.3,390004,HOLY SPIRIT HOSPITAL
0.393111423,3688,0.399909091,0.654545455,0.1,0.49,0.34,340155,DUKE REGIONAL HOSPITAL
0.394191453,4951,0.263636364,0.318181818,0.1,0.26,0.34,440120,TENNOVA HEALTHCARE
0.395089245,4821,0.456727273,0.563636364,0.1,0.32,0.76,360027,AKRON GENERAL MEDICAL CENTER
0.395535515,6370,0.405454545,0.527272727,0,0.52,0.48,440082,SAINT THOMAS WEST HOSPITAL
0.395776191,3481,0.292,0.49,0.1,0.3,0.28,150074,COMMUNITY HOSPITAL EAST
0.398700598,3951,0.265636364,0.618181818,0.2,0.26,0.08,330153,ELLIS HOSPITAL
0.398900589,5082,0.475454545,0.627272727,0.1,0.42,0.68,150023,UNION HOSPITAL INC
0.39986388,4012,0.431,0.7,0,0.61,0.36,180103,BAPTIST HEALTH LEXINGTON
0.402618841,4247,0.410181818,0.490909091,0.3,0.34,0.5,240001,NORTH MEMORIAL MEDICAL CENTER
0.403746064,2574,0.274636364,0.518181818,0,0.19,0.38,460047,ST MARKS HOSPITAL
0.404433236,3514,0.228181818,0.290909091,0.1,0.28,0.22,250001,UNIVERSITY OF MISSISSIPPI MED CENTER
0.404518088,3923,0.202181818,0.290909091,0,0.26,0.22,420002,PIEDMONT MEDICAL CENTER
0.405242973,3218,0.284,0.26,0.2,0.26,0.38,110215,PIEDMONT FAYETTE HOSPITAL
0.405710801,4781,0.423363636,0.481818182,0,0.37,0.72,360066,ST RITA'S MEDICAL CENTER
0.406258744,2230,0.427,0.5,0,0.47,0.62,450176,MISSION REGIONAL MEDICAL CENTER
0.406449846,4755,0.581636364,0.818181818,0.2,0.6,0.66,490057,SENTARA VIRGINIA BEACH GENERAL HOSPITAL
0.406453025,4814,0.335727273,0.263636364,0.2,0.17,0.64,190036,OCHSNER MEDICAL CENTER
0.406784876,2876,0.252818182,0.409090909,0.3,0.25,0.12,330250,CHAMPLAIN VALLEY PHYSICIANS HOSPITAL MEDICAL CTR
0.407826573,2582,0.283909091,0.354545455,0.3,0.33,0.18,380047,ST CHARLES MEDICAL CENTER - BEND
0.410971711,3775,0.372727273,0.663636364,0,0.46,0.34,140015,BLESSING HOSPITAL
0.411657778,5513,0.364727273,0.563636364,0,0.54,0.3,280003,BRYAN MEDICAL CENTER
0.413054627,2630,0.501954545,0.527272727,0.4,0.38,0.675,240063,ST JOSEPH'S HOSPITAL
0.413117988,2600,0.306,0.65,0.1,0.16,0.36,440011,BLOUNT MEMORIAL HOSPITAL
0.413150922,2878,0.3705,0.6,0,0.41,0.425,150169,COMMUNITY HOSPITAL NORTH
0.413435346,2417,0.3055,0.3,0.2,0.31,0.375,490053,JOHNSTON MEMORIAL HOSPITAL
0.413815056,5682,0.471272727,0.836363636,0.2,0.6,0.28,340098,CAROLINAS HEALTHCARE SYSTEM PINEVILLE
0.414081879,4987,0.348272727,0.736363636,0,0.17,0.5,340053,NOVANT HEALTH PRESBYTERIAN MEDICAL CENTER
0.416188205,5498,0.369272727,0.536363636,0.2,0.38,0.36,230117,BORGESS MEDICAL CENTER
0.417329664,4267,0.497363636,0.881818182,0,0.65,0.42,420087,ROPER HOSPITAL
0.417547941,3005,0.280363636,0.681818182,0,0.32,0.16,450280,BAYLOR MEDICAL CENTER AT GARLAND
0.420758713,6532,0.305,0.52,0,0.19,0.48,100290,"VILLAGES REGIONAL HOSPITAL, THE"
0.42303596,2216,0.445,0.77,0.3,0.27,0.5,490041,MARY IMMACULATE HOSPITAL
0.42350255,2115,0.359,0.43,0,0.59,0.32,150128,COMMUNITY HOSPITAL SOUTH
0.424039615,2373,0.367,0.34,0.1,0.55,0.38,390268,MOUNT NITTANY MEDICAL CENTER
0.424600328,2424,0.429272727,0.636363636,0.1,0.42,0.52,380009,OHSU HOSPITAL AND CLINICS
0.425375775,11160,0.372818182,0.409090909,0,0.39,0.58,450184,MEMORIAL HERMANN HOSPITAL SYSTEM
0.425728282,7784,0.459727273,0.563636364,0.1,0.53,0.56,100087,SARASOTA MEMORIAL HOSPITAL
0.427055587,5767,0.272818182,0.509090909,0,0.17,0.4,140172,FRANCISCAN ST JAMES HEALTH
0.428340199,5973,0.287909091,0.254545455,0,0.17,0.62,330236,NEW YORK METHODIST HOSPITAL
0.430277494,3782,0.373454545,0.627272727,0.1,0.34,0.42,80007,BEEBE MEDICAL CENTER
0.430292581,2140,0.477,0.52,0.2,0.43,0.68,450684,MEMORIAL HERMANN NORTHEAST
0.431061763,2452,0.372272727,0.736363636,0.3,0.2,0.35,240004,HENNEPIN COUNTY MEDICAL CENTER 1
0.431265089,2273,0.285,0.51,0,0.29,0.32,490136,BON SECOURS ST FRANCIS MEDICAL CENTER
0.431426591,2643,0.477,0.47,0.4,0.39,0.62,340039,IREDELL MEMORIAL HOSPITAL INC
0.432373021,3134,0.454363636,0.681818182,0.6,0.32,0.34,120001,THE QUEENS MEDICAL CENTER
0.432758784,2576,0.581,0.77,0.2,0.63,0.66,490119,SENTARA PRINCESS ANNE HOSPITAL
0.432999174,4485,0.39,0.7,0.2,0.36,0.34,490069,BON SECOURS MEMORIAL REGIONAL MEDICAL CENTER
0.43323538,4252,0.457454545,0.527272727,0.5,0.3,0.54,500014,PROVIDENCE REGIONAL MEDICAL CENTER EVERETT
0.433923385,2554,0.482090909,0.745454545,0,0.41,0.7,140291,ADVOCATE GOOD SHEPHERD HOSPITAL
0.436074157,3456,0.328,0.49,0.4,0.28,0.22,500088,VALLEY MEDICAL CENTER
0.436133692,2261,0.487636364,0.618181818,0.2,0.56,0.52,260081,SSM ST CLARE HEALTH CENTER
0.437067669,4720,0.287,0.4,0,0.35,0.34,490059,BON SECOURS ST MARYS HOSPITAL
0.438140844,2171,0.336,0.6,0,0.52,0.2,450563,BAYLOR REGIONAL MEDICAL CENTER AT GRAPEVINE
0.439098313,6644,0.271636364,0.518181818,0,0.18,0.38,110107,MEDICAL CENTER OF CENTRAL GEORGIA
0.441590699,3024,0.482909091,0.554545455,0,0.56,0.68,390179,CHESTER COUNTY HOSPITAL
0.442683405,3232,0.202,0.2,0,0.16,0.38,330350,UNIVERSITY HOSPITAL OF BROOKLYN ( DOWNSTATE )
0.44284801,5467,0.302272727,0.436363636,0.1,0.11,0.54,100084,LEESBURG REGIONAL MEDICAL CENTER
0.443703329,2397,0.270888889,0.144444444,0.1,0.32,0.42,420068,TRMC OF ORANGEBURG & CALHOUN
0.444096115,2681,0.504818182,0.709090909,0.3,0.37,0.64,500051,OVERLAKE HOSPITAL MEDICAL CENTER
0.444385709,3344,0.425818182,0.509090909,0,0.5,0.58,10024,JACKSON HOSPITAL & CLINIC INC
0.445083079,3388,0.419818182,0.709090909,0.1,0.46,0.4,110043,ST JOSEPH'S HOSPITAL - SAVANNAH
0.446596123,6411,0.406181818,0.590909091,0,0.68,0.28,250102,MISSISSIPPI BAPTIST MEDICAL CENTER
0.448423001,8632,0.372545455,0.572727273,0,0.44,0.42,10092,D C H REGIONAL MEDICAL CENTER
0.448761785,4015,0.528,0.6,0,0.5,0.86,360077,FAIRVIEW HOSPITAL
0.449028869,2748,0.374545455,0.572727273,0.1,0.2,0.6,290009,SAINT MARY'S REGIONAL MEDICAL CENTER
0.449212296,5601,0.440181818,0.590909091,0.2,0.24,0.7,230092,ALLEGIANCE HEALTH
0.450548045,4825,0.303181818,0.390909091,0,0.27,0.48,360179,BETHESDA NORTH
0.451036305,2625,0.458111111,0.955555556,0,0.19,0.7,390185,LEHIGH VALLEY HOSPITAL - HAZLETON
0.451151985,2953,0.242,0.51,0.1,0.14,0.26,110191,PIEDMONT HENRY HOSPITAL
0.451224144,6705,0.420272727,0.636363636,0.1,0.31,0.6,490022,"MARY WASHINGTON HOSPITAL, INC"
0.452347083,2936,0.444,0.75,0,0.34,0.64,140250,ADVOCATE SOUTH SUBURBAN HOSPITAL
0.453324711,2360,0.350454545,0.627272727,0,0.35,0.4,150004,FRANCISCAN ST MARGARET HEALTH - HAMMOND
0.453870649,3316,0.430111111,0.755555556,0,0.48,0.45,360143,MARYMOUNT HOSPITAL
0.455564793,2694,0.462111111,0.855555556,0,0.41,0.56,520139,AURORA WEST ALLIS MEDICAL CENTER
0.455740466,3418,0.359444444,0.822222222,0,0.25,0.4,330353,FOREST HILLS HOSPITAL
0.455763079,3433,0.447111111,0.755555556,0.1,0.44,0.48,330208,ST JOHN'S RIVERSIDE HOSPITAL
0.457233024,3031,0.352,0.4,0.1,0.38,0.46,450137,BAYLOR ALL SAINTS MEDICAL CENTER AT FW
0.457520195,9860,0.274909091,0.354545455,0,0.24,0.44,100018,NAPLES COMMUNITY HOSPITAL
0.457557773,2961,0.204777778,0.588888889,0,0.17,0.12,230273,DETROIT RECEIVING HOSPITAL & UNIV HEALTH CENTER
0.458976737,4026,0.307545455,0.472727273,0,0.35,0.36,430077,RAPID CITY REGIONAL HOSPITAL
0.458992738,3406,0.413,0.34,0.3,0.45,0.5,60010,POUDRE VALLEY HOSPITAL
0.459890457,2770,0.342818182,0.709090909,0,0.19,0.48,140054,MACNEAL  HOSPITAL
0.460393892,5229,0.333,0.9,0,0.31,0.2,100057,FLORIDA HOSPITAL WATERMAN
0.460464894,2141,0.295363636,0.681818182,0,0.23,0.3,520051,COLUMBIA ST MARYS HOSPITAL MILWAUKEE
0.46113751,3666,0.358636364,0.518181818,0,0.53,0.32,40004,WASHINGTON REGIONAL MED CTR AT NORTH HILLS
0.462616628,4617,0.458818182,0.509090909,0,0.85,0.34,190002,LAFAYETTE GENERAL MEDICAL CENTER
0.46308279,5119,0.373727273,0.563636364,0,0.45,0.42,450037,GOOD SHEPHERD MEDICAL CENTER
0.463779216,6266,0.437727273,0.763636364,0,0.17,0.78,390044,READING HOSPITAL
0.464131278,4100,0.420181818,0.690909091,0,0.58,0.36,190125,ST FRANCIS MEDICAL CENTER
0.464672336,7725,0.390363636,0.681818182,0.1,0.22,0.56,100040,ST VINCENT'S MEDICAL CENTER
0.465011784,2652,0.41,0.7,0.3,0.32,0.38,340173,"WAKEMED, CARY HOSPITAL"
0.466311043,6109,0.411909091,0.554545455,0.2,0.49,0.38,420007,SPARTANBURG REGIONAL MEDICAL CENTER
0.466887871,7474,0.29,0.58,0,0.42,0.16,450021,BAYLOR UNIVERSITY MEDICAL CENTER
0.466939268,2219,0.369363636,0.581818182,0.2,0.17,0.54,130018,EASTERN IDAHO REGIONAL MEDICAL CENTER
0.468155205,5679,0.361363636,0.581818182,0.1,0.33,0.42,10001,SOUTHEAST ALABAMA MEDICAL CENTER
0.469290572,2851,0.373545455,0.672727273,0.1,0.27,0.46,10011,ST VINCENT'S EAST
0.469574326,2373,0.495,0.69,0.6,0.61,0.18,110095,TIFT REGIONAL MEDICAL CENTER
0.470503236,3595,0.446727273,0.763636364,0,0.52,0.46,360017,GRANT MEDICAL CENTER
0.470750098,3935,0.322636364,0.718181818,0.1,0.35,0.18,150058,MEMORIAL HOSPITAL OF SOUTH BEND
0.47098556,2378,0.306454545,0.227272727,0,0.37,0.5,450023,CITIZENS MEDICAL CENTER
0.471264358,2652,0.393272727,0.136363636,0,0.5,0.72,190041,CHRISTUS HEALTH SHREVEPORT - BOSSIER
0.471376043,4587,0.381636364,0.618181818,0,0.28,0.58,360155,SOUTHWEST GENERAL HEALTH CENTER
0.472445613,3175,0.427454545,0.527272727,0.5,0.22,0.52,380018,ASANTE ROGUE REGIONAL MEDICAL CENTER
0.473228706,2355,0.236555556,0.177777778,0,0.13,0.54,140133,HOLY CROSS HOSPITAL
0.473558377,3231,0.581818182,0.509090909,0.6,0.48,0.72,520089,MERITER HOSPITAL
0.475474162,8801,0.415272727,0.636363636,0,0.42,0.54,360006,RIVERSIDE METHODIST HOSPITAL
0.478065892,3655,0.408,0.6,0,0.42,0.54,390256,MILTON S HERSHEY MEDICAL CENTER
0.479446009,2402,0.359636364,0.718181818,0,0.38,0.34,450079,BAYLOR MEDICAL CENTER AT IRVING
0.481511021,6909,0.339454545,0.327272727,0.2,0.32,0.46,230230,EDWARD W SPARROW HOSPITAL
0.481948338,6335,0.468909091,0.654545455,0.1,0.48,0.58,170086,STORMONT-VAIL HEALTHCARE
0.48222205,2248,0.385,0.5,0.3,0.27,0.48,170146,PROVIDENCE MEDICAL CENTER
0.482981608,2542,0.399,0.8,0.1,0.17,0.56,490107,RESTON HOSPITAL CENTER
0.483725877,2472,0.458272727,0.736363636,0.1,0.35,0.62,140118,METROSOUTH MEDICAL CENTER
0.483786682,3285,0.296090909,0.445454545,0,0.27,0.42,390001,GEISINGER - COMMUNITY MEDICAL CENTER
0.485375726,5550,0.428727273,0.763636364,0,0.42,0.5,150162,FRANCISCAN ST FRANCIS HEALTH - INDIANAPOLIS
0.485450438,3423,0.388,0.8,0,0.56,0.2,450686,UNIVERSITY MEDICAL CENTER
0.485501762,2896,0.486,0.4,0.2,0.52,0.7,60001,NORTH COLORADO MEDICAL CENTER
0.485828434,3046,0.273666667,0.333333333,0,0.17,0.52,330004,HEALTHALLIANCE HOSPITAL BROADWAY CAMPUS
0.486357108,4765,0.237636364,0.518181818,0.1,0.2,0.18,250141,BAPTIST MEMORIAL HOSPITAL DESOTO
0.489452782,4606,0.259444444,0.622222222,0,0.19,0.26,100244,CAPE CORAL HOSPITAL
0.489786551,5073,0.327454545,0.627272727,0.2,0.34,0.2,240106,REGIONS HOSPITAL
0.489993058,5022,0.549545455,0.572727273,0,0.71,0.74,360163,CHRIST HOSPITAL
0.490286984,7570,0.332818182,0.409090909,0.1,0.27,0.5,70002,ST FRANCIS HOSPITAL & MEDICAL CENTER
0.490447339,2171,0.320636364,0.718181818,0,0.23,0.36,390028,UPMC MERCY
0.490619812,2539,0.373,0.29,0.3,0.33,0.52,500124,EVERGREEN HOSPITAL MEDICAL CENTER
0.49170148,2779,0.306090909,0.145454545,0.2,0.57,0.22,190060,LAKE CHARLES MEMORIAL HOSPITAL
0.492675648,5425,0.408727273,0.563636364,0.1,0.3,0.62,420078,GHS GREENVILLE MEMORIAL HOSPITAL
0.493058108,2608,0.35,0.4,0,0.6,0.3,340126,WILSON MEDICAL CENTER
0.493272301,3709,0.328636364,0.518181818,0,0.31,0.44,390201,POCONO MEDICAL CENTER
0.494132766,2512,0.272363636,0.581818182,0,0.18,0.34,110034,MEDICAL COLLEGE OF GA HOSPITALS AND CLINICS
0.494478615,5985,0.340272727,0.936363636,0,0.21,0.3,100168,BOCA RATON REGIONAL HOSPITAL
0.495039407,4378,0.338454545,0.627272727,0,0.23,0.48,160058,UNIVERSITY OF IOWA HOSPITAL & CLINICS
0.495202118,2603,0.647,0.97,0.3,0.41,0.9,100307,ST VINCENT'S MEDICAL CENTER SOUTHSIDE
0.495970371,8090,0.372272727,0.436363636,0,0.49,0.46,190111,WILLIS KNIGHTON MEDICAL CENTER
0.497570765,5055,0.487,0.7,0.1,0.65,0.44,490007,SENTARA NORFOLK GENERAL HOSPITAL
0.497579695,4628,0.453454545,0.627272727,0.5,0.4,0.36,240115,MERCY HOSPITAL
0.49815327,6845,0.490818182,0.609090909,0,0.51,0.72,140223,ADVOCATE LUTHERAN GENERAL HOSPITAL
0.498332034,5870,0.322909091,0.354545455,0,0.34,0.5,220035,NORTH SHORE MEDICAL CENTER
0.499104674,2365,0.448333333,0.766666667,0.2,0.49,0.36,340075,CMC-BLUE RIDGE
0.49921345,4588,0.428545455,0.672727273,0,0.58,0.4,450010,UNITED REGIONAL HEALTH CARE SYSTEM
0.499604354,3291,0.375454545,0.527272727,0,0.26,0.64,190019,CHRISTUS ST FRANCES CABRINI HOSPITAL
0.503414198,2424,0.285363636,0.481818182,0,0.13,0.5,450133,MIDLAND MEMORIAL HOSPITAL
0.503985426,2667,0.314,0.19,0,0.42,0.5,140048,ADVOCATE TRINITY HOSPITAL
0.504835488,3777,0.444,0.48,0,0.48,0.68,410012,MIRIAM HOSPITAL
0.505713847,3860,0.487090909,0.445454545,0.4,0.5,0.56,110168,REDMOND REGIONAL MEDICAL CENTER
0.507675922,4302,0.295636364,0.418181818,0.1,0.18,0.46,140276,LOYOLA UNIVERSITY MEDICAL CENTER
0.509988273,2213,0.402,0.63,0,0.42,0.5,310005,HUNTERDON MEDICAL CENTER
0.511608212,9882,0.395636364,0.318181818,0.1,0.4,0.64,330024,MOUNT SINAI HOSPITAL
0.511784404,5594,0.338727273,0.463636364,0,0.34,0.48,450237,CHRISTUS SANTA ROSA HOSPITAL
0.512832977,2299,0.250111111,0.655555556,0.1,0.03,0.3,330027,NASSAU UNIVERSITY MEDICAL CENTER
0.513006842,3778,0.322181818,0.590909091,0,0.34,0.34,140233,SAINT ANTHONY MEDICAL CENTER
0.513602814,2359,0.297888889,0.444444444,0.1,0.08,0.55,50135,SOUTHERN CALIFORNIA HOSPITAL AT HOLLYWOOD
0.514103961,3041,0.335727273,0.463636364,0,0.29,0.52,140239,ROCKFORD MEMORIAL HOSPITAL
0.515012147,4679,0.288636364,0.218181818,0.1,0.19,0.56,330241,UNIVERSITY HOSPITAL S U N Y HEALTH SCIENCE CENTER
0.515218205,4138,0.490818182,0.909090909,0,0.23,0.8,140191,INGALLS MEMORIAL HOSPITAL
0.519448117,8381,0.354,0.3,0,0.36,0.62,100012,LEE MEMORIAL HOSPITAL
0.520996289,2523,0.141,0.15,0,0.19,0.18,230132,HURLEY MEDICAL CENTER
0.521309792,2935,0.419666667,0.633333333,0.1,0.29,0.62,310011,CAPE REGIONAL MEDICAL CENTER INC
0.521310296,2129,0.401777778,0.688888889,0,0.26,0.62,390102,UPMC ST MARGARET
0.523576418,6544,0.397272727,0.636363636,0,0.52,0.38,340113,CAROLINAS MEDICAL CENTER/BEHAV HEALTH
0.524574158,3953,0.407,0.7,0,0.57,0.32,100093,BAPTIST HOSPITAL
0.52462192,2302,0.406333333,0.566666667,0.4,0.36,0.35,240132,UNITY HOSPITAL
0.525154618,2779,0.421636364,0.718181818,0.1,0.44,0.42,390107,UPMC PASSAVANT
0.527212228,7271,0.510636364,0.418181818,0.5,0.41,0.68,110029,"NORTHEAST GEORGIA MEDICAL CENTER, INC"
0.528705941,2550,0.439636364,0.718181818,0.4,0.36,0.36,500001,NORTHWEST HOSPITAL
0.529867193,5651,0.383090909,0.445454545,0.3,0.4,0.38,160082,IOWA METHODIST MEDICAL CENTER
0.530017124,6991,0.258363636,0.181818182,0,0.18,0.56,100062,MUNROE REGIONAL MEDICAL CENTER
0.532115782,2921,0.285818182,0.409090909,0,0.28,0.4,180029,HAZARD ARH REGIONAL MEDICAL CENTER
0.532497202,2863,0.462,0.6,0,0.86,0.28,250009,MAGNOLIA REGIONAL HEALTH CENTER
0.533418618,7600,0.374363636,0.581818182,0,0.56,0.3,340069,"WAKEMED, RALEIGH CAMPUS"
0.534709009,3086,0.561318182,0.609090909,0,0.69,0.775,140065,ADVENTIST LA GRANGE MEMORIAL HOSPITAL
0.535707465,4017,0.402545455,0.472727273,0.1,0.58,0.38,450229,HENDRICK MEDICAL CENTER
0.537583425,2854,0.310181818,0.590909091,0,0.2,0.44,390050,ALLEGHENY GENERAL HOSPITAL
0.537735187,2153,0.249666667,0.333333333,0,0.25,0.36,330181,GLEN COVE HOSPITAL
0.537761115,3806,0.187454545,0.127272727,0,0.14,0.4,100023,CITRUS MEMORIAL HOSPITAL
0.539196271,3300,0.408,0.6,0,0.4,0.56,450723,METHODIST CHARLTON MEDICAL CENTER
0.53926341,2712,0.462636364,0.618181818,0,0.59,0.54,140122,HINSDALE HOSPITAL
0.542625704,4257,0.427,0.47,0,0.37,0.74,100265,MEASE COUNTRYSIDE HOSPITAL
0.543505848,3574,0.382454545,0.727272727,0,0.49,0.3,450869,DOCTORS HOSPITAL AT RENAISSANCE
0.543767776,2778,0.424722222,0.811111111,0,0.35,0.525,450064,TEXAS HEALTH ARLINGTON MEMORIAL HOSPITAL
0.544799109,2968,0.355555556,0.577777778,0,0.18,0.62,330061,LAWRENCE HOSPITAL CENTER
0.545003307,5623,0.320454545,0.627272727,0,0.45,0.2,140252,NORTHWEST COMMUNITY HOSPITAL 1
0.545459237,3173,0.428363636,0.481818182,0.1,0.46,0.58,360134,GOOD SAMARITAN HOSPITAL
0.546008175,8362,0.500454545,0.627272727,0,0.45,0.8,140208,ADVOCATE CHRIST HOSPITAL & MEDICAL CENTER
0.546060694,8401,0.256272727,0.636363636,0,0.19,0.24,170122,"VIA CHRISTI HOSPITALS WICHITA, INC"
0.548347098,3889,0.315272727,0.736363636,0,0.3,0.26,100135,TALLAHASSEE MEMORIAL HOSPITAL
0.548632145,6354,0.387727273,0.663636364,0,0.27,0.58,330055,NEW YORK HOSPITAL MEDICAL CENTER OF QUEENS
0.549364795,2658,0.335909091,0.454545455,0.1,0.49,0.26,450639,TEXAS HEALTH HARRIS METHODIST HURST-EULESS-BEDFORD
0.550426147,2940,0.362090909,0.745454545,0,0.37,0.34,110164,COLISEUM MEDICAL CENTERS
0.552217035,9852,0.453545455,0.572727273,0,0.29,0.84,140010,EVANSTON HOSPITAL
0.552442589,2534,0.398,0.51,0.4,0.3,0.42,110079,GRADY MEMORIAL HOSPITAL
0.554188801,3207,0.482318182,0.709090909,0,0.71,0.425,450044,UT SOUTHWESTERN UNIVERSITY HOSPITAL ST PAUL
0.555179264,2848,0.374727273,0.763636364,0,0.34,0.4,450051,METHODIST DALLAS MEDICAL CENTER
0.556195424,2494,0.347636364,0.418181818,0,0.36,0.52,450209,NORTHWEST TEXAS HOSPITAL
0.557225885,3571,0.327454545,0.527272727,0,0.26,0.48,50382,CITRUS VALLEY MEDICAL CENTER-IC CAMPUS
0.557747271,4657,0.338,0.5,0.2,0.28,0.38,240038,UNITED HOSPITAL
0.559102357,11877,0.330363636,0.481818182,0,0.26,0.52,180088,NORTON HOSPITAL/NORTON MEDICAL PAVILIONS/KOSAIR CH
0.560213004,3141,0.449818182,0.809090909,0,0.44,0.52,280060,CHI HEALTH BERGAN MERCY
0.560734756,5501,0.375272727,0.736363636,0,0.42,0.34,100127,MORTON PLANT HOSPITAL
0.560951728,3065,0.326090909,0.645454545,0.1,0.37,0.22,290019,CARSON TAHOE REGIONAL MEDICAL CENTER
0.561034062,2129,0.477722222,0.611111111,0,0.56,0.625,340073,DUKE HEALTH RALEIGH HOSPITAL
0.56123445,4698,0.377636364,0.418181818,0.6,0.34,0.24,500050,PEACEHEALTH SOUTHWEST MEDICAL CENTER
0.561308683,3241,0.430363636,0.681818182,0,0.64,0.34,420071,SELF REGIONAL HEALTHCARE
0.56227161,2412,0.276,0.45,0,0.22,0.4,30011,CARONDELET ST JOSEPH'S HOSPITAL
0.56253221,3700,0.368,0.73,0,0.5,0.24,140179,LITTLE COMPANY OF MARY HOSPITAL
0.562708513,3821,0.422,0.6,0.1,0.46,0.48,50224,HOAG MEMORIAL HOSPITAL PRESBYTERIAN
0.564998201,3954,0.445545455,0.772727273,0,0.51,0.46,360079,KETTERING MEDICAL CENTER
0.56546321,6560,0.375545455,0.572727273,0,0.35,0.52,230046,UNIVERSITY OF MICHIGAN HEALTH SYSTEM
0.566196682,4640,0.432181818,0.690909091,0,0.52,0.46,140288,ADVOCATE GOOD SAMARITAN HOSPITAL
0.566517348,2284,0.199277778,0.688888889,0,0.08,0.125,330395,ST JOHN'S EPISCOPAL HOSPITAL AT SOUTH SHORE
0.569141041,3973,0.287909091,0.554545455,0,0.23,0.36,70028,ST VINCENT'S MEDICAL CENTER
0.570791564,8090,0.343181818,0.490909091,0.1,0.33,0.42,110035,WELLSTAR KENNESTONE HOSPITAL
0.57145323,6576,0.368181818,0.490909091,0,0.46,0.44,100075,ST JOSEPHS HOSPITAL
0.572108335,3542,0.295777778,0.288888889,0.2,0.28,0.38,410009,KENT COUNTY MEMORIAL HOSPITAL
0.574706791,4702,0.288090909,0.245454545,0.1,0.27,0.46,110083,PIEDMONT HOSPITAL
0.574847242,5302,0.425636364,0.618181818,0.1,0.38,0.56,360137,UNIVERSITY HOSPITALS CASE MEDICAL CENTER
0.576156937,7025,0.246181818,0.690909091,0,0.2,0.16,100220,GULF COAST MEDICAL CENTER LEE MEM HEALTH SYSTEM
0.576352739,6804,0.316545455,0.772727273,0,0.2,0.34,100019,HOLMES REGIONAL MEDICAL CENTER
0.57696086,2607,0.214272727,0.636363636,0,0.21,0.08,420082,AIKEN REGIONAL MEDICAL CENTER
0.577211187,2318,0.366909091,0.754545455,0,0.26,0.46,190027,CHRISTUS ST PATRICK HOSPITAL
0.577316114,7292,0.379545455,0.672727273,0.1,0.49,0.26,450135,TEXAS HEALTH HARRIS METHODIST FORT WORTH
0.578356329,5486,0.343,0.7,0.1,0.27,0.34,290001,RENOWN REGIONAL MEDICAL CENTER
0.57930802,3874,0.262636364,0.518181818,0,0.17,0.36,60022,UNIVERSITY COLO HEALTH MEMORIAL HOSPITAL CENTRAL
0.580019527,7859,0.423636364,0.618181818,0.3,0.34,0.46,240057,ABBOTT NORTHWESTERN HOSPITAL
0.582903394,6862,0.287909091,0.554545455,0,0.35,0.24,150084,ST VINCENT HOSPITAL & HEALTH SERVICES
0.583584907,2810,0.247363636,0.381818182,0,0.25,0.32,150173,INDIANA UNIVERSITY HEALTH ARNETT HOSPITAL
0.584764199,5078,0.443727273,0.963636364,0.1,0.23,0.54,490048,LEWISGALE MEDICAL CENTER
0.58560824,3984,0.293,0.49,0,0.15,0.5,110143,WELLSTAR COBB HOSPITAL
0.589614584,8981,0.313272727,0.636363636,0,0.28,0.34,440048,BAPTIST MEMORIAL HOSPITAL
0.589752649,6732,0.459090909,0.645454545,0,0.34,0.76,140062,PALOS COMMUNITY HOSPITAL
0.589782592,2378,0.422272727,0.536363636,0,0.67,0.38,450771,TEXAS HEALTH PRESBYTERIAN HOSPITAL PLANO
0.591022814,2482,0.375727273,0.663636364,0,0.25,0.56,10016,SHELBY BAPTIST MEDICAL CENTER
0.592512754,4694,0.375909091,0.654545455,0.1,0.15,0.6,330013,ALBANY MEDICAL CENTER HOSPITAL
0.592975978,4924,0.402636364,0.618181818,0.3,0.49,0.24,30061,BANNER BOSWELL MEDICAL CENTER
0.594164721,3399,0.288727273,0.363636364,0,0.36,0.36,30065,BANNER DESERT MEDICAL CENTER
0.594828711,5672,0.161545455,0.372727273,0,0.23,0.06,440063,JOHNSON CITY MEDICAL CENTER
0.596594427,3320,0.356222222,0.311111111,0,0.28,0.7,330331,PLAINVIEW HOSPITAL
0.596857655,3773,0.315545455,0.572727273,0,0.23,0.44,100001,UF HEALTH JACKSONVILLE
0.596904506,4560,0.345454545,0.427272727,0.1,0.34,0.46,60031,CENTURA HEALTH-PENROSE ST FRANCIS HEALTH SERVICES
0.597429543,2236,0.389727273,0.463636364,0,0.67,0.32,190045,ST TAMMANY PARISH HOSPITAL
0.597707864,2143,0.374636364,0.718181818,0,0.31,0.46,40071,JEFFERSON REGIONAL MEDICAL CENTER
0.598867164,4120,0.390090909,0.545454545,0.1,0.45,0.42,140091,THE CARLE FOUNDATION HOSPITAL
0.600429248,10650,0.497090909,0.645454545,0.1,0.44,0.72,520138,AURORA ST LUKES MEDICAL CENTER
0.602324131,4356,0.406272727,0.636363636,0,0.43,0.5,450034,CHRISTUS HOSPITAL
0.606865009,4464,0.296272727,0.436363636,0.1,0.13,0.5,370001,HILLCREST MEDICAL CENTER
0.606993812,2959,0.405777778,0.888888889,0,0.46,0.3,100253,JUPITER MEDICAL CENTER
0.606996593,4206,0.29,0.4,0,0.3,0.4,100067,ST ANTHONYS HOSPITAL
0.610581911,9441,0.308,0.21,0.1,0.16,0.66,90011,MEDSTAR WASHINGTON HOSPITAL CENTER
0.611992369,5299,0.390818182,0.409090909,0,0.29,0.74,140231,EDWARD HOSPITAL
0.61233865,2710,0.217166667,0.133333333,0.3,0.16,0.275,50121,ADVENTIST MEDICAL CENTER
0.613733742,3673,0.205363636,0.381818182,0,0.19,0.24,180132,LAKE CUMBERLAND REGIONAL HOSPITAL
0.615281176,4197,0.385727273,0.663636364,0.2,0.29,0.42,150035,PORTER REGIONAL HOSPITAL
0.616781424,5272,0.333,0.3,0,0.35,0.56,330045,HUNTINGTON HOSPITAL
0.617681737,3260,0.570545455,0.772727273,0.1,0.66,0.66,390203,DOYLESTOWN HOSPITAL
0.617973032,4289,0.483363636,0.781818182,0,0.41,0.68,100073,HOLY CROSS HOSPITAL INC
0.618268389,3487,0.388090909,0.745454545,0.1,0.35,0.38,240080,"UNIVERSITY OF MINNESOTA  MEDICAL CENTER, FAIRVIEW"
0.619656464,5369,0.273636364,0.618181818,0,0.36,0.14,450462,TEXAS HEALTH PRESBYTERIAN HOSPITAL  DALLAS
0.62098302,8380,0.288090909,0.545454545,0.1,0.25,0.28,100157,LAKELAND REGIONAL MEDICAL CENTER
0.623091637,4634,0.443727273,0.563636364,0.2,0.17,0.8,50057,KAWEAH DELTA MEDICAL CENTER
0.624696797,2213,0.418727273,0.563636364,0,0.46,0.56,360076,ATRIUM MEDICAL CENTER
0.625334113,2470,0.261777778,0.288888889,0,0.08,0.6,100249,SEVEN RIVERS REGIONAL MEDICAL CENTER
0.626721844,4147,0.26,0.6,0.1,0.2,0.2,500039,HARRISON MEMORIAL HOSPITAL
0.627778569,3464,0.330272727,0.336363636,0.1,0.35,0.46,450033,VHS HARLINGEN HOSPITAL COMPANY LLC
0.628530103,3171,0.378,0.8,0.1,0.36,0.3,450324,TEXOMA MEDICAL CENTER
0.629718939,2993,0.271,0.53,0,0.15,0.4,330264,ST LUKE'S CORNWALL HOSPITAL
0.630106434,10495,0.378454545,0.527272727,0,0.47,0.44,10039,HUNTSVILLE HOSPITAL
0.630982753,3711,0.469,0.62,0,0.35,0.8,30093,BANNER DEL E WEBB MEDICAL CENTER
0.63222348,2360,0.144666667,0.033333333,0,0.21,0.25,330107,PECONIC BAY MEDICAL CENTER
0.632968025,6654,0.456181818,0.590909091,0.1,0.62,0.44,420051,MCLEOD REGIONAL MEDICAL CENTER-PEE DEE
0.633317298,4419,0.385,0.4,0.4,0.31,0.44,500024,PROVIDENCE ST PETER HOSPITAL
0.635158703,4158,0.366363636,0.681818182,0.1,0.16,0.54,140180,PRESENCE SAINTS MARY AND ELIZABETH MEDICAL CENTER
0.638286075,3547,0.376909091,0.354545455,0,0.54,0.48,50396,SANTA BARBARA COTTAGE HOSPITAL
0.643091378,4353,0.404727273,0.363636364,0.1,0.24,0.8,100090,FLAGLER HOSPITAL
0.643262458,4130,0.215636364,0.618181818,0.1,0.12,0.12,100022,JACKSON MEMORIAL HOSPITAL
0.644308122,5855,0.484545455,0.772727273,0,0.46,0.64,360051,MIAMI VALLEY HOSPITAL
0.644881846,3122,0.274727273,0.263636364,0,0.3,0.44,70010,BRIDGEPORT HOSPITAL
0.645509785,2543,0.237,0.27,0,0.29,0.32,140251,COMMUNITY FIRST MEDICAL CENTER
0.645730346,4003,0.527818182,0.709090909,0.1,0.66,0.56,170104,SHAWNEE MISSION MEDICAL CENTER
0.647125134,3638,0.346272727,0.636363636,0,0.31,0.42,30087,SCOTTSDALE SHEA MEDICAL CENTER
0.648667319,2454,0.401818182,0.709090909,0.1,0.42,0.38,140224,PRESENCE SAINT JOSEPH HOSPITAL - CHICAGO
0.650835612,4984,0.409909091,0.654545455,0,0.43,0.5,330023,VASSAR BROTHERS MEDICAL CENTER
0.651015583,2227,0.264909091,0.254545455,0.5,0.18,0.2,30055,KINGMAN REGIONAL MEDICAL CENTER
0.651651968,3096,0.467,0.69,0.1,0.63,0.4,70018,GREENWICH HOSPITAL ASSOCIATION
0.652333724,3309,0.450181818,0.590909091,0.1,0.52,0.52,340116,FRYE REGIONAL MEDICAL CENTER
0.65248249,5633,0.530818182,0.709090909,0.1,0.55,0.68,140119,RUSH UNIVERSITY MEDICAL CENTER
0.6531943,4665,0.362111111,0.655555556,0.3,0.32,0.25,500027,SWEDISH MEDICAL CENTER
0.653977069,4656,0.249181818,0.390909091,0,0.31,0.26,100052,WINTER HAVEN HOSPITAL
0.65417934,8720,0.293818182,0.509090909,0,0.34,0.3,150056,INDIANA UNIVERSITY HEALTH
0.65530833,2294,0.3345,0.51,0.3,0.25,0.325,450015,PARKLAND HEALTH AND HOSPITAL SYSTEM
0.656011091,5140,0.369363636,0.781818182,0,0.19,0.52,420085,GRAND STRAND REGIONAL MEDICAL CENTER
0.65755603,2983,0.337,0.65,0,0.39,0.3,70034,NORWALK HOSPITAL ASSOCIATION
0.657993383,2399,0.363,0.69,0,0.33,0.42,440150,TRISTAR SUMMIT MEDICAL CENTER
0.659238312,4776,0.368444444,0.522222222,0,0.46,0.42,70020,MIDDLESEX HOSPITAL
0.659444581,2116,0.223222222,0.111111111,0,0.11,0.56,50390,HEMET VALLEY MEDICAL CENTER
0.659656186,4053,0.344272727,0.536363636,0,0.41,0.38,150017,LUTHERAN HOSPITAL OF INDIANA
0.661167692,6799,0.296909091,0.854545455,0,0.1,0.32,330160,STATEN ISLAND UNIVERSITY HOSPITAL
0.661874091,2613,0.348272727,0.436363636,0,0.33,0.54,370106,INTEGRIS SOUTHWEST MEDICAL CENTER
0.66258243,6846,0.283454545,0.427272727,0,0.32,0.34,50093,SAINT AGNES MEDICAL CENTER
0.664144638,6121,0.329,0.79,0,0.21,0.36,330198,SOUTH NASSAU COMMUNITIES HOSPITAL
0.665938143,5266,0.323363636,0.581818182,0,0.37,0.32,150089,INDIANA UNIVERSITY HEALTH BALL MEMORIAL HOSPITAL
0.666194884,4873,0.369272727,0.436363636,0,0.36,0.58,420073,LEXINGTON MEDICAL CENTER
0.666740361,6873,0.318181818,0.290909091,0.1,0.32,0.48,100088,BAPTIST MEDICAL CENTER
0.666846464,2198,0.327909091,0.754545455,0,0.31,0.28,100046,FLORIDA HOSPITAL ZEPHYRHILLS
0.668787785,4507,0.427727273,0.563636364,0,0.47,0.58,450011,ST JOSEPH REGIONAL HEALTH CENTER
0.668877643,3690,0.350909091,0.454545455,0.1,0.42,0.38,140228,SWEDISH AMERICAN HOSPITAL
0.669485771,2572,0.326454545,0.627272727,0,0.27,0.4,440035,GATEWAY MEDICAL CENTER
0.669526153,2276,0.376090909,0.545454545,0,0.27,0.62,100161,CENTRAL FLORIDA REGIONAL HOSPITAL
0.670616736,2800,0.330454545,0.627272727,0.2,0.17,0.38,30038,SCOTTSDALE OSBORN MEDICAL CENTER
0.673118937,3412,0.251727273,0.463636364,0,0.31,0.22,330043,SOUTHSIDE HOSPITAL
0.673640193,4015,0.307545455,0.472727273,0.3,0.15,0.36,500129,TACOMA GENERAL ALLENMORE HOSPITAL
0.67479531,2456,0.291545455,0.472727273,0.1,0.21,0.38,50099,SAN ANTONIO REGIONAL HOSPITAL
0.675056341,5606,0.451363636,0.681818182,0,0.57,0.48,450431,ST DAVID'S MEDICAL CENTER
0.681130024,2302,0.265,0.29,0,0.33,0.36,110031,SPALDING REGIONAL HOSPITAL
0.682213476,3293,0.280727273,0.563636364,0,0.4,0.16,440156,PARKRIDGE MEDICAL CENTER
0.68295532,5011,0.405,0.7,0.2,0.39,0.36,250040,SINGING RIVER HOSPITAL
0.683911508,2387,0.238,0.2,0,0.28,0.38,450670,TOMBALL REGIONAL MEDICAL CENTER
0.684155755,5465,0.444909091,0.754545455,0,0.4,0.58,390258,ST MARY MEDICAL CENTER
0.685008751,4076,0.506818182,0.809090909,0,0.43,0.72,140030,SHERMAN HOSPITAL
0.686899499,6223,0.270727273,0.363636364,0,0.2,0.46,330393,UNIVERSITY HOSPITAL ( STONY BROOK )
0.687707784,4408,0.458090909,0.745454545,0,0.27,0.76,140117,PRESENCE RESURRECTION MEDICAL CENTER
0.69219625,3303,0.360909091,0.654545455,0.1,0.22,0.48,30085,NORTHWEST MEDICAL CENTER
0.692342421,2153,0.502727273,0.763636364,0.1,0.44,0.66,60009,LUTHERAN MEDICAL CENTER
0.692843251,3244,0.368722222,0.211111111,0.8,0.18,0.375,50030,OROVILLE HOSPITAL
0.693242637,7191,0.389363636,0.581818182,0,0.23,0.68,140007,PRESENCE SAINT JOSEPH MEDICAL CENTER
0.694923901,2308,0.285,0.5,0.1,0.17,0.38,320009,LOVELACE MEDICAL CENTER
0.696480179,2525,0.308,0.5,0.2,0.32,0.24,440185,SKYRIDGE MEDICAL CENTER
0.696583463,3360,0.428454545,0.827272727,0.1,0.19,0.62,50290,PROVIDENCE SAINT JOHN'S HEALTH CENTER
0.696772948,6764,0.291181818,0.390909091,0,0.35,0.36,450102,MOTHER FRANCES HOSPITAL
0.698927656,2256,0.35,0.34,0,0.48,0.46,140211,DELNOR COMMUNITY HOSPITAL
0.70027489,4370,0.434090909,0.745454545,0,0.53,0.42,440161,TRISTAR CENTENNIAL MEDICAL CENTER
0.701165616,4925,0.436909091,0.654545455,0,0.54,0.48,420023,ST FRANCIS-DOWNTOWN
0.701611718,3072,0.370454545,0.727272727,0,0.51,0.24,10103,BAPTIST MEDICAL CENTER-PRINCETON
0.703820945,2130,0.411,0.93,0,0.29,0.46,100030,HEALTH CENTRAL
0.704857311,8516,0.455636364,0.718181818,0,0.62,0.42,310012,VALLEY HOSPITAL
0.705163182,3045,0.439722222,0.811111111,0,0.25,0.675,50024,PARADISE VALLEY HOSPITAL
0.705588902,3787,0.317,0.51,0.1,0.31,0.34,310010,UNIV MEDICAL CENTER OF PRINCETON AT PLAINSBORO
0.708848965,2900,0.327,0.3,0,0.45,0.44,450068,MEMORIAL HERMANN TEXAS MEDICAL CENTER
0.709106347,2418,0.468888889,0.844444444,0,0.56,0.44,330267,NEW YORK-PRESBYTERIAN/HUDSON VALLEY HOSPITAL
0.709916024,3984,0.252545455,0.572727273,0,0.26,0.2,100173,FLORIDA HOSPITAL TAMPA
0.710113704,2262,0.287,0.52,0,0.13,0.48,110192,EASTSIDE MEDICAL CENTER
0.71308947,2851,0.350272727,0.436363636,0.4,0.33,0.28,60020,PARKVIEW MEDICAL CENTER INC
0.714626187,3665,0.338777778,0.688888889,0,0.13,0.54,330104,NYACK HOSPITAL
0.715252063,5547,0.530636364,0.718181818,0,0.41,0.88,140258,ALEXIAN BROTHERS MEDICAL CENTER 1
0.715890026,3969,0.384,0.51,0,0.44,0.5,140290,ST ALEXIUS MEDICAL CENTER
0.716631248,3592,0.293363636,0.581818182,0,0.23,0.36,100035,MANATEE MEMORIAL HOSPITAL
0.716877881,2972,0.294090909,0.445454545,0.2,0.19,0.36,40022,NORTHWEST MEDICAL CENTER-SPRINGDALE
0.718281577,2323,0.438,0.78,0,0.24,0.7,390204,NAZARETH HOSPITAL
0.719080254,2337,0.196909091,0.354545455,0,0.18,0.24,50056,ANTELOPE VALLEY HOSPITAL
0.719482281,4013,0.322272727,0.636363636,0,0.31,0.34,360052,GOOD SAMARITAN HOSPITAL
0.719720562,2270,0.361111111,0.655555556,0.1,0.22,0.48,330332,ST JOSEPH HOSPITAL
0.720206447,3453,0.321181818,0.390909091,0,0.37,0.44,360112,MERCY ST VINCENT MEDICAL CENTER
0.720418791,3614,0.666727273,0.963636364,0.3,0.9,0.48,180044,PIKEVILLE MEDICAL CENTER
0.720763892,2912,0.473454545,0.527272727,0.1,0.4,0.76,450820,METHODIST SUGAR LAND HOSPITAL
0.72313206,4253,0.310363636,0.981818182,0,0.08,0.3,100070,VENICE REGIONAL MEDICAL CENTER - BAYFRONT HEALTH
0.723602798,5937,0.224,0.1,0,0.16,0.52,100044,MARTIN MEDICAL CENTER
0.723640335,4601,0.344363636,0.481818182,0.1,0.22,0.54,390115,ARIA HEALTH
0.724353054,3747,0.272363636,0.581818182,0,0.08,0.44,330158,GOOD SAMARITAN HOSPITAL OF SUFFERN
0.724652519,2639,0.478636364,0.818181818,0,0.31,0.74,450844,METHODIST WILLOWBROOK HOSPITAL
0.725599652,4732,0.423272727,0.736363636,0,0.4,0.52,140202,ADVOCATE CONDELL MEDICAL CENTER
0.726825244,3053,0.415727273,0.863636364,0,0.45,0.36,450809,NORTH AUSTIN MEDICAL CENTER
0.72759957,3317,0.289545455,0.372727273,0.4,0.19,0.26,260119,POPLAR BLUFF REGIONAL MEDICAL CENTER
0.728100106,5380,0.536,0.81,0.1,0.6,0.58,330126,ORANGE REGIONAL MEDICAL CENTER
0.729648978,5028,0.212818182,0.509090909,0,0.27,0.1,50060,COMMUNITY REGIONAL MEDICAL CENTER
0.730312004,2560,0.213681818,0.490909091,0,0.16,0.225,370093,O U MEDICAL CENTER
0.730805791,4004,0.486555556,0.677777778,0,0.47,0.7,330185,JOHN T MATHER MEMORIAL HOSPITAL  OF PORT JEFFERSON
0.731008166,4700,0.398909091,0.254545455,0,0.54,0.62,360068,TOLEDO HOSPITAL THE
0.734158499,3062,0.173545455,0.372727273,0,0.13,0.2,100092,WUESTHOFF MEDICAL CENTER  ROCKLEDGE
0.734589928,4535,0.407727273,0.463636364,0,0.47,0.58,140200,ELMHURST MEMORIAL HOSPITAL
0.735512404,5553,0.321909091,0.654545455,0.1,0.09,0.48,330046,ST LUKE'S ROOSEVELT HOSPITAL
0.737460323,2621,0.293818182,0.809090909,0,0.22,0.22,100254,CAPITAL REGIONAL MEDICAL CENTER
0.739689102,4979,0.462909091,0.654545455,0.1,0.62,0.42,170040,UNIVERSITY OF KANSAS HOSPITAL
0.740849972,4837,0.353090909,0.445454545,0,0.62,0.26,420018,PALMETTO HEALTH RICHLAND
0.740882895,4999,0.412454545,0.427272727,0,0.49,0.6,370028,INTEGRIS BAPTIST MEDICAL CENTER
0.741037486,4804,0.43,0.47,0.3,0.36,0.56,500079,MULTICARE GOOD SAMARITAN HOSPITAL
0.741222738,2980,0.397363636,0.481818182,0.2,0.29,0.58,50603,SADDLEBACK MEMORIAL MEDICAL CENTER
0.742891877,4056,0.378363636,0.781818182,0,0.48,0.26,450713,ST DAVID'S SOUTH AUSTIN MEDICAL CENTER
0.742997642,6263,0.334363636,0.281818182,0.1,0.26,0.6,450046,CHRISTUS SPOHN HOSPITAL CORPUS CHRISTI
0.743918369,3142,0.429818182,0.709090909,0,0.46,0.5,100176,PALM BEACH GARDENS MEDICAL CENTER
0.744050302,7276,0.352909091,0.354545455,0,0.12,0.82,330194,MAIMONIDES MEDICAL CENTER
0.746433644,4524,0.265818182,0.309090909,0,0.22,0.46,100002,BETHESDA HOSPITAL EAST
0.746471992,11046,0.343727273,0.563636364,0,0.31,0.46,450058,BAPTIST MEDICAL CENTER
0.747606658,2318,0.351909091,0.454545455,0,0.25,0.62,140080,PRESENCE SAINT FRANCIS HOSPITAL
0.749301106,2585,0.301909091,0.454545455,0.2,0.35,0.22,50128,TRI-CITY MEDICAL CENTER
0.750947786,2239,0.267111111,0.155555556,0.1,0.22,0.5,90004,MEDSTAR GEORGETOWN UNIVERSITY HOSPITAL
0.751508755,3760,0.314818182,0.409090909,0.1,0.29,0.42,500108,ST JOSEPH MEDICAL CENTER
0.753730807,5514,0.337363636,0.381818182,0,0.47,0.4,450193,CHI ST LUKE'S HEALTH BAYLOR COLLEGE OF MEDICINE ME
0.754193626,4648,0.236727273,0.763636364,0,0.14,0.14,100213,BLAKE MEDICAL CENTER
0.754561121,6616,0.437,0.7,0,0.49,0.5,220110,BRIGHAM AND WOMEN'S HOSPITAL
0.757157358,3220,0.304727273,0.563636364,0,0.32,0.32,390142,ALBERT EINSTEIN MEDICAL CENTER
0.758288655,3862,0.368454545,0.327272727,0.6,0.11,0.5,50133,RIDEOUT MEMORIAL HOSPITAL
0.758673786,2811,0.2895,0.54,0,0.28,0.325,440006,TRISTAR SKYLINE MEDICAL CENTER
0.759474238,3660,0.305545455,0.572727273,0.1,0.23,0.34,50485,LONG BEACH MEMORIAL MEDICAL CENTER
0.759706711,2787,0.384818182,0.609090909,0.1,0.29,0.52,30036,CHANDLER REGIONAL MEDICAL CENTER
0.760680085,9693,0.460727273,0.563636364,0,0.58,0.58,220071,MASSACHUSETTS GENERAL HOSPITAL
0.760996703,2464,0.251727273,0.563636364,0.2,0.13,0.2,90001,GEORGE WASHINGTON UNIV HOSPITAL
0.761129038,9992,0.312181818,0.690909091,0,0.18,0.4,330169,BETH ISRAEL MEDICAL CENTER
0.762690087,5586,0.433818182,0.909090909,0,0.24,0.6,170123,WESLEY MEDICAL CENTER
0.764679746,4203,0.343,0.53,0,0.17,0.62,310008,HOLY NAME MEDICAL CENTER
0.766291654,2116,0.290888889,0.144444444,0,0.24,0.633333333,450389,EAST TEXAS MEDICAL CENTER ATHENS
0.767846589,3512,0.307090909,0.345454545,0.2,0.36,0.3,60024,UNIVERSITY OF COLORADO HOSPITAL ANSCHUTZ INPATIENT
0.769251195,3760,0.343636364,0.218181818,0,0.36,0.64,390263,LEHIGH VALLEY HOSPITAL - MUHLENBERG
0.769842484,4134,0.343,0.42,0.2,0.35,0.38,50309,SUTTER ROSEVILLE MEDICAL CENTER
0.770422886,5409,0.484272727,0.336363636,0,0.61,0.78,330182,"ST FRANCIS HOSPITAL, ROSLYN"
0.771627964,2164,0.37,0.83,0,0.42,0.26,110005,NORTHSIDE HOSPITAL FORSYTH
0.772225026,3965,0.454777778,0.488888889,0,0.57,0.62,310111,CENTRASTATE MEDICAL CENTER
0.772450546,2522,0.395,0.64,0,0.23,0.66,100166,DOCTORS HOSPITAL OF SARASOTA
0.772687277,2352,0.318454545,0.227272727,0.3,0.17,0.54,50300,ST MARY MEDICAL CENTER
0.774271583,8384,0.415454545,0.427272727,0,0.46,0.64,450358,"METHODIST HOSPITAL,THE"
0.779328954,3033,0.427,0.62,0,0.39,0.62,50112,SANTA MONICA - UCLA MED CTR & ORTHOPAEDIC HOSPITAL
0.779913326,2133,0.310090909,0.245454545,0,0.33,0.54,450211,MEMORIAL MEDICAL CENTER OF EAST TEXAS
0.780598282,3896,0.359909091,0.854545455,0,0.29,0.34,190026,RAPIDES REGIONAL MEDICAL CENTER
0.78285459,2813,0.453454545,0.527272727,0.6,0.32,0.44,20001,PROVIDENCE ALASKA MEDICAL CENTER
0.783539041,2382,0.488333333,0.866666667,0,0.49,0.56,440189,REGIONAL HOSPITAL OF JACKSON
0.785012557,7859,0.207,0.3,0,0.23,0.26,100006,ORLANDO HEALTH
0.787435717,2250,0.320090909,0.645454545,0.1,0.45,0.12,140029,COPLEY MEMORIAL HOSPITAL
0.787526179,2292,0.257,0.4,0,0.23,0.36,450638,HOUSTON NORTHWEST MEDICAL CENTER
0.789700128,3380,0.419090909,0.745454545,0,0.44,0.46,390195,MAIN LINE HOSPITAL LANKENAU
0.790426572,2332,0.382818182,0.609090909,0,0.45,0.42,50069,ST JOSEPH HOSPITAL
0.790689271,3133,0.370818182,0.809090909,0.1,0.27,0.36,140084,VISTA MEDICAL CENTER EAST
0.790736093,3713,0.339,0.3,0,0.21,0.72,330401,ST CATHERINE OF SIENA HOSPITAL
0.790946893,2648,0.332181818,0.390909091,0.1,0.3,0.48,50168,ST JUDE MEDICAL CENTER
0.791042731,3895,0.425454545,0.627272727,0,0.48,0.52,390139,MAIN LINE HOSPITAL BRYN MAWR CAMPUS
0.792989999,5528,0.384181818,0.390909091,0,0.64,0.38,140242,CENTRAL DUPAGE HOSPITAL
0.795170128,8860,0.364727273,0.563636364,0,0.4,0.44,390133,LEHIGH VALLEY HOSPITAL
0.796173018,4256,0.315,0.45,0,0.31,0.44,310050,SAINT CLARE'S HOSPITAL
0.796256495,5817,0.380545455,0.672727273,0,0.24,0.58,420079,TRIDENT MEDICAL CENTER
0.796493175,5245,0.317636364,0.218181818,0.2,0.16,0.62,330119,LENOX HILL HOSPITAL
0.796595611,2692,0.419545455,0.472727273,0.5,0.51,0.24,50007,MILLS-PENINSULA MEDICAL CENTER
0.79704261,3823,0.431181818,0.790909091,0,0.25,0.66,100034,MOUNT SINAI MEDICAL CENTER
0.797938672,4190,0.420818182,0.909090909,0.1,0.33,0.4,100231,WEST FLORIDA HOSPITAL
0.800148908,4457,0.228090909,0.345454545,0,0.37,0.16,450056,SETON MEDICAL CENTER AUSTIN
0.800206341,2241,0.309,0.78,0,0.27,0.24,390223,PENN PRESBYTERIAN MEDICAL CENTER
0.800215142,3056,0.406454545,0.727272727,0,0.51,0.36,390153,MAIN LINE HOSPITAL PAOLI
0.800301432,2914,0.346090909,0.445454545,0.1,0.37,0.42,50115,PALOMAR HEALTH DOWNTOWN CAMPUS
0.802668869,5131,0.391909091,0.654545455,0,0.51,0.36,390006,GEISINGER MEDICAL CENTER
0.803018317,3250,0.513,0.9,0,0.49,0.62,310054,HACKENSACK-UMC MOUNTAINSIDE
0.806526545,2532,0.241,0.5,0,0.21,0.26,50455,SAN JOAQUIN COMMUNITY HOSPITAL
0.807459352,4830,0.347545455,0.472727273,0.2,0.43,0.28,50039,ENLOE MEDICAL CENTER
0.807876793,3574,0.488454545,0.927272727,0,0.47,0.54,100038,MEMORIAL REGIONAL HOSPITAL
0.808003528,5442,0.452181818,0.790909091,0,0.44,0.54,420027,ANMED HEALTH
0.808217563,5809,0.363181818,0.690909091,0,0.27,0.48,390049,ST LUKE'S HOSPITAL BETHLEHEM
0.808869616,3384,0.462909091,0.654545455,0.1,0.26,0.78,140114,SWEDISH COVENANT HOSPITAL
0.81084853,3776,0.200818182,0.409090909,0.1,0.13,0.2,50280,MERCY MEDICAL CENTER REDDING
0.811932174,6536,0.381636364,0.618181818,0,0.3,0.56,390231,ABINGTON MEMORIAL HOSPITAL
0.811990063,2847,0.376363636,0.681818182,0,0.3,0.5,60100,"MEDICAL CENTER OF AURORA, THE"
0.813003001,2482,0.385818182,0.609090909,0,0.52,0.36,450424,HOUSTON METHODIST SAN JACINTO HOSPITAL
0.817785663,2934,0.379,0.56,0,0.51,0.38,10131,CRESTWOOD MEDICAL CENTER
0.819270579,3092,0.236818182,0.209090909,0,0.19,0.46,100077,BAYFRONT HEALTH PORT CHARLOTTE
0.820767496,2851,0.360545455,0.772727273,0.1,0.22,0.4,50764,SHASTA REGIONAL MEDICAL CENTER
0.821076136,5838,0.460909091,0.354545455,0,0.44,0.86,330195,LONG ISLAND JEWISH MEDICAL CENTER
0.823087324,4644,0.332,0.58,0,0.12,0.6,330286,GOOD SAMARITAN HOSPITAL MEDICAL CENTER
0.82470733,3833,0.433727273,0.563636364,0,0.29,0.78,50238,METHODIST HOSPITAL OF SOUTHERN CA
0.825443562,3021,0.413272727,0.536363636,0.3,0.46,0.36,50107,MARIAN REGIONAL MEDICAL CENTER
0.825686504,9506,0.321,0.63,0,0.21,0.44,310041,COMMUNITY MEDICAL CENTER
0.826667597,3261,0.239545455,0.372727273,0,0.33,0.22,290045,ST ROSE DOMINICAN HOSPITALS - SIENA CAMPUS
0.828098266,3003,0.313363636,0.681818182,0,0.29,0.3,450788,"CORPUS CHRISTI MEDICAL CENTER,THE"
0.829102743,2102,0.333318182,0.609090909,0,0.23,0.475,390226,PENNSYLVANIA HOSP OF THE UNIV OF PA HEALTH SYS
0.831558175,2376,0.367,0.7,0.1,0.33,0.36,260027,RESEARCH MEDICAL CENTER
0.832917202,5651,0.431454545,0.927272727,0,0.18,0.64,100258,DELRAY MEDICAL CENTER
0.833462364,3006,0.420272727,0.736363636,0,0.33,0.58,440183,ST FRANCIS HOSPITAL
0.835339656,3535,0.458,0.84,0.1,0.38,0.52,310017,CHILTON MEDICAL CENTER
0.835745094,4644,0.403818182,0.909090909,0,0.5,0.24,100008,BAPTIST HOSPITAL OF MIAMI INC
0.836189139,2916,0.358727273,0.863636364,0,0.3,0.32,50334,SALINAS VALLEY MEMORIAL HOSPITAL
0.836253074,6939,0.449,0.7,0,0.39,0.64,390174,THOMAS JEFFERSON UNIVERSITY HOSPITAL
0.837609968,2296,0.304,0.59,0,0.26,0.36,390097,HOLY REDEEMER HOSPITAL AND MEDICAL CENTER
0.839295996,3443,0.223909091,0.254545455,0.1,0.35,0.16,50567,MISSION HOSPITAL REGIONAL MED CENTER
0.839402587,5305,0.38,0.7,0,0.28,0.52,50026,GROSSMONT HOSPITAL
0.84044721,3025,0.359636364,0.618181818,0.1,0.16,0.56,100187,PALMETTO GENERAL HOSPITAL
0.841661478,3990,0.345,0.81,0,0.17,0.44,310009,CLARA MAASS MEDICAL CENTER
0.842647398,4416,0.409545455,0.372727273,0.4,0.25,0.6,50516,MERCY SAN JUAN MEDICAL CENTER
0.843912089,3377,0.304333333,0.816666667,0,0.19,0.28,450029,LAREDO MEDICAL CENTER
0.843952386,4354,0.518909091,0.754545455,0.1,0.32,0.84,330214,NYU HOSPITALS CENTER
0.847078832,4727,0.447,0.78,0,0.23,0.74,50739,CENTINELA HOSPITAL MEDICAL CENTER
0.847781333,2508,0.449363636,0.581818182,0.3,0.35,0.56,50017,MERCY GENERAL HOSPITAL
0.847829041,4709,0.505181818,0.790909091,0.1,0.27,0.82,100131,AVENTURA HOSPITAL AND MEDICAL CENTER
0.848619131,2481,0.471,0.93,0,0.33,0.62,100281,MEMORIAL HOSPITAL WEST
0.84885524,4613,0.314181818,0.490909091,0,0.26,0.46,100009,UNIVERSITY OF MIAMI HOSPITAL
0.849836675,2958,0.362444444,0.522222222,0.3,0.2,0.46,50444,MERCY MEDICAL CENTER
0.850472895,2253,0.471454545,0.827272727,0,0.44,0.58,50324,SCRIPPS MEMORIAL HOSPITAL LA JOLLA
0.850676137,2811,0.336818182,0.809090909,0.2,0.15,0.3,450097,BAYSHORE MEDICAL CENTER
0.850920692,2312,0.139666667,0.233333333,0,0.25,0.06,310113,SOUTHERN OCEAN MEDICAL CENTER
0.853940043,3529,0.270272727,0.436363636,0,0.27,0.34,140088,THE UNIVERSITY OF CHICAGO MEDICAL CENTER
0.854452013,6109,0.359727273,0.463636364,0,0.17,0.72,330167,WINTHROP-UNIVERSITY HOSPITAL
0.855040082,5103,0.282222222,0.211111111,0,0.14,0.66,330141,BROOKHAVEN MEMORIAL HOSPITAL MEDICAL CENTER
0.855766787,3722,0.281909091,0.754545455,0.1,0.15,0.22,100256,REGIONAL MEDICAL CENTER BAYONET POINT
0.856970207,10075,0.369727273,0.363636364,0,0.43,0.56,330106,NORTH SHORE UNIVERSITY HOSPITAL
0.858642164,4112,0.304454545,0.727272727,0,0.13,0.4,100243,BRANDON REGIONAL HOSPITAL
0.858701649,5101,0.286,0.56,0,0.28,0.3,310052,OCEAN MEDICAL CENTER
0.85898955,2819,0.233181818,0.390909091,0.1,0.19,0.26,50327,LOMA LINDA UNIVERSITY MEDICAL CENTER
0.859214984,2183,0.298,0.5,0,0.16,0.5,50082,ST JOHNS REGIONAL MEDICAL CENTER
0.860518923,5691,0.317181818,0.490909091,0,0.39,0.34,100128,TAMPA GENERAL HOSPITAL
0.861682782,3107,0.361909091,0.654545455,0,0.25,0.52,390156,MERCY FITZGERALD HOSPITAL
0.862257608,2539,0.197454545,0.627272727,0,0.16,0.08,310006,ST MARY'S GENERAL HOSPITAL
0.862389694,3645,0.312272727,0.736363636,0,0.37,0.18,310014,COOPER UNIVERSITY HOSPITAL
0.862794227,2393,0.378363636,0.681818182,0.1,0.26,0.48,50262,RONALD REAGAN U C L A MEDICAL CENTER
0.862940737,3116,0.44,0.54,0.1,0.54,0.5,390222,RIDDLE MEMORIAL HOSPITAL
0.864276789,10630,0.317818182,0.109090909,0.1,0.2,0.72,330059,MONTEFIORE MEDICAL CENTER
0.864782464,3025,0.259,0.5,0,0.11,0.42,370094,MIDWEST REGIONAL MEDICAL CENTER
0.86571758,4081,0.476,0.67,0,0.48,0.66,420091,CAROLINAS HOSPITAL SYSTEM
0.865829551,5409,0.498545455,0.872727273,0,0.36,0.72,490118,HENRICO DOCTORS' HOSPITAL
0.866625961,4393,0.441090909,0.645454545,0.3,0.28,0.56,50108,SUTTER GENERAL HOSPITAL
0.868634938,4710,0.300909091,0.754545455,0,0.18,0.32,100248,LARGO MEDICAL CENTER
0.868695073,2366,0.323333333,0.566666667,0,0.26,0.44,50488,EDEN MEDICAL CENTER
0.869165642,4837,0.259636364,0.518181818,0,0.16,0.36,50077,SCRIPPS MERCY HOSPITAL
0.872522349,2668,0.355,0.71,0,0.19,0.52,100242,GULF COAST REGIONAL MEDICAL CENTER
0.873294548,2540,0.451818182,0.909090909,0,0.62,0.28,10104,TRINITY MEDICAL CENTER
0.874311585,2629,0.325777778,0.788888889,0,0.14,0.42,100259,SOUTH BAY HOSPITAL
0.874446231,4321,0.324181818,0.590909091,0.1,0.16,0.46,100029,NORTH SHORE MEDICAL CENTER
0.874452145,3162,0.494818182,0.609090909,0.5,0.13,0.78,50047,CALIFORNIA PACIFIC MEDICAL CTR-PACIFIC CAMPUS HOSP
0.875714113,5158,0.388272727,0.636363636,0,0.31,0.56,310076,SAINT BARNABAS MEDICAL CENTER
0.876038654,2784,0.375272727,0.736363636,0,0.26,0.5,450711,RIO GRANDE REGIONAL HOSPITAL
0.877314498,2863,0.382777778,0.788888889,0,0.17,0.58,310084,MONMOUTH MEDICAL CENTER-SOUTHERN CAMPUS
0.878203237,3366,0.270363636,0.481818182,0,0.28,0.3,450672,PLAZA MEDICAL CENTER OF FORT WORTH
0.878383848,5004,0.271363636,0.681818182,0,0.15,0.3,100179,MEMORIAL HOSPITAL JACKSONVILLE
0.879084816,2255,0.308181818,0.790909091,0,0.22,0.28,100209,KENDALL REGIONAL MEDICAL CENTER
0.879519242,8520,0.461454545,0.927272727,0,0.18,0.74,100204,NORTH FLORIDA REGIONAL MEDICAL CENTER
0.880767636,2943,0.397090909,0.545454545,0,0.32,0.64,450634,DENTON REGIONAL MEDICAL CENTER
0.880823462,3189,0.344545455,0.372727273,0,0.08,0.82,50043,ALTA BATES SUMMIT MEDICAL CENTER
0.882364823,3494,0.375666667,0.533333333,0.1,0.37,0.46,310047,SHORE MEDICAL CENTER
0.882598331,3171,0.390181818,0.690909091,0,0.46,0.38,50353,PROVIDENCE LITTLE COMPANY OF MARY MED CTR TORRANCE
0.88337656,3208,0.365,0.41,0.2,0.19,0.62,100286,PHYSICIANS REGIONAL MEDICAL CENTER - PINE RIDGE
0.883530258,3224,0.409727273,0.863636364,0,0.21,0.58,450222,CONROE REGIONAL MEDICAL CENTER
0.883955863,2812,0.313181818,0.490909091,0.1,0.17,0.48,450775,KINGWOOD MEDICAL CENTER
0.884346398,3326,0.267,0.54,0,0.19,0.34,310034,RIVERVIEW MEDICAL CENTER
0.885248453,4368,0.269555556,0.777777778,0,0.18,0.2,310032,INSPIRA MEDICAL CENTER VINELAND
0.886077584,4143,0.389,0.46,0,0.35,0.64,490067,SOUTHSIDE REGIONAL MEDICAL CENTER
0.886838892,3446,0.382545455,0.472727273,0,0.3,0.66,450119,SOUTH TEXAS HEALTH SYSTEM
0.887026115,4470,0.484181818,0.890909091,0,0.24,0.78,100236,FAWCETT MEMORIAL HOSPITAL
0.887445385,4738,0.414636364,0.818181818,0.1,0.25,0.52,100264,OAK HILL HOSPITAL
0.888051717,6528,0.407363636,0.281818182,0,0.51,0.66,450040,COVENANT MEDICAL CENTER
0.888452578,6044,0.381454545,0.827272727,0,0.2,0.52,450083,EAST TEXAS MEDICAL CENTER
0.888752536,3161,0.521181818,0.690909091,0.1,0.67,0.54,50100,SHARP MEMORIAL HOSPITAL
0.888903534,3483,0.453090909,0.645454545,0,0.18,0.9,100167,PLANTATION GENERAL HOSPITAL
0.889058481,2323,0.379272727,0.836363636,0.1,0.16,0.48,100228,WESTSIDE REGIONAL MEDICAL CENTER
0.889576898,7474,0.290818182,0.809090909,0,0.23,0.2,490112,CJW MEDICAL CENTER
0.890089413,2837,0.289,0.56,0,0.23,0.36,310075,MONMOUTH MEDICAL CENTER
0.890694075,4259,0.379333333,0.966666667,0,0.18,0.44,100260,ST LUCIE MEDICAL CENTER
0.891202936,3713,0.326545455,0.672727273,0,0.14,0.5,100110,OSCEOLA REGIONAL MEDICAL CENTER
0.891446086,2476,0.390222222,0.511111111,0,0.3,0.66,310112,BAYSHORE COMMUNITY HOSPITAL
0.891577298,6214,0.440363636,0.581818182,0,0.24,0.84,450617,CLEAR LAKE REGIONAL MEDICAL CENTER
0.893031259,2538,0.182666667,0.433333333,0,0.2,0.12,310003,PALISADES MEDICAL CENTER
0.894469996,3617,0.410636364,0.618181818,0.1,0.21,0.68,310029,OUR LADY OF LOURDES MEDICAL CENTER
0.894745346,6582,0.267545455,0.572727273,0,0.13,0.38,310019,ST JOSEPH'S REGIONAL MEDICAL CENTER
0.895113673,3610,0.368181818,0.690909091,0.1,0.32,0.38,450651,MEDICAL CENTER OF PLANO
0.896647586,2304,0.284333333,0.766666667,0.1,0.15,0.22,390123,POTTSTOWN MEMORIAL MEDICAL CENTER
0.89731688,2245,0.395454545,0.827272727,0.1,0.18,0.52,100238,NORTHSIDE HOSPITAL
0.900420319,8507,0.444777778,0.588888889,0,0.29,0.8,310086,KENNEDY UNIVERSITY HOSPITAL - STRATFORD DIV
0.90090107,2740,0.429454545,0.527272727,0,0.56,0.52,390162,EASTON HOSPITAL
0.901031022,4599,0.359,0.64,0,0.15,0.62,310057,VIRTUA MEMORIAL HOSPITAL OF BURLINGTON COUNTY
0.90127934,2239,0.176,0.03,0.1,0.12,0.38,100137,HEART OF FLORIDA REGIONAL MEDICAL CENTER
0.901951031,2959,0.461363636,0.581818182,0.3,0.45,0.5,50145,COMMUNITY HOSPITAL OF THE MONTEREY PENINSULA
0.903289437,3106,0.439727273,0.863636364,0,0.25,0.64,100223,FORT WALTON BEACH MEDICAL CENTER
0.903470709,3939,0.397363636,0.581818182,0.1,0.47,0.4,10139,BROOKWOOD MEDICAL CENTER
0.905665984,3928,0.358454545,0.727272727,0,0.11,0.6,290003,SUNRISE HOSPITAL AND MEDICAL CENTER
0.90686164,3254,0.385,0.95,0,0.33,0.32,100191,MEDICAL CENTER OF TRINITY
0.907231263,2504,0.461,0.43,0,0.25,1,50502,SAINT VINCENT MEDICAL CENTER
0.907302854,7829,0.464818182,0.809090909,0,0.31,0.7,390164,UPMC PRESBYTERIAN SHADYSIDE
0.908000263,4660,0.335090909,0.745454545,0,0.22,0.4,450107,LAS PALMAS MEDICAL CENTER
0.909185436,2358,0.216181818,0.390909091,0,0.24,0.22,50471,GOOD SAMARITAN HOSPITAL
0.909383882,3655,0.399090909,0.945454545,0,0.14,0.56,100246,LAWNWOOD REGIONAL MEDICAL CENTER & HEART INSTITUTE
0.909384122,2104,0.254772727,0.336363636,0,0.15,0.475,10046,RIVERVIEW REGIONAL MEDICAL CENTER
0.909394601,2139,0.220909091,0.354545455,0,0.24,0.26,450668,SIERRA MEDICAL CENTER
0.910146083,4247,0.338636364,0.418181818,0,0.19,0.66,310045,ENGLEWOOD HOSPITAL AND MEDICAL CENTER
0.910907841,3871,0.363727273,0.863636364,0.1,0.31,0.26,50557,MEMORIAL  MEDICAL CENTER
0.911199976,9901,0.471,0.69,0,0.53,0.58,310022,VIRTUA WEST JERSEY HOSPITALS BERLIN
0.91531727,3389,0.366272727,0.736363636,0,0.43,0.3,450647,MEDICAL CITY DALLAS HOSPITAL
0.916324639,2498,0.380272727,0.836363636,0,0.43,0.28,670024,NORTH CYPRESS MEDICAL CENTER
0.918133709,4137,0.488454545,0.627272727,0,0.49,0.72,50239,GLENDALE ADVENTIST MEDICAL CENTER
0.920177581,7510,0.366181818,0.390909091,0,0.42,0.54,310001,HACKENSACK UNIVERSITY MEDICAL CENTER
0.921310479,2153,0.459,0.5,0.1,0.47,0.66,50103,WHITE MEMORIAL MEDICAL CENTER
0.923103477,2649,0.341545455,0.972727273,0,0.31,0.18,450675,MEDICAL CENTER OF ARLINGTON
0.925085019,3423,0.247,0.35,0,0.31,0.28,310110,ROBERT WOOD JOHNSON UNIVERSITY HOSPITAL HAMILTON
0.925319713,4364,0.285636364,0.818181818,0.1,0.16,0.18,290039,MOUNTAINVIEW HOSPITAL
0.925613707,2117,0.455777778,0.688888889,0,0.26,0.8,100122,NORTH OKALOOSA MEDICAL CENTER
0.926840528,2596,0.459909091,0.554545455,0.2,0.41,0.62,50222,SHARP CHULA VISTA MEDICAL CENTER
0.92775732,6062,0.480272727,0.536363636,0.2,0.27,0.84,50573,EISENHOWER MEDICAL CENTER
0.927951776,3175,0.210545455,0.572727273,0,0.12,0.2,310002,NEWARK BETH ISRAEL MEDICAL CENTER
0.931480555,2479,0.280545455,0.472727273,0,0.24,0.38,50116,NORTHRIDGE HOSPITAL MEDICAL CENTER
0.932150666,3518,0.503909091,0.754545455,0.1,0.37,0.74,50308,EL CAMINO HOSPITAL
0.933030681,2797,0.290333333,0.566666667,0,0.19,0.4,310028,NEWTON MEDICAL CENTER
0.93361041,3642,0.27,0.6,0,0.12,0.38,50084,ST JOSEPHS MEDICAL CENTER OF STOCKTON
0.934124853,2689,0.365727273,0.163636364,0,0.67,0.44,190015,"NORTH OAKS MEDICAL CENTER, L L C"
0.934427471,3189,0.273272727,0.236363636,0.2,0.14,0.48,50174,SANTA ROSA MEMORIAL HOSPITAL
0.935263508,2892,0.242727273,0.763636364,0,0.1,0.2,50022,RIVERSIDE COMMUNITY HOSPITAL
0.935466461,3475,0.295,0.68,0,0.27,0.26,310081,INSPIRA MEDICAL CENTER WOODBURY
0.935626437,2407,0.245727273,0.363636364,0.1,0.11,0.4,50570,FOUNTAIN VALLEY REGIONAL HOSPITAL & MEDICAL CENTER
0.937436086,2310,0.150545455,0.272727273,0,0.16,0.16,290021,VALLEY HOSPITAL MEDICAL CENTER
0.940325758,4765,0.427,1,0.1,0.25,0.44,100226,ORANGE PARK MEDICAL CENTER
0.942139166,3706,0.281,0.3,0.1,0.29,0.38,10040,GADSDEN REGIONAL MEDICAL CENTER
0.943680933,3914,0.421954545,0.827272727,0,0.48,0.375,390111,HOSPITAL OF UNIV OF PENNSYLVANIA
0.944116345,2269,0.24,0.23,0.1,0.08,0.5,100071,BAYFRONT HEALTH BROOKSVILLE
0.945526127,2466,0.237909091,0.354545455,0.1,0.23,0.26,290041,SUMMERLIN HOSPITAL MEDICAL CENTER
0.94630572,3731,0.326545455,0.372727273,0,0.12,0.72,50761,PROVIDENCE TARZANA MEDICAL CENTER
0.947521906,2397,0.440454545,0.627272727,0,0.41,0.64,50153,O'CONNOR HOSPITAL
0.950502445,3763,0.169,0.29,0,0.15,0.22,310039,RARITAN BAY MEDICAL CENTER
0.951266767,7690,0.362272727,0.536363636,0,0.33,0.52,310064,ATLANTICARE REGIONAL MEDICAL CENTER - CITY DIV
0.951861522,2754,0.497,0.5,0.2,0.51,0.68,50169,PRESBYTERIAN INTERCOMMUNITY HOSPITAL
0.952751605,3910,0.433090909,0.845454545,0,0.2,0.68,50549,LOS ROBLES HOSPITAL & MEDICAL CENTER
0.954529023,3054,0.323727273,0.763636364,0,0.07,0.5,50242,DOMINICAN HOSPITAL
0.956750169,6350,0.264818182,0.709090909,0,0.21,0.2,310038,ROBERT WOOD JOHNSON UNIVERSITY HOSPITAL
0.958000918,2255,0.405666667,0.633333333,0,0.28,0.65,50742,OLYMPIA MEDICAL CENTER
0.960813961,2634,0.271636364,0.818181818,0,0.1,0.26,50360,MARIN GENERAL HOSPITAL
0.961043986,4426,0.354,0.57,0,0.32,0.48,310048,ROBERT WOOD JOHNSON UNIVERSITY HOSPITAL SOMERSET
0.961168069,2194,0.439,0.55,0.4,0.35,0.48,30101,WESTERN ARIZONA REGIONAL MEDICAL CENTER
0.964568643,2303,0.292,0.46,0.1,0.28,0.32,310024,ROBERT WOOD JOHNSON UNIVERSITY HOSPITAL AT RAHWAY
0.965228665,2356,0.262636364,0.418181818,0.1,0.09,0.44,50179,EMANUEL MEDICAL CENTER
0.966816447,3848,0.391272727,0.636363636,0,0.34,0.54,50235,PROVIDENCE SAINT JOSEPH MEDICAL CTR
0.967016044,2765,0.346,0.56,0,0.42,0.36,310070,SAINT PETER'S UNIVERSITY HOSPITAL
0.971416335,2187,0.301818182,0.609090909,0,0.08,0.52,50481,WEST HILLS HOSPITAL & MEDICAL CENTER
0.973487938,4509,0.317909091,0.354545455,0.2,0.23,0.46,50599,UNIVERSITY OF CALIFORNIA DAVIS MEDICAL CENTER
0.980708038,2500,0.455954545,0.727272727,0,0.31,0.725,390027,TEMPLE UNIVERSITY HOSPITAL
0.980725371,2953,0.252727273,0.663636364,0,0.12,0.28,50380,GOOD SAMARITAN HOSPITAL
0.98109023,2400,0.421090909,0.645454545,0.2,0.46,0.38,50496,JOHN MUIR MEDICAL CENTER - CONCORD CAMPUS
0.984155826,3722,0.341,0.66,0.1,0.33,0.3,50180,JOHN MUIR MEDICAL CENTER - WALNUT CREEK CAMPUS
0.985435996,10337,0.470363636,0.581818182,0,0.4,0.78,50625,CEDARS-SINAI MEDICAL CENTER
0.986095803,2155,0.2825,0.58,0,0.28,0.275,310044,CAPITAL HEALTH MEDICAL CENTER - HOPEWELL
0.988349613,4180,0.259090909,0.545454545,0,0.14,0.36,390180,CROZER CHESTER MEDICAL CENTER
0.989563155,2582,0.342636364,0.718181818,0.2,0.25,0.28,50464,DOCTORS MEDICAL CENTER
0.991287355,4124,0.430454545,0.627272727,0.1,0.49,0.46,50441,STANFORD HOSPITAL
0.991807127,3310,0.271545455,0.372727273,0.1,0.11,0.48,50125,REGIONAL MEDICAL CENTER OF SAN JOSE
0.994098006,3380,0.273909091,0.554545455,0.2,0.27,0.14,50195,WASHINGTON HOSPITAL
